instance,algorithm,family,series,customer_count,seed,coordinate_scale,analysis,parameter_value,parameter_unit,baseline_value,result_source,iterations,initial_feasible,initial_objective,best_feasible,best_cost,runtime,cpu_sec,initialization_sec,initialization_cpu_sec,optimizer_setup_sec,optimizer_setup_cpu_sec,total_sec,total_cpu_sec,fixed_cost,transport_cost,waiting_cost,tardiness_cost,carbon_cost,truck_distance,drone_distance,carbon_emissions_kg,number_of_drones_used,number_of_sorties,drone_customer_count,truck_customer_count,customers_per_sortie,late_customers,total_tardiness,best_updates,last_update_iter,final_polish_sec,final_polish_cpu_sec,pre_final_cost,search_before_final_sec,cost_reconciliation_error,truck_route,drone_routes,sensitive_customer_count,sensitive_customer_ids,sensitive_customer_values,sensitive_drone_customer_count,sensitive_drone_customer_ids,exposure_binding_tolerance_hour,binding_sensitive_customer_count,constraint_effective_rate_all_sensitive,binding_rate_among_drone_sensitive,average_remaining_exposure_time_hour,minimum_remaining_exposure_time_hour,sensitive_drone_exposure_records,relative_cost_change,algorithm_source_sha256,input_sha256,model_config_sha256
c101改10.xlsx,IALNS-final-frozen-20261002,C,101,10,104729,0.6,,,,,main_fixed8_full_ialns,4500,True,281.136233989211,True,240.34873458171506,6.286830299999565,6.265625,0.014964799978770316,0.015625,5.139992572367191e-05,0.0,6.301846499904059,6.28125,120.0,114.60558638167144,4.1400000000000015,0.0,1.60314820004358,35.41215442839715,27.897076988266612,8.015741000217899,1,3,7,3,2.3333333333333335,0,0.0,11,2348,0.06399329996202141,0.0625,240.34873458171506,6.2228370000375435,2.842170943040401e-14,"[0, 7, 6, 8, 11]","[{""drone"":1,""index"":1,""launch"":7,""recovery"":6,""customers"":[3]},{""drone"":1,""index"":2,""launch"":6,""recovery"":8,""customers"":[10]},{""drone"":1,""index"":3,""launch"":8,""recovery"":11,""customers"":[9,4,2,1,5]}]",,,,,,,,,,,,,,33cae732436e27f2e125a4b852688a3264f8017f2ac4c96951d0a47651527cfc,f4078d3543db0ae811a48c148751bed37e333e1c7c8ece9d149bcac6b1830545,d447d73b86e7ad2dad364986a551fdb818ba13cb075979591a5df80d4fa491f7
c101改10.xlsx,IALNS-final-frozen-20261002,C,101,10,130363,0.6,,,,,main_fixed8_full_ialns,4500,True,281.136233989211,True,241.27799102844173,5.1172289999667555,4.78125,0.01121580007020384,0.015625,4.1899969801306725e-05,0.0,5.128486700006761,4.796875,120.0,115.05057085357137,4.620184050811594,0.0,1.6072361240587671,35.41215442839715,29.380358561266355,8.036180620293836,1,3,7,3,2.3333333333333335,0,0.0,10,517,0.04555459995754063,0.03125,241.27799102844173,5.071674400009215,0.0,"[0, 8, 6, 7, 11]","[{""drone"":1,""index"":1,""launch"":8,""recovery"":6,""customers"":[10]},{""drone"":1,""index"":2,""launch"":6,""recovery"":7,""customers"":[3]},{""drone"":1,""index"":3,""launch"":7,""recovery"":11,""customers"":[9,4,2,1,5]}]",,,,,,,,,,,,,,33cae732436e27f2e125a4b852688a3264f8017f2ac4c96951d0a47651527cfc,f4078d3543db0ae811a48c148751bed37e333e1c7c8ece9d149bcac6b1830545,d447d73b86e7ad2dad364986a551fdb818ba13cb075979591a5df80d4fa491f7
c101改10.xlsx,IALNS-final-frozen-20261002,C,101,10,155921,0.6,,,,,main_fixed8_full_ialns,4500,True,281.136233989211,True,240.34873458171506,7.964984999969602,7.875,0.009362999931909144,0.015625,3.899994771927595e-05,0.0,7.97438699984923,7.890625,120.0,114.60558638167144,4.1400000000000015,0.0,1.60314820004358,35.41215442839715,27.897076988266612,8.015741000217899,1,3,7,3,2.3333333333333335,0,0.0,13,1452,0.04753600002732128,0.046875,240.34873458171506,7.91744899994228,2.842170943040401e-14,"[0, 7, 6, 8, 11]","[{""drone"":1,""index"":1,""launch"":7,""recovery"":6,""customers"":[3]},{""drone"":1,""index"":2,""launch"":6,""recovery"":8,""customers"":[10]},{""drone"":1,""index"":3,""launch"":8,""recovery"":11,""customers"":[9,4,2,1,5]}]",,,,,,,,,,,,,,33cae732436e27f2e125a4b852688a3264f8017f2ac4c96951d0a47651527cfc,f4078d3543db0ae811a48c148751bed37e333e1c7c8ece9d149bcac6b1830545,d447d73b86e7ad2dad364986a551fdb818ba13cb075979591a5df80d4fa491f7
c101改10.xlsx,IALNS-final-frozen-20261002,C,101,10,181081,0.6,,,,,main_fixed8_full_ialns,4500,True,281.136233989211,True,240.34873458171506,7.676282999920659,7.640625,0.009478699997998774,0.015625,4.630000330507755e-05,0.0,7.685807999921963,7.65625,120.0,114.60558638167144,4.1400000000000015,0.0,1.60314820004358,35.41215442839715,27.897076988266612,8.015741000217899,1,3,7,3,2.3333333333333335,0,0.0,4,1669,0.05384299997240305,0.046875,240.34873458171506,7.622439999948256,2.842170943040401e-14,"[0, 7, 6, 8, 11]","[{""drone"":1,""index"":1,""launch"":7,""recovery"":6,""customers"":[3]},{""drone"":1,""index"":2,""launch"":6,""recovery"":8,""customers"":[10]},{""drone"":1,""index"":3,""launch"":8,""recovery"":11,""customers"":[9,4,2,1,5]}]",,,,,,,,,,,,,,33cae732436e27f2e125a4b852688a3264f8017f2ac4c96951d0a47651527cfc,f4078d3543db0ae811a48c148751bed37e333e1c7c8ece9d149bcac6b1830545,d447d73b86e7ad2dad364986a551fdb818ba13cb075979591a5df80d4fa491f7
c101改10.xlsx,IALNS-final-frozen-20261002,C,101,10,206369,0.6,,,,,main_fixed8_full_ialns,4500,True,281.136233989211,True,240.34873458171506,8.149765099980868,8.0,0.010024899966083467,0.0,3.8899946957826614e-05,0.0,8.15982889989391,8.0,120.0,114.60558638167144,4.1400000000000015,0.0,1.60314820004358,35.41215442839715,27.897076988266612,8.015741000217899,1,3,7,3,2.3333333333333335,0,0.0,15,1172,0.04556959995534271,0.046875,240.34873458171506,8.104195500025526,2.842170943040401e-14,"[0, 7, 6, 8, 11]","[{""drone"":1,""index"":1,""launch"":7,""recovery"":6,""customers"":[3]},{""drone"":1,""index"":2,""launch"":6,""recovery"":8,""customers"":[10]},{""drone"":1,""index"":3,""launch"":8,""recovery"":11,""customers"":[9,4,2,1,5]}]",,,,,,,,,,,,,,33cae732436e27f2e125a4b852688a3264f8017f2ac4c96951d0a47651527cfc,f4078d3543db0ae811a48c148751bed37e333e1c7c8ece9d149bcac6b1830545,d447d73b86e7ad2dad364986a551fdb818ba13cb075979591a5df80d4fa491f7
c101改10.xlsx,IALNS-final-frozen-20261002,C,101,10,231779,0.6,,,,,main_fixed8_full_ialns,4500,True,281.136233989211,True,240.34873458171506,8.677912599989213,8.65625,0.009582800092175603,0.015625,5.470006726682186e-05,0.0,8.687550100148655,8.671875,120.0,114.60558638167144,4.1400000000000015,0.0,1.60314820004358,35.41215442839715,27.897076988266612,8.015741000217899,1,3,7,3,2.3333333333333335,0,0.0,16,1848,0.044589900062419474,0.03125,240.34873458171506,8.633322699926794,2.842170943040401e-14,"[0, 7, 6, 8, 11]","[{""drone"":1,""index"":1,""launch"":7,""recovery"":6,""customers"":[3]},{""drone"":1,""index"":2,""launch"":6,""recovery"":8,""customers"":[10]},{""drone"":1,""index"":3,""launch"":8,""recovery"":11,""customers"":[9,4,2,1,5]}]",,,,,,,,,,,,,,33cae732436e27f2e125a4b852688a3264f8017f2ac4c96951d0a47651527cfc,f4078d3543db0ae811a48c148751bed37e333e1c7c8ece9d149bcac6b1830545,d447d73b86e7ad2dad364986a551fdb818ba13cb075979591a5df80d4fa491f7
c101改10.xlsx,IALNS-final-frozen-20261002,C,101,10,257053,0.6,,,,,main_fixed8_full_ialns,4500,True,281.136233989211,True,240.34873458171506,7.568309900001623,7.25,0.010314199957065284,0.015625,3.8400059565901756e-05,0.0,7.578662500018254,7.265625,120.0,114.60558638167144,4.1400000000000015,0.0,1.60314820004358,35.41215442839715,27.897076988266612,8.015741000217899,1,3,7,3,2.3333333333333335,0,0.0,8,3411,0.05779450002592057,0.0625,240.34873458171506,7.510515399975702,2.842170943040401e-14,"[0, 7, 6, 8, 11]","[{""drone"":1,""index"":1,""launch"":7,""recovery"":6,""customers"":[3]},{""drone"":1,""index"":2,""launch"":6,""recovery"":8,""customers"":[10]},{""drone"":1,""index"":3,""launch"":8,""recovery"":11,""customers"":[9,4,2,1,5]}]",,,,,,,,,,,,,,33cae732436e27f2e125a4b852688a3264f8017f2ac4c96951d0a47651527cfc,f4078d3543db0ae811a48c148751bed37e333e1c7c8ece9d149bcac6b1830545,d447d73b86e7ad2dad364986a551fdb818ba13cb075979591a5df80d4fa491f7
c101改10.xlsx,IALNS-final-frozen-20261002,C,101,10,282427,0.6,,,,,main_fixed8_full_ialns,4500,True,281.136233989211,True,241.6282113640098,7.5168776999926195,7.375,0.012859200011007488,0.015625,3.999995533376932e-05,0.0,7.529776899958961,7.390625,120.0,113.43460392536956,6.590890839093962,0.0,1.6027165995462551,36.07662193169414,17.34912710095702,8.013582997731275,1,3,6,4,2.0,0,0.0,13,1135,0.05356689996551722,0.0625,241.6282113640098,7.463310800027102,0.0,"[0, 5, 3, 6, 8, 11]","[{""drone"":1,""index"":1,""launch"":5,""recovery"":3,""customers"":[1,2,4]},{""drone"":1,""index"":2,""launch"":3,""recovery"":6,""customers"":[7,10]},{""drone"":1,""index"":3,""launch"":6,""recovery"":8,""customers"":[9]}]",,,,,,,,,,,,,,33cae732436e27f2e125a4b852688a3264f8017f2ac4c96951d0a47651527cfc,f4078d3543db0ae811a48c148751bed37e333e1c7c8ece9d149bcac6b1830545,d447d73b86e7ad2dad364986a551fdb818ba13cb075979591a5df80d4fa491f7
c101改10.xlsx,IALNS-final-frozen-20261002,C,101,10,307831,0.6,,,,,main_fixed8_full_ialns,4500,True,281.136233989211,True,240.34873458171506,12.776163000031374,12.09375,0.013577000005170703,0.015625,4.2899977415800095e-05,0.0,12.789782900013961,12.109375,120.0,114.60558638167144,4.1400000000000015,0.0,1.60314820004358,35.41215442839715,27.897076988266612,8.015741000217899,1,3,7,3,2.3333333333333335,0,0.0,18,1084,0.059624899993650615,0.0625,240.34873458171506,12.716538100037724,2.842170943040401e-14,"[0, 7, 6, 8, 11]","[{""drone"":1,""index"":1,""launch"":7,""recovery"":6,""customers"":[3]},{""drone"":1,""index"":2,""launch"":6,""recovery"":8,""customers"":[10]},{""drone"":1,""index"":3,""launch"":8,""recovery"":11,""customers"":[9,4,2,1,5]}]",,,,,,,,,,,,,,33cae732436e27f2e125a4b852688a3264f8017f2ac4c96951d0a47651527cfc,f4078d3543db0ae811a48c148751bed37e333e1c7c8ece9d149bcac6b1830545,d447d73b86e7ad2dad364986a551fdb818ba13cb075979591a5df80d4fa491f7
c101改10.xlsx,IALNS-final-frozen-20261002,C,101,10,333287,0.6,,,,,main_fixed8_full_ialns,4500,True,281.136233989211,True,240.34873458171506,9.790692000067793,9.75,0.0092687999131158,0.0,4.1599967516958714e-05,0.0,9.800002399948426,9.75,120.0,114.60558638167144,4.1400000000000015,0.0,1.60314820004358,35.41215442839715,27.897076988266612,8.015741000217899,1,3,7,3,2.3333333333333335,0,0.0,12,2747,0.06818740000016987,0.0625,240.34873458171506,9.722504600067623,2.842170943040401e-14,"[0, 7, 6, 8, 11]","[{""drone"":1,""index"":1,""launch"":7,""recovery"":6,""customers"":[3]},{""drone"":1,""index"":2,""launch"":6,""recovery"":8,""customers"":[10]},{""drone"":1,""index"":3,""launch"":8,""recovery"":11,""customers"":[9,4,2,1,5]}]",,,,,,,,,,,,,,33cae732436e27f2e125a4b852688a3264f8017f2ac4c96951d0a47651527cfc,f4078d3543db0ae811a48c148751bed37e333e1c7c8ece9d149bcac6b1830545,d447d73b86e7ad2dad364986a551fdb818ba13cb075979591a5df80d4fa491f7
r101改10.xlsx,IALNS-final-frozen-20261002,R,101,10,104729,0.6,,,,,main_fixed8_full_ialns,4500,True,598.3340348966716,True,451.3472048554212,7.491536499932408,7.109375,0.017366699990816414,0.015625,0.00010850001126527786,0.0,7.50901169993449,7.125,120.0,322.13094032061167,4.744870144777931,0.0,4.471394390031619,97.30275535947659,100.74224747393961,22.356971950158094,1,4,6,4,1.5,0,0.0,11,288,0.035202200058847666,0.03125,451.3472048554212,7.456334299873561,-5.684341886080802e-14,"[0, 7, 10, 1, 4, 11]","[{""drone"":1,""index"":1,""launch"":0,""recovery"":7,""customers"":[6,5,8]},{""drone"":1,""index"":2,""launch"":10,""recovery"":1,""customers"":[9]},{""drone"":1,""index"":3,""launch"":1,""recovery"":4,""customers"":[3]},{""drone"":1,""index"":4,""launch"":4,""recovery"":11,""customers"":[2]}]",,,,,,,,,,,,,,33cae732436e27f2e125a4b852688a3264f8017f2ac4c96951d0a47651527cfc,394d91fb82b20a500ee26f8ebb8a11530d75e4ddc5e9848807db2b6585e27c6b,0f314cfa4d498b2c8b400cf1a5dc0f58a607fc34fc420a7fe8bb3a3df9a270ad
r101改10.xlsx,IALNS-final-frozen-20261002,R,101,10,130363,0.6,,,,,main_fixed8_full_ialns,4500,True,598.3340348966716,True,451.3472048554212,7.07287949998863,7.046875,0.019067200017161667,0.015625,4.039995837956667e-05,0.0,7.091987099964172,7.0625,120.0,322.13094032061167,4.744870144777931,0.0,4.471394390031619,97.30275535947659,100.74224747393961,22.356971950158094,1,4,6,4,1.5,0,0.0,9,1099,0.03557219996582717,0.03125,451.3472048554212,7.037307300022803,-5.684341886080802e-14,"[0, 7, 10, 1, 4, 11]","[{""drone"":1,""index"":1,""launch"":0,""recovery"":7,""customers"":[6,5,8]},{""drone"":1,""index"":2,""launch"":10,""recovery"":1,""customers"":[9]},{""drone"":1,""index"":3,""launch"":1,""recovery"":4,""customers"":[3]},{""drone"":1,""index"":4,""launch"":4,""recovery"":11,""customers"":[2]}]",,,,,,,,,,,,,,33cae732436e27f2e125a4b852688a3264f8017f2ac4c96951d0a47651527cfc,394d91fb82b20a500ee26f8ebb8a11530d75e4ddc5e9848807db2b6585e27c6b,0f314cfa4d498b2c8b400cf1a5dc0f58a607fc34fc420a7fe8bb3a3df9a270ad
r101改10.xlsx,IALNS-final-frozen-20261002,R,101,10,155921,0.6,,,,,main_fixed8_full_ialns,4500,True,598.3340348966716,True,451.3472048554212,6.906997399986722,6.796875,0.01654810004401952,0.015625,4.229997284710407e-05,0.0,6.923587800003588,6.8125,120.0,322.13094032061167,4.744870144777931,0.0,4.471394390031619,97.30275535947659,100.74224747393961,22.356971950158094,1,4,6,4,1.5,0,0.0,10,473,0.02912379999179393,0.03125,451.3472048554212,6.877873599994928,-5.684341886080802e-14,"[0, 7, 10, 1, 4, 11]","[{""drone"":1,""index"":1,""launch"":0,""recovery"":7,""customers"":[6,5,8]},{""drone"":1,""index"":2,""launch"":10,""recovery"":1,""customers"":[9]},{""drone"":1,""index"":3,""launch"":1,""recovery"":4,""customers"":[3]},{""drone"":1,""index"":4,""launch"":4,""recovery"":11,""customers"":[2]}]",,,,,,,,,,,,,,33cae732436e27f2e125a4b852688a3264f8017f2ac4c96951d0a47651527cfc,394d91fb82b20a500ee26f8ebb8a11530d75e4ddc5e9848807db2b6585e27c6b,0f314cfa4d498b2c8b400cf1a5dc0f58a607fc34fc420a7fe8bb3a3df9a270ad
r101改10.xlsx,IALNS-final-frozen-20261002,R,101,10,181081,0.6,,,,,main_fixed8_full_ialns,4500,True,598.3340348966716,True,451.3472048554212,7.712900300044566,7.546875,0.023437900003045797,0.015625,4.030007403343916e-05,0.0,7.736378500121646,7.5625,120.0,322.13094032061167,4.744870144777931,0.0,4.471394390031619,97.30275535947659,100.74224747393961,22.356971950158094,1,4,6,4,1.5,0,0.0,14,616,0.02796949993353337,0.03125,451.3472048554212,7.684930800111033,-5.684341886080802e-14,"[0, 7, 10, 1, 4, 11]","[{""drone"":1,""index"":1,""launch"":0,""recovery"":7,""customers"":[6,5,8]},{""drone"":1,""index"":2,""launch"":10,""recovery"":1,""customers"":[9]},{""drone"":1,""index"":3,""launch"":1,""recovery"":4,""customers"":[3]},{""drone"":1,""index"":4,""launch"":4,""recovery"":11,""customers"":[2]}]",,,,,,,,,,,,,,33cae732436e27f2e125a4b852688a3264f8017f2ac4c96951d0a47651527cfc,394d91fb82b20a500ee26f8ebb8a11530d75e4ddc5e9848807db2b6585e27c6b,0f314cfa4d498b2c8b400cf1a5dc0f58a607fc34fc420a7fe8bb3a3df9a270ad
r101改10.xlsx,IALNS-final-frozen-20261002,R,101,10,206369,0.6,,,,,main_fixed8_full_ialns,4500,True,598.3340348966716,True,451.3472048554212,6.788433599984273,6.640625,0.017838799976743758,0.015625,4.169996827840805e-05,0.0,6.8063140999292955,6.65625,120.0,322.13094032061167,4.744870144777931,0.0,4.471394390031619,97.30275535947659,100.74224747393961,22.356971950158094,1,4,6,4,1.5,0,0.0,14,880,0.020767300040461123,0.015625,451.3472048554212,6.767666299943812,-5.684341886080802e-14,"[0, 7, 10, 1, 4, 11]","[{""drone"":1,""index"":1,""launch"":0,""recovery"":7,""customers"":[6,5,8]},{""drone"":1,""index"":2,""launch"":10,""recovery"":1,""customers"":[9]},{""drone"":1,""index"":3,""launch"":1,""recovery"":4,""customers"":[3]},{""drone"":1,""index"":4,""launch"":4,""recovery"":11,""customers"":[2]}]",,,,,,,,,,,,,,33cae732436e27f2e125a4b852688a3264f8017f2ac4c96951d0a47651527cfc,394d91fb82b20a500ee26f8ebb8a11530d75e4ddc5e9848807db2b6585e27c6b,0f314cfa4d498b2c8b400cf1a5dc0f58a607fc34fc420a7fe8bb3a3df9a270ad
r101改10.xlsx,IALNS-final-frozen-20261002,R,101,10,231779,0.6,,,,,main_fixed8_full_ialns,4500,True,598.3340348966716,True,451.3472048554212,6.93186029989738,6.84375,0.0166797999991104,0.015625,4.1500083170831203e-05,0.0,6.948581599979661,6.859375,120.0,322.13094032061167,4.744870144777931,0.0,4.471394390031619,97.30275535947659,100.74224747393961,22.356971950158094,1,4,6,4,1.5,0,0.0,13,1823,0.030412000021897256,0.03125,451.3472048554212,6.901448299875483,-5.684341886080802e-14,"[0, 7, 10, 1, 4, 11]","[{""drone"":1,""index"":1,""launch"":0,""recovery"":7,""customers"":[6,5,8]},{""drone"":1,""index"":2,""launch"":10,""recovery"":1,""customers"":[9]},{""drone"":1,""index"":3,""launch"":1,""recovery"":4,""customers"":[3]},{""drone"":1,""index"":4,""launch"":4,""recovery"":11,""customers"":[2]}]",,,,,,,,,,,,,,33cae732436e27f2e125a4b852688a3264f8017f2ac4c96951d0a47651527cfc,394d91fb82b20a500ee26f8ebb8a11530d75e4ddc5e9848807db2b6585e27c6b,0f314cfa4d498b2c8b400cf1a5dc0f58a607fc34fc420a7fe8bb3a3df9a270ad
r101改10.xlsx,IALNS-final-frozen-20261002,R,101,10,257053,0.6,,,,,main_fixed8_full_ialns,4500,True,598.3340348966716,True,451.3472048554212,7.657064400031231,7.515625,0.015562299988232553,0.015625,4.1199964471161366e-05,0.0,7.672667899983935,7.53125,120.0,322.13094032061167,4.744870144777931,0.0,4.471394390031619,97.30275535947659,100.74224747393961,22.356971950158094,1,4,6,4,1.5,0,0.0,9,75,0.030834799981676042,0.03125,451.3472048554212,7.626229600049555,-5.684341886080802e-14,"[0, 7, 10, 1, 4, 11]","[{""drone"":1,""index"":1,""launch"":0,""recovery"":7,""customers"":[6,5,8]},{""drone"":1,""index"":2,""launch"":10,""recovery"":1,""customers"":[9]},{""drone"":1,""index"":3,""launch"":1,""recovery"":4,""customers"":[3]},{""drone"":1,""index"":4,""launch"":4,""recovery"":11,""customers"":[2]}]",,,,,,,,,,,,,,33cae732436e27f2e125a4b852688a3264f8017f2ac4c96951d0a47651527cfc,394d91fb82b20a500ee26f8ebb8a11530d75e4ddc5e9848807db2b6585e27c6b,0f314cfa4d498b2c8b400cf1a5dc0f58a607fc34fc420a7fe8bb3a3df9a270ad
r101改10.xlsx,IALNS-final-frozen-20261002,R,101,10,282427,0.6,,,,,main_fixed8_full_ialns,4500,True,598.3340348966716,True,451.3472048554212,6.720962899969891,6.5,0.015844399924390018,0.015625,4.029995761811733e-05,0.0,6.736847599851899,6.515625,120.0,322.13094032061167,4.744870144777931,0.0,4.471394390031619,97.30275535947659,100.74224747393961,22.356971950158094,1,4,6,4,1.5,0,0.0,11,1547,0.03169340000022203,0.03125,451.3472048554212,6.689269499969669,-5.684341886080802e-14,"[0, 7, 10, 1, 4, 11]","[{""drone"":1,""index"":1,""launch"":0,""recovery"":7,""customers"":[6,5,8]},{""drone"":1,""index"":2,""launch"":10,""recovery"":1,""customers"":[9]},{""drone"":1,""index"":3,""launch"":1,""recovery"":4,""customers"":[3]},{""drone"":1,""index"":4,""launch"":4,""recovery"":11,""customers"":[2]}]",,,,,,,,,,,,,,33cae732436e27f2e125a4b852688a3264f8017f2ac4c96951d0a47651527cfc,394d91fb82b20a500ee26f8ebb8a11530d75e4ddc5e9848807db2b6585e27c6b,0f314cfa4d498b2c8b400cf1a5dc0f58a607fc34fc420a7fe8bb3a3df9a270ad
r101改10.xlsx,IALNS-final-frozen-20261002,R,101,10,307831,0.6,,,,,main_fixed8_full_ialns,4500,True,598.3340348966716,True,451.3472048554212,9.012133999960497,8.390625,0.017963699996471405,0.015625,4.469999112188816e-05,0.0,9.03014239994809,8.40625,120.0,322.13094032061167,4.744870144777931,0.0,4.471394390031619,97.30275535947659,100.74224747393961,22.356971950158094,1,4,6,4,1.5,0,0.0,15,574,0.0309267999837175,0.015625,451.3472048554212,8.98120719997678,-5.684341886080802e-14,"[0, 7, 10, 1, 4, 11]","[{""drone"":1,""index"":1,""launch"":0,""recovery"":7,""customers"":[6,5,8]},{""drone"":1,""index"":2,""launch"":10,""recovery"":1,""customers"":[9]},{""drone"":1,""index"":3,""launch"":1,""recovery"":4,""customers"":[3]},{""drone"":1,""index"":4,""launch"":4,""recovery"":11,""customers"":[2]}]",,,,,,,,,,,,,,33cae732436e27f2e125a4b852688a3264f8017f2ac4c96951d0a47651527cfc,394d91fb82b20a500ee26f8ebb8a11530d75e4ddc5e9848807db2b6585e27c6b,0f314cfa4d498b2c8b400cf1a5dc0f58a607fc34fc420a7fe8bb3a3df9a270ad
r101改10.xlsx,IALNS-final-frozen-20261002,R,101,10,333287,0.6,,,,,main_fixed8_full_ialns,4500,True,598.3340348966716,True,451.3472048554212,7.642968999920413,7.4375,0.01598350005224347,0.015625,3.9100064896047115e-05,0.0,7.658991600037552,7.453125,120.0,322.13094032061167,4.744870144777931,0.0,4.471394390031619,97.30275535947659,100.74224747393961,22.356971950158094,1,4,6,4,1.5,0,0.0,13,164,0.028103600023314357,0.03125,451.3472048554212,7.6148653998970985,-5.684341886080802e-14,"[0, 7, 10, 1, 4, 11]","[{""drone"":1,""index"":1,""launch"":0,""recovery"":7,""customers"":[6,5,8]},{""drone"":1,""index"":2,""launch"":10,""recovery"":1,""customers"":[9]},{""drone"":1,""index"":3,""launch"":1,""recovery"":4,""customers"":[3]},{""drone"":1,""index"":4,""launch"":4,""recovery"":11,""customers"":[2]}]",,,,,,,,,,,,,,33cae732436e27f2e125a4b852688a3264f8017f2ac4c96951d0a47651527cfc,394d91fb82b20a500ee26f8ebb8a11530d75e4ddc5e9848807db2b6585e27c6b,0f314cfa4d498b2c8b400cf1a5dc0f58a607fc34fc420a7fe8bb3a3df9a270ad
rc101改10.xlsx,IALNS-final-frozen-20261002,RC,101,10,104729,0.6,,,,,main_fixed8_full_ialns,4500,True,554.203011905141,True,469.0218224853208,4.321758099948056,4.28125,0.00655749998986721,0.0,3.899994771927595e-05,0.0,4.3283545998856425,4.28125,120.0,344.10078692868973,0.0,0.0,4.921035556631073,113.24944191631332,14.508203932499368,24.605177783155362,1,1,4,6,4.0,0,0.0,13,1069,0.38625570002477616,0.390625,469.0218224853208,3.93550239992328,0.0,"[0, 2, 4, 5, 6, 10, 9, 11]","[{""drone"":1,""index"":1,""launch"":5,""recovery"":6,""customers"":[3,1,8,7]}]",,,,,,,,,,,,,,33cae732436e27f2e125a4b852688a3264f8017f2ac4c96951d0a47651527cfc,ec408427eb502b59d78d9b0b63d38c8eef2db234dd8518b1a0ef21ad6c13ad74,d447d73b86e7ad2dad364986a551fdb818ba13cb075979591a5df80d4fa491f7
rc101改10.xlsx,IALNS-final-frozen-20261002,RC,101,10,130363,0.6,,,,,main_fixed8_full_ialns,4500,True,554.203011905141,True,469.0218224853208,5.368232000037096,5.21875,0.006296299980022013,0.0,4.099996294826269e-05,0.0,5.374569299980067,5.21875,120.0,344.10078692868973,0.0,0.0,4.921035556631073,113.24944191631332,14.508203932499368,24.605177783155362,1,1,4,6,4.0,0,0.0,18,1915,0.4226424000225961,0.421875,469.0218224853208,4.9455896000145,0.0,"[0, 2, 4, 5, 6, 10, 9, 11]","[{""drone"":1,""index"":1,""launch"":5,""recovery"":6,""customers"":[3,1,8,7]}]",,,,,,,,,,,,,,33cae732436e27f2e125a4b852688a3264f8017f2ac4c96951d0a47651527cfc,ec408427eb502b59d78d9b0b63d38c8eef2db234dd8518b1a0ef21ad6c13ad74,d447d73b86e7ad2dad364986a551fdb818ba13cb075979591a5df80d4fa491f7
rc101改10.xlsx,IALNS-final-frozen-20261002,RC,101,10,155921,0.6,,,,,main_fixed8_full_ialns,4500,True,554.203011905141,True,469.0218224853208,4.964568099938333,4.8125,0.0062148000579327345,0.015625,4.0599959902465343e-05,0.0,4.970823499956168,4.828125,120.0,344.10078692868973,0.0,0.0,4.921035556631073,113.24944191631332,14.508203932499368,24.605177783155362,1,1,4,6,4.0,0,0.0,13,513,0.42224749992601573,0.40625,469.0218224853208,4.542320600012317,0.0,"[0, 2, 5, 4, 6, 10, 9, 11]","[{""drone"":1,""index"":1,""launch"":5,""recovery"":6,""customers"":[3,1,8,7]}]",,,,,,,,,,,,,,33cae732436e27f2e125a4b852688a3264f8017f2ac4c96951d0a47651527cfc,ec408427eb502b59d78d9b0b63d38c8eef2db234dd8518b1a0ef21ad6c13ad74,d447d73b86e7ad2dad364986a551fdb818ba13cb075979591a5df80d4fa491f7
rc101改10.xlsx,IALNS-final-frozen-20261002,RC,101,10,181081,0.6,,,,,main_fixed8_full_ialns,4500,True,554.203011905141,True,469.0218224853208,5.506335399928503,5.390625,0.012973499950021505,0.015625,4.0199956856667995e-05,0.0,5.519349099835381,5.40625,120.0,344.10078692868973,0.0,0.0,4.921035556631073,113.24944191631332,14.508203932499368,24.605177783155362,1,1,4,6,4.0,0,0.0,13,479,0.38323639996815473,0.390625,469.0218224853208,5.123098999960348,0.0,"[0, 2, 4, 5, 6, 10, 9, 11]","[{""drone"":1,""index"":1,""launch"":5,""recovery"":6,""customers"":[3,1,8,7]}]",,,,,,,,,,,,,,33cae732436e27f2e125a4b852688a3264f8017f2ac4c96951d0a47651527cfc,ec408427eb502b59d78d9b0b63d38c8eef2db234dd8518b1a0ef21ad6c13ad74,d447d73b86e7ad2dad364986a551fdb818ba13cb075979591a5df80d4fa491f7
rc101改10.xlsx,IALNS-final-frozen-20261002,RC,101,10,206369,0.6,,,,,main_fixed8_full_ialns,4500,True,554.203011905141,True,469.0218224853208,5.016277299961075,4.984375,0.0060579999117180705,0.0,4.439998883754015e-05,0.0,5.022379699861631,4.984375,120.0,344.10078692868973,0.0,0.0,4.921035556631073,113.24944191631332,14.508203932499368,24.605177783155362,1,1,4,6,4.0,0,0.0,9,1642,0.42805059999227524,0.421875,469.0218224853208,4.5882266999688,0.0,"[0, 2, 4, 5, 6, 10, 9, 11]","[{""drone"":1,""index"":1,""launch"":5,""recovery"":6,""customers"":[3,1,8,7]}]",,,,,,,,,,,,,,33cae732436e27f2e125a4b852688a3264f8017f2ac4c96951d0a47651527cfc,ec408427eb502b59d78d9b0b63d38c8eef2db234dd8518b1a0ef21ad6c13ad74,d447d73b86e7ad2dad364986a551fdb818ba13cb075979591a5df80d4fa491f7
rc101改10.xlsx,IALNS-final-frozen-20261002,RC,101,10,231779,0.6,,,,,main_fixed8_full_ialns,4500,True,554.203011905141,True,469.0218224853208,5.827366900048219,5.671875,0.0062602999387308955,0.0,3.909994848072529e-05,0.0,5.83366629993543,5.671875,120.0,344.10078692868973,0.0,0.0,4.921035556631073,113.24944191631332,14.508203932499368,24.605177783155362,1,1,4,6,4.0,0,0.0,12,1590,0.39863740000873804,0.375,469.0218224853208,5.428729500039481,0.0,"[0, 2, 5, 4, 6, 10, 9, 11]","[{""drone"":1,""index"":1,""launch"":5,""recovery"":6,""customers"":[3,1,8,7]}]",,,,,,,,,,,,,,33cae732436e27f2e125a4b852688a3264f8017f2ac4c96951d0a47651527cfc,ec408427eb502b59d78d9b0b63d38c8eef2db234dd8518b1a0ef21ad6c13ad74,d447d73b86e7ad2dad364986a551fdb818ba13cb075979591a5df80d4fa491f7
rc101改10.xlsx,IALNS-final-frozen-20261002,RC,101,10,257053,0.6,,,,,main_fixed8_full_ialns,4500,True,554.203011905141,True,469.0218224853208,4.849741600104608,4.78125,0.006364400032907724,0.0,4.810001701116562e-05,0.0,4.8561541001545265,4.78125,120.0,344.10078692868973,0.0,0.0,4.921035556631073,113.24944191631332,14.508203932499368,24.605177783155362,1,1,4,6,4.0,0,0.0,11,881,0.41467590001411736,0.40625,469.0218224853208,4.43506570009049,0.0,"[0, 2, 4, 5, 6, 10, 9, 11]","[{""drone"":1,""index"":1,""launch"":5,""recovery"":6,""customers"":[3,1,8,7]}]",,,,,,,,,,,,,,33cae732436e27f2e125a4b852688a3264f8017f2ac4c96951d0a47651527cfc,ec408427eb502b59d78d9b0b63d38c8eef2db234dd8518b1a0ef21ad6c13ad74,d447d73b86e7ad2dad364986a551fdb818ba13cb075979591a5df80d4fa491f7
rc101改10.xlsx,IALNS-final-frozen-20261002,RC,101,10,282427,0.6,,,,,main_fixed8_full_ialns,4500,True,554.203011905141,True,469.0218224853208,5.689218800049275,5.21875,0.008094299933873117,0.015625,3.760005347430706e-05,0.0,5.697350700036623,5.234375,120.0,344.10078692868973,0.0,0.0,4.921035556631073,113.24944191631332,14.508203932499368,24.605177783155362,1,1,4,6,4.0,0,0.0,9,23,0.5627408000873402,0.53125,469.0218224853208,5.126477999961935,0.0,"[0, 2, 5, 4, 6, 10, 9, 11]","[{""drone"":1,""index"":1,""launch"":5,""recovery"":6,""customers"":[3,1,8,7]}]",,,,,,,,,,,,,,33cae732436e27f2e125a4b852688a3264f8017f2ac4c96951d0a47651527cfc,ec408427eb502b59d78d9b0b63d38c8eef2db234dd8518b1a0ef21ad6c13ad74,d447d73b86e7ad2dad364986a551fdb818ba13cb075979591a5df80d4fa491f7
rc101改10.xlsx,IALNS-final-frozen-20261002,RC,101,10,307831,0.6,,,,,main_fixed8_full_ialns,4500,True,554.203011905141,True,469.0218224853208,6.172797600040212,5.765625,0.006868200027383864,0.0,6.049999501556158e-05,0.0,6.179726300062612,5.765625,120.0,344.10078692868973,0.0,0.0,4.921035556631073,113.24944191631332,14.508203932499368,24.605177783155362,1,1,4,6,4.0,0,0.0,17,1858,0.4582306999946013,0.453125,469.0218224853208,5.714566900045611,0.0,"[0, 2, 5, 4, 6, 10, 9, 11]","[{""drone"":1,""index"":1,""launch"":5,""recovery"":6,""customers"":[3,1,8,7]}]",,,,,,,,,,,,,,33cae732436e27f2e125a4b852688a3264f8017f2ac4c96951d0a47651527cfc,ec408427eb502b59d78d9b0b63d38c8eef2db234dd8518b1a0ef21ad6c13ad74,d447d73b86e7ad2dad364986a551fdb818ba13cb075979591a5df80d4fa491f7
rc101改10.xlsx,IALNS-final-frozen-20261002,RC,101,10,333287,0.6,,,,,main_fixed8_full_ialns,4500,True,554.203011905141,True,469.0218224853208,5.430275600054301,5.265625,0.006504599936306477,0.0,3.8499943912029266e-05,0.0,5.43681869993452,5.265625,120.0,344.10078692868973,0.0,0.0,4.921035556631073,113.24944191631332,14.508203932499368,24.605177783155362,1,1,4,6,4.0,0,0.0,10,540,0.4437452999409288,0.421875,469.0218224853208,4.9865303001133725,0.0,"[0, 9, 10, 6, 5, 4, 2, 11]","[{""drone"":1,""index"":1,""launch"":6,""recovery"":5,""customers"":[7,8,1,3]}]",,,,,,,,,,,,,,33cae732436e27f2e125a4b852688a3264f8017f2ac4c96951d0a47651527cfc,ec408427eb502b59d78d9b0b63d38c8eef2db234dd8518b1a0ef21ad6c13ad74,d447d73b86e7ad2dad364986a551fdb818ba13cb075979591a5df80d4fa491f7
c101改20.xlsx,IALNS-final-frozen-20261002,C,101,20,104729,0.6,,,,,main_fixed8_full_ialns,4500,True,439.6052197949342,True,379.31615269595693,35.487033100100234,35.21875,0.02991349995136261,0.03125,4.469999112188816e-05,0.0,35.51699130004272,35.25,120.0,255.4813284505447,0.26715317773092195,0.0,3.5676710676813252,78.548858664671,66.11584152177235,17.838355338406625,1,5,12,8,2.4,0,0.0,25,4077,0.39746880007442087,0.390625,379.31615269595693,35.08956430002581,0.0,"[0, 13, 15, 16, 14, 12, 9, 6, 7, 21]","[{""drone"":1,""index"":1,""launch"":13,""recovery"":15,""customers"":[17,19]},{""drone"":1,""index"":2,""launch"":15,""recovery"":9,""customers"":[18,11,10,8]},{""drone"":1,""index"":3,""launch"":9,""recovery"":6,""customers"":[4]},{""drone"":1,""index"":4,""launch"":6,""recovery"":7,""customers"":[1]},{""drone"":1,""index"":5,""launch"":7,""recovery"":21,""customers"":[2,3,5,20]}]",,,,,,,,,,,,,,33cae732436e27f2e125a4b852688a3264f8017f2ac4c96951d0a47651527cfc,4129691f70c25f2cf171d0995c30bdb2c550f564ec45687cc7a5cdab4e061cdc,db70bf887cf90312030ff025e77387ca74480a0fae83c18288a6ffcb0a00ed44
c101改20.xlsx,IALNS-final-frozen-20261002,C,101,20,130363,0.6,,,,,main_fixed8_full_ialns,4500,True,442.7594825787833,True,379.31615269595693,35.920121699920855,35.859375,0.03194210003130138,0.03125,4.199997056275606e-05,0.0,35.95210579992272,35.890625,120.0,255.4813284505447,0.26715317773092195,0.0,3.5676710676813252,78.548858664671,66.11584152177235,17.838355338406625,1,5,12,8,2.4,0,0.0,25,4467,0.3753453000681475,0.375,379.31615269595693,35.54477639985271,0.0,"[0, 13, 15, 16, 14, 12, 9, 6, 7, 21]","[{""drone"":1,""index"":1,""launch"":13,""recovery"":15,""customers"":[17,19]},{""drone"":1,""index"":2,""launch"":15,""recovery"":9,""customers"":[18,11,10,8]},{""drone"":1,""index"":3,""launch"":9,""recovery"":6,""customers"":[4]},{""drone"":1,""index"":4,""launch"":6,""recovery"":7,""customers"":[1]},{""drone"":1,""index"":5,""launch"":7,""recovery"":21,""customers"":[2,3,5,20]}]",,,,,,,,,,,,,,33cae732436e27f2e125a4b852688a3264f8017f2ac4c96951d0a47651527cfc,4129691f70c25f2cf171d0995c30bdb2c550f564ec45687cc7a5cdab4e061cdc,db70bf887cf90312030ff025e77387ca74480a0fae83c18288a6ffcb0a00ed44
c101改20.xlsx,IALNS-final-frozen-20261002,C,101,20,155921,0.6,,,,,main_fixed8_full_ialns,4500,True,441.7321831137022,True,379.31615269595693,34.77024840004742,34.390625,0.03130969998892397,0.015625,4.4599990360438824e-05,0.0,34.801602700026706,34.40625,120.0,255.4813284505447,0.26715317773092195,0.0,3.5676710676813252,78.548858664671,66.11584152177235,17.838355338406625,1,5,12,8,2.4,0,0.0,23,3370,0.3667743999976665,0.359375,379.31615269595693,34.403474000049755,0.0,"[0, 13, 15, 16, 14, 12, 9, 6, 7, 21]","[{""drone"":1,""index"":1,""launch"":13,""recovery"":15,""customers"":[17,19]},{""drone"":1,""index"":2,""launch"":15,""recovery"":9,""customers"":[18,11,10,8]},{""drone"":1,""index"":3,""launch"":9,""recovery"":6,""customers"":[4]},{""drone"":1,""index"":4,""launch"":6,""recovery"":7,""customers"":[1]},{""drone"":1,""index"":5,""launch"":7,""recovery"":21,""customers"":[2,3,5,20]}]",,,,,,,,,,,,,,33cae732436e27f2e125a4b852688a3264f8017f2ac4c96951d0a47651527cfc,4129691f70c25f2cf171d0995c30bdb2c550f564ec45687cc7a5cdab4e061cdc,db70bf887cf90312030ff025e77387ca74480a0fae83c18288a6ffcb0a00ed44
c101改20.xlsx,IALNS-final-frozen-20261002,C,101,20,181081,0.6,,,,,main_fixed8_full_ialns,4500,True,442.7594825787833,True,379.31615269595693,35.05504199990537,34.734375,0.03692340000998229,0.03125,4.329998046159744e-05,0.0,35.092008699895814,34.765625,120.0,255.4813284505447,0.26715317773092195,0.0,3.5676710676813252,78.548858664671,66.11584152177235,17.838355338406625,1,5,12,8,2.4,0,0.0,27,1514,0.37824550003279,0.375,379.31615269595693,34.67679649987258,0.0,"[0, 13, 15, 16, 14, 12, 9, 6, 7, 21]","[{""drone"":1,""index"":1,""launch"":13,""recovery"":15,""customers"":[17,19]},{""drone"":1,""index"":2,""launch"":15,""recovery"":9,""customers"":[18,11,10,8]},{""drone"":1,""index"":3,""launch"":9,""recovery"":6,""customers"":[4]},{""drone"":1,""index"":4,""launch"":6,""recovery"":7,""customers"":[1]},{""drone"":1,""index"":5,""launch"":7,""recovery"":21,""customers"":[2,3,5,20]}]",,,,,,,,,,,,,,33cae732436e27f2e125a4b852688a3264f8017f2ac4c96951d0a47651527cfc,4129691f70c25f2cf171d0995c30bdb2c550f564ec45687cc7a5cdab4e061cdc,db70bf887cf90312030ff025e77387ca74480a0fae83c18288a6ffcb0a00ed44
c101改20.xlsx,IALNS-final-frozen-20261002,C,101,20,206369,0.6,,,,,main_fixed8_full_ialns,4500,True,442.7594825787833,True,379.98313956890115,39.75321799993981,39.53125,0.03274189995136112,0.03125,4.179996903985739e-05,0.0,39.78600169986021,39.5625,120.0,256.1422437152571,0.26715317773091396,0.0,3.5737426759131496,78.548858664671,68.31889240414696,17.868713379565747,1,5,12,8,2.4,0,0.0,19,2646,0.40940360003151,0.40625,379.98313956890115,39.3438143999083,0.0,"[0, 13, 15, 16, 14, 12, 9, 6, 7, 21]","[{""drone"":1,""index"":1,""launch"":13,""recovery"":15,""customers"":[17]},{""drone"":1,""index"":2,""launch"":15,""recovery"":14,""customers"":[18,19]},{""drone"":1,""index"":3,""launch"":12,""recovery"":6,""customers"":[11,10,8,4]},{""drone"":1,""index"":4,""launch"":6,""recovery"":7,""customers"":[1]},{""drone"":1,""index"":5,""launch"":7,""recovery"":21,""customers"":[2,3,5,20]}]",,,,,,,,,,,,,,33cae732436e27f2e125a4b852688a3264f8017f2ac4c96951d0a47651527cfc,4129691f70c25f2cf171d0995c30bdb2c550f564ec45687cc7a5cdab4e061cdc,db70bf887cf90312030ff025e77387ca74480a0fae83c18288a6ffcb0a00ed44
c101改20.xlsx,IALNS-final-frozen-20261002,C,101,20,231779,0.6,,,,,main_fixed8_full_ialns,4500,True,442.7594825787833,True,384.76829093296317,38.27787210000679,37.734375,0.030362899997271597,0.03125,4.1400082409381866e-05,0.0,38.30827640008647,37.765625,120.0,256.4591139833702,4.732523292150115,0.0,3.5766536574428813,78.548858664671,69.3751266311905,17.883268287214406,1,5,12,8,2.4,0,0.0,15,1055,0.3664276000345126,0.359375,384.76829093296317,37.911444499972276,0.0,"[0, 7, 6, 9, 12, 14, 16, 15, 13, 21]","[{""drone"":1,""index"":1,""launch"":0,""recovery"":7,""customers"":[20,5,4]},{""drone"":1,""index"":2,""launch"":7,""recovery"":6,""customers"":[1]},{""drone"":1,""index"":3,""launch"":6,""recovery"":12,""customers"":[2,3,8,10,11]},{""drone"":1,""index"":4,""launch"":14,""recovery"":15,""customers"":[19,18]},{""drone"":1,""index"":5,""launch"":15,""recovery"":13,""customers"":[17]}]",,,,,,,,,,,,,,33cae732436e27f2e125a4b852688a3264f8017f2ac4c96951d0a47651527cfc,4129691f70c25f2cf171d0995c30bdb2c550f564ec45687cc7a5cdab4e061cdc,db70bf887cf90312030ff025e77387ca74480a0fae83c18288a6ffcb0a00ed44
c101改20.xlsx,IALNS-final-frozen-20261002,C,101,20,257053,0.6,,,,,main_fixed8_full_ialns,4500,True,442.7594825787833,True,379.31615269595693,34.26013920002151,33.765625,0.03193639998789877,0.03125,5.350005812942982e-05,0.0,34.29212910006754,33.796875,120.0,255.4813284505447,0.26715317773092195,0.0,3.5676710676813252,78.548858664671,66.11584152177235,17.838355338406625,1,5,12,8,2.4,0,0.0,35,3628,0.3738008999498561,0.359375,379.31615269595693,33.88633830007166,0.0,"[0, 13, 15, 16, 14, 12, 9, 6, 7, 21]","[{""drone"":1,""index"":1,""launch"":13,""recovery"":15,""customers"":[17,19]},{""drone"":1,""index"":2,""launch"":15,""recovery"":9,""customers"":[18,11,10,8]},{""drone"":1,""index"":3,""launch"":9,""recovery"":6,""customers"":[4]},{""drone"":1,""index"":4,""launch"":6,""recovery"":7,""customers"":[1]},{""drone"":1,""index"":5,""launch"":7,""recovery"":21,""customers"":[2,3,5,20]}]",,,,,,,,,,,,,,33cae732436e27f2e125a4b852688a3264f8017f2ac4c96951d0a47651527cfc,4129691f70c25f2cf171d0995c30bdb2c550f564ec45687cc7a5cdab4e061cdc,db70bf887cf90312030ff025e77387ca74480a0fae83c18288a6ffcb0a00ed44
c101改20.xlsx,IALNS-final-frozen-20261002,C,101,20,282427,0.6,,,,,main_fixed8_full_ialns,4500,True,442.7594825787833,True,379.31615269595693,34.08122629998252,33.546875,0.03177490003872663,0.03125,4.469999112188816e-05,0.0,34.11304590001237,33.578125,120.0,255.4813284505447,0.26715317773092195,0.0,3.5676710676813252,78.548858664671,66.11584152177235,17.838355338406625,1,5,12,8,2.4,0,0.0,31,3877,0.37675430008675903,0.375,379.31615269595693,33.70447199989576,0.0,"[0, 13, 15, 16, 14, 12, 9, 6, 7, 21]","[{""drone"":1,""index"":1,""launch"":13,""recovery"":15,""customers"":[17,19]},{""drone"":1,""index"":2,""launch"":15,""recovery"":9,""customers"":[18,11,10,8]},{""drone"":1,""index"":3,""launch"":9,""recovery"":6,""customers"":[4]},{""drone"":1,""index"":4,""launch"":6,""recovery"":7,""customers"":[1]},{""drone"":1,""index"":5,""launch"":7,""recovery"":21,""customers"":[2,3,5,20]}]",,,,,,,,,,,,,,33cae732436e27f2e125a4b852688a3264f8017f2ac4c96951d0a47651527cfc,4129691f70c25f2cf171d0995c30bdb2c550f564ec45687cc7a5cdab4e061cdc,db70bf887cf90312030ff025e77387ca74480a0fae83c18288a6ffcb0a00ed44
c101改20.xlsx,IALNS-final-frozen-20261002,C,101,20,307831,0.6,,,,,main_fixed8_full_ialns,4500,True,442.7594825787833,True,384.76829093296317,41.34866969997529,40.921875,0.048327600001357496,0.046875,5.4699950851500034e-05,0.0,41.3970519999275,40.96875,120.0,256.4591139833702,4.732523292150115,0.0,3.5766536574428813,78.548858664671,69.3751266311905,17.883268287214406,1,5,12,8,2.4,0,0.0,21,3357,0.4579335000598803,0.453125,384.76829093296317,40.89073619991541,0.0,"[0, 7, 6, 9, 12, 14, 16, 15, 13, 21]","[{""drone"":1,""index"":1,""launch"":0,""recovery"":7,""customers"":[20,5,4]},{""drone"":1,""index"":2,""launch"":7,""recovery"":6,""customers"":[1]},{""drone"":1,""index"":3,""launch"":6,""recovery"":12,""customers"":[2,3,8,10,11]},{""drone"":1,""index"":4,""launch"":14,""recovery"":15,""customers"":[19,18]},{""drone"":1,""index"":5,""launch"":15,""recovery"":13,""customers"":[17]}]",,,,,,,,,,,,,,33cae732436e27f2e125a4b852688a3264f8017f2ac4c96951d0a47651527cfc,4129691f70c25f2cf171d0995c30bdb2c550f564ec45687cc7a5cdab4e061cdc,db70bf887cf90312030ff025e77387ca74480a0fae83c18288a6ffcb0a00ed44
c101改20.xlsx,IALNS-final-frozen-20261002,C,101,20,333287,0.6,,,,,main_fixed8_full_ialns,4500,True,442.7594825787833,True,379.31615269595693,36.037831499939784,35.890625,0.032009199960157275,0.03125,8.099991828203201e-05,0.0,36.069921699818224,35.921875,120.0,255.4813284505447,0.26715317773092195,0.0,3.5676710676813252,78.548858664671,66.11584152177235,17.838355338406625,1,5,12,8,2.4,0,0.0,22,3440,0.44844179996289313,0.453125,379.31615269595693,35.58938969997689,0.0,"[0, 13, 15, 16, 14, 12, 9, 6, 7, 21]","[{""drone"":1,""index"":1,""launch"":13,""recovery"":15,""customers"":[17,19]},{""drone"":1,""index"":2,""launch"":15,""recovery"":9,""customers"":[18,11,10,8]},{""drone"":1,""index"":3,""launch"":9,""recovery"":6,""customers"":[4]},{""drone"":1,""index"":4,""launch"":6,""recovery"":7,""customers"":[1]},{""drone"":1,""index"":5,""launch"":7,""recovery"":21,""customers"":[2,3,5,20]}]",,,,,,,,,,,,,,33cae732436e27f2e125a4b852688a3264f8017f2ac4c96951d0a47651527cfc,4129691f70c25f2cf171d0995c30bdb2c550f564ec45687cc7a5cdab4e061cdc,db70bf887cf90312030ff025e77387ca74480a0fae83c18288a6ffcb0a00ed44
r101改20.xlsx,IALNS-final-frozen-20261002,R,101,20,104729,0.6,,,,,main_fixed8_full_ialns,4500,True,857.6801928143843,True,597.3241277864805,43.379716599942185,42.984375,0.2099453000118956,0.203125,4.229997284710407e-05,0.0,43.58970419992693,43.1875,140.0,430.8153236291059,3.7815180740826437,16.819779995572777,5.907506087719192,125.46649386399434,181.38614012374282,29.537530438595958,2,8,13,7,1.625,1,0.4204944998893194,26,3437,0.06741710007190704,0.0625,597.3241277864805,43.31229949987028,0.0,"[0, 1, 20, 7, 8, 5, 14, 13, 21]","[{""drone"":1,""index"":1,""launch"":0,""recovery"":21,""customers"":[4]},{""drone"":2,""index"":1,""launch"":1,""recovery"":20,""customers"":[3,9]},{""drone"":2,""index"":2,""launch"":20,""recovery"":7,""customers"":[10,11,19]},{""drone"":2,""index"":3,""launch"":7,""recovery"":8,""customers"":[18]},{""drone"":2,""index"":4,""launch"":8,""recovery"":5,""customers"":[6]},{""drone"":2,""index"":5,""launch"":5,""recovery"":14,""customers"":[17,16]},{""drone"":2,""index"":6,""launch"":14,""recovery"":13,""customers"":[15]},{""drone"":2,""index"":7,""launch"":13,""recovery"":21,""customers"":[2,12]}]",,,,,,,,,,,,,,33cae732436e27f2e125a4b852688a3264f8017f2ac4c96951d0a47651527cfc,0200f1c31a2b13fb86b4f38f8bd604763096a2cd59bda3704a5d93296f1e017f,27e26aa2ffc98aa6bf768767244d914aff8cf148c1717ad539cda328cc310827
r101改20.xlsx,IALNS-final-frozen-20261002,R,101,20,130363,0.6,,,,,main_fixed8_full_ialns,4500,True,857.6801928143843,True,597.3241277864805,42.3348576000426,42.0,0.2123406999744475,0.203125,4.109996370971203e-05,0.0,42.547239399980754,42.203125,140.0,430.8153236291059,3.7815180740826437,16.819779995572777,5.907506087719192,125.46649386399434,181.38614012374282,29.537530438595958,2,8,13,7,1.625,1,0.4204944998893194,28,3510,0.07065979996696115,0.078125,597.3241277864805,42.264197800075635,0.0,"[0, 1, 20, 7, 8, 5, 14, 13, 21]","[{""drone"":1,""index"":1,""launch"":0,""recovery"":21,""customers"":[4]},{""drone"":2,""index"":1,""launch"":1,""recovery"":20,""customers"":[3,9]},{""drone"":2,""index"":2,""launch"":20,""recovery"":7,""customers"":[10,11,19]},{""drone"":2,""index"":3,""launch"":7,""recovery"":8,""customers"":[18]},{""drone"":2,""index"":4,""launch"":8,""recovery"":5,""customers"":[6]},{""drone"":2,""index"":5,""launch"":5,""recovery"":14,""customers"":[17,16]},{""drone"":2,""index"":6,""launch"":14,""recovery"":13,""customers"":[15]},{""drone"":2,""index"":7,""launch"":13,""recovery"":21,""customers"":[2,12]}]",,,,,,,,,,,,,,33cae732436e27f2e125a4b852688a3264f8017f2ac4c96951d0a47651527cfc,0200f1c31a2b13fb86b4f38f8bd604763096a2cd59bda3704a5d93296f1e017f,27e26aa2ffc98aa6bf768767244d914aff8cf148c1717ad539cda328cc310827
r101改20.xlsx,IALNS-final-frozen-20261002,R,101,20,155921,0.6,,,,,main_fixed8_full_ialns,4500,True,857.6801928143843,True,597.3241277864805,44.31694010004867,44.1875,0.1991300000809133,0.203125,4.329998046159744e-05,0.0,44.516113400110044,44.390625,140.0,430.8153236291059,3.7815180740826437,16.819779995572777,5.907506087719192,125.46649386399434,181.38614012374282,29.537530438595958,2,8,13,7,1.625,1,0.4204944998893194,20,1912,0.07954360009171069,0.078125,597.3241277864805,44.23739649995696,0.0,"[0, 1, 20, 7, 8, 5, 14, 13, 21]","[{""drone"":1,""index"":1,""launch"":1,""recovery"":20,""customers"":[3,9]},{""drone"":1,""index"":2,""launch"":20,""recovery"":7,""customers"":[10,11,19]},{""drone"":1,""index"":3,""launch"":7,""recovery"":8,""customers"":[18]},{""drone"":1,""index"":4,""launch"":8,""recovery"":5,""customers"":[6]},{""drone"":1,""index"":5,""launch"":5,""recovery"":14,""customers"":[17,16]},{""drone"":1,""index"":6,""launch"":14,""recovery"":13,""customers"":[15]},{""drone"":1,""index"":7,""launch"":13,""recovery"":21,""customers"":[2,12]},{""drone"":2,""index"":1,""launch"":0,""recovery"":21,""customers"":[4]}]",,,,,,,,,,,,,,33cae732436e27f2e125a4b852688a3264f8017f2ac4c96951d0a47651527cfc,0200f1c31a2b13fb86b4f38f8bd604763096a2cd59bda3704a5d93296f1e017f,27e26aa2ffc98aa6bf768767244d914aff8cf148c1717ad539cda328cc310827
r101改20.xlsx,IALNS-final-frozen-20261002,R,101,20,181081,0.6,,,,,main_fixed8_full_ialns,4500,True,850.5173197749139,True,597.3241277864805,45.66091310000047,45.46875,0.21613660000730306,0.21875,4.0800077840685844e-05,0.0,45.877090500085615,45.6875,140.0,430.8153236291059,3.7815180740826437,16.819779995572777,5.907506087719192,125.46649386399434,181.38614012374282,29.537530438595958,2,8,13,7,1.625,1,0.4204944998893194,20,775,0.06831180001609027,0.0625,597.3241277864805,45.59260129998438,0.0,"[0, 1, 20, 7, 8, 5, 14, 13, 21]","[{""drone"":1,""index"":1,""launch"":0,""recovery"":21,""customers"":[4]},{""drone"":2,""index"":1,""launch"":1,""recovery"":20,""customers"":[3,9]},{""drone"":2,""index"":2,""launch"":20,""recovery"":7,""customers"":[10,11,19]},{""drone"":2,""index"":3,""launch"":7,""recovery"":8,""customers"":[18]},{""drone"":2,""index"":4,""launch"":8,""recovery"":5,""customers"":[6]},{""drone"":2,""index"":5,""launch"":5,""recovery"":14,""customers"":[17,16]},{""drone"":2,""index"":6,""launch"":14,""recovery"":13,""customers"":[15]},{""drone"":2,""index"":7,""launch"":13,""recovery"":21,""customers"":[2,12]}]",,,,,,,,,,,,,,33cae732436e27f2e125a4b852688a3264f8017f2ac4c96951d0a47651527cfc,0200f1c31a2b13fb86b4f38f8bd604763096a2cd59bda3704a5d93296f1e017f,27e26aa2ffc98aa6bf768767244d914aff8cf148c1717ad539cda328cc310827
r101改20.xlsx,IALNS-final-frozen-20261002,R,101,20,206369,0.6,,,,,main_fixed8_full_ialns,4500,True,857.6801928143843,True,597.3962995990369,43.54710590001196,42.75,0.20366639993153512,0.203125,9.370001498609781e-05,0.0,43.75086599995848,42.953125,140.0,439.6289539768477,0.7425857460142201,11.025114384725239,5.999645491449657,126.18538186930606,203.57602789643167,29.998227457248284,2,9,12,8,1.3333333333333333,1,0.27562785961813097,24,3380,0.09428799990564585,0.09375,597.3962995990369,43.45281790010631,0.0,"[0, 1, 20, 10, 7, 8, 5, 14, 13, 21]","[{""drone"":1,""index"":1,""launch"":0,""recovery"":1,""customers"":[9]},{""drone"":1,""index"":2,""launch"":1,""recovery"":10,""customers"":[3]},{""drone"":1,""index"":3,""launch"":10,""recovery"":7,""customers"":[11,19]},{""drone"":1,""index"":4,""launch"":7,""recovery"":8,""customers"":[18]},{""drone"":1,""index"":5,""launch"":8,""recovery"":5,""customers"":[6]},{""drone"":1,""index"":6,""launch"":5,""recovery"":14,""customers"":[17,16]},{""drone"":1,""index"":7,""launch"":14,""recovery"":13,""customers"":[15]},{""drone"":1,""index"":8,""launch"":13,""recovery"":21,""customers"":[2,12]},{""drone"":2,""index"":1,""launch"":0,""recovery"":21,""customers"":[4]}]",,,,,,,,,,,,,,33cae732436e27f2e125a4b852688a3264f8017f2ac4c96951d0a47651527cfc,0200f1c31a2b13fb86b4f38f8bd604763096a2cd59bda3704a5d93296f1e017f,27e26aa2ffc98aa6bf768767244d914aff8cf148c1717ad539cda328cc310827
r101改20.xlsx,IALNS-final-frozen-20261002,R,101,20,231779,0.6,,,,,main_fixed8_full_ialns,4500,True,857.6801928143843,True,597.3241277864805,43.9487114000367,43.4375,0.22617299994453788,0.234375,6.479991134256124e-05,0.0,44.17494919989258,43.671875,140.0,430.8153236291059,3.7815180740826437,16.819779995572777,5.907506087719192,125.46649386399434,181.38614012374282,29.537530438595958,2,8,13,7,1.625,1,0.4204944998893194,23,1362,0.0700078000081703,0.078125,597.3241277864805,43.87870360002853,0.0,"[0, 1, 20, 7, 8, 5, 14, 13, 21]","[{""drone"":1,""index"":1,""launch"":1,""recovery"":20,""customers"":[3,9]},{""drone"":1,""index"":2,""launch"":20,""recovery"":7,""customers"":[10,11,19]},{""drone"":1,""index"":3,""launch"":7,""recovery"":8,""customers"":[18]},{""drone"":1,""index"":4,""launch"":8,""recovery"":5,""customers"":[6]},{""drone"":1,""index"":5,""launch"":5,""recovery"":14,""customers"":[17,16]},{""drone"":1,""index"":6,""launch"":14,""recovery"":13,""customers"":[15]},{""drone"":1,""index"":7,""launch"":13,""recovery"":21,""customers"":[2,12]},{""drone"":2,""index"":1,""launch"":0,""recovery"":21,""customers"":[4]}]",,,,,,,,,,,,,,33cae732436e27f2e125a4b852688a3264f8017f2ac4c96951d0a47651527cfc,0200f1c31a2b13fb86b4f38f8bd604763096a2cd59bda3704a5d93296f1e017f,27e26aa2ffc98aa6bf768767244d914aff8cf148c1717ad539cda328cc310827
r101改20.xlsx,IALNS-final-frozen-20261002,R,101,20,257053,0.6,,,,,main_fixed8_full_ialns,4500,True,857.6801928143843,True,597.3241277864805,47.24773449997883,45.546875,0.2955147000029683,0.25,4.039995837956667e-05,0.0,47.54328959994018,45.796875,140.0,430.8153236291059,3.7815180740826437,16.819779995572777,5.907506087719192,125.46649386399434,181.38614012374282,29.537530438595958,2,8,13,7,1.625,1,0.4204944998893194,19,2365,0.07493830006569624,0.046875,597.3241277864805,47.17279619991314,0.0,"[0, 1, 20, 7, 8, 5, 14, 13, 21]","[{""drone"":1,""index"":1,""launch"":1,""recovery"":20,""customers"":[3,9]},{""drone"":1,""index"":2,""launch"":20,""recovery"":7,""customers"":[10,11,19]},{""drone"":1,""index"":3,""launch"":7,""recovery"":8,""customers"":[18]},{""drone"":1,""index"":4,""launch"":8,""recovery"":5,""customers"":[6]},{""drone"":1,""index"":5,""launch"":5,""recovery"":14,""customers"":[17,16]},{""drone"":1,""index"":6,""launch"":14,""recovery"":13,""customers"":[15]},{""drone"":1,""index"":7,""launch"":13,""recovery"":21,""customers"":[2,12]},{""drone"":2,""index"":1,""launch"":0,""recovery"":21,""customers"":[4]}]",,,,,,,,,,,,,,33cae732436e27f2e125a4b852688a3264f8017f2ac4c96951d0a47651527cfc,0200f1c31a2b13fb86b4f38f8bd604763096a2cd59bda3704a5d93296f1e017f,27e26aa2ffc98aa6bf768767244d914aff8cf148c1717ad539cda328cc310827
r101改20.xlsx,IALNS-final-frozen-20261002,R,101,20,282427,0.6,,,,,main_fixed8_full_ialns,4500,True,857.6801928143843,True,597.3962995990369,45.9354658999946,45.28125,0.24604139989241958,0.25,5.1200040616095066e-05,0.0,46.18155849992763,45.53125,140.0,439.6289539768477,0.7425857460142201,11.025114384725239,5.999645491449657,126.18538186930606,203.57602789643167,29.998227457248284,2,9,12,8,1.3333333333333333,1,0.27562785961813097,18,1648,0.07914459996391088,0.078125,597.3962995990369,45.856321300030686,0.0,"[0, 1, 20, 10, 7, 8, 5, 14, 13, 21]","[{""drone"":1,""index"":1,""launch"":0,""recovery"":21,""customers"":[4]},{""drone"":2,""index"":1,""launch"":0,""recovery"":1,""customers"":[9]},{""drone"":2,""index"":2,""launch"":1,""recovery"":10,""customers"":[3]},{""drone"":2,""index"":3,""launch"":10,""recovery"":7,""customers"":[11,19]},{""drone"":2,""index"":4,""launch"":7,""recovery"":8,""customers"":[18]},{""drone"":2,""index"":5,""launch"":8,""recovery"":5,""customers"":[6]},{""drone"":2,""index"":6,""launch"":5,""recovery"":14,""customers"":[17,16]},{""drone"":2,""index"":7,""launch"":14,""recovery"":13,""customers"":[15]},{""drone"":2,""index"":8,""launch"":13,""recovery"":21,""customers"":[2,12]}]",,,,,,,,,,,,,,33cae732436e27f2e125a4b852688a3264f8017f2ac4c96951d0a47651527cfc,0200f1c31a2b13fb86b4f38f8bd604763096a2cd59bda3704a5d93296f1e017f,27e26aa2ffc98aa6bf768767244d914aff8cf148c1717ad539cda328cc310827
r101改20.xlsx,IALNS-final-frozen-20261002,R,101,20,307831,0.6,,,,,main_fixed8_full_ialns,4500,True,857.6801928143843,True,597.3241277864805,43.63073350000195,42.84375,0.20563109999056906,0.203125,4.429998807609081e-05,0.0,43.8364088999806,43.046875,140.0,430.8153236291059,3.7815180740826437,16.819779995572777,5.907506087719192,125.46649386399434,181.38614012374282,29.537530438595958,2,8,13,7,1.625,1,0.4204944998893194,37,3495,0.06977719999849796,0.078125,597.3241277864805,43.560956300003454,0.0,"[0, 1, 20, 7, 8, 5, 14, 13, 21]","[{""drone"":1,""index"":1,""launch"":1,""recovery"":20,""customers"":[3,9]},{""drone"":1,""index"":2,""launch"":20,""recovery"":7,""customers"":[10,11,19]},{""drone"":1,""index"":3,""launch"":7,""recovery"":8,""customers"":[18]},{""drone"":1,""index"":4,""launch"":8,""recovery"":5,""customers"":[6]},{""drone"":1,""index"":5,""launch"":5,""recovery"":14,""customers"":[17,16]},{""drone"":1,""index"":6,""launch"":14,""recovery"":13,""customers"":[15]},{""drone"":1,""index"":7,""launch"":13,""recovery"":21,""customers"":[2,12]},{""drone"":2,""index"":1,""launch"":0,""recovery"":21,""customers"":[4]}]",,,,,,,,,,,,,,33cae732436e27f2e125a4b852688a3264f8017f2ac4c96951d0a47651527cfc,0200f1c31a2b13fb86b4f38f8bd604763096a2cd59bda3704a5d93296f1e017f,27e26aa2ffc98aa6bf768767244d914aff8cf148c1717ad539cda328cc310827
r101改20.xlsx,IALNS-final-frozen-20261002,R,101,20,333287,0.6,,,,,main_fixed8_full_ialns,4500,True,838.3492972122533,True,597.3962995990369,45.351578400004655,45.0625,0.273565600044094,0.28125,4.220008850097656e-05,0.0,45.62518620013725,45.34375,140.0,439.6289539768477,0.7425857460142201,11.025114384725239,5.999645491449657,126.18538186930606,203.57602789643167,29.998227457248284,2,9,12,8,1.3333333333333333,1,0.27562785961813097,24,3207,0.09022240003105253,0.09375,597.3962995990369,45.2613559999736,0.0,"[0, 1, 20, 10, 7, 8, 5, 14, 13, 21]","[{""drone"":1,""index"":1,""launch"":0,""recovery"":21,""customers"":[4]},{""drone"":2,""index"":1,""launch"":0,""recovery"":1,""customers"":[9]},{""drone"":2,""index"":2,""launch"":1,""recovery"":10,""customers"":[3]},{""drone"":2,""index"":3,""launch"":10,""recovery"":7,""customers"":[11,19]},{""drone"":2,""index"":4,""launch"":7,""recovery"":8,""customers"":[18]},{""drone"":2,""index"":5,""launch"":8,""recovery"":5,""customers"":[6]},{""drone"":2,""index"":6,""launch"":5,""recovery"":14,""customers"":[17,16]},{""drone"":2,""index"":7,""launch"":14,""recovery"":13,""customers"":[15]},{""drone"":2,""index"":8,""launch"":13,""recovery"":21,""customers"":[2,12]}]",,,,,,,,,,,,,,33cae732436e27f2e125a4b852688a3264f8017f2ac4c96951d0a47651527cfc,0200f1c31a2b13fb86b4f38f8bd604763096a2cd59bda3704a5d93296f1e017f,27e26aa2ffc98aa6bf768767244d914aff8cf148c1717ad539cda328cc310827
rc101改20.xlsx,IALNS-final-frozen-20261002,RC,101,20,104729,0.6,,,,,main_fixed8_full_ialns,4500,True,767.2651832454286,True,602.661368574618,36.29272749996744,35.8125,0.03256700001657009,0.03125,4.409998655319214e-05,0.0,36.325338599970564,35.84375,120.0,466.5443182086674,4.355000110372912,5.197400371164775,6.564649884412927,146.63209445319413,88.82678283028325,32.823249422064634,1,6,11,9,1.8333333333333333,1,0.12993500927911938,33,3983,0.5356665999861434,0.53125,602.661368574618,35.7570608999813,0.0,"[0, 2, 6, 7, 14, 11, 10, 9, 19, 20, 21]","[{""drone"":1,""index"":1,""launch"":0,""recovery"":2,""customers"":[3]},{""drone"":1,""index"":2,""launch"":2,""recovery"":7,""customers"":[4,1,5,8]},{""drone"":1,""index"":3,""launch"":14,""recovery"":11,""customers"":[17,13]},{""drone"":1,""index"":4,""launch"":11,""recovery"":10,""customers"":[12]},{""drone"":1,""index"":5,""launch"":10,""recovery"":9,""customers"":[15,16]},{""drone"":1,""index"":6,""launch"":19,""recovery"":20,""customers"":[18]}]",,,,,,,,,,,,,,33cae732436e27f2e125a4b852688a3264f8017f2ac4c96951d0a47651527cfc,b6da632bd915fd89b82606d0abd22bec277c977ff58a34ea47b22a7624805551,db70bf887cf90312030ff025e77387ca74480a0fae83c18288a6ffcb0a00ed44
rc101改20.xlsx,IALNS-final-frozen-20261002,RC,101,20,130363,0.6,,,,,main_fixed8_full_ialns,4500,True,767.2651832454286,True,600.1423281473935,36.29247340001166,35.796875,0.02996219997294247,0.03125,5.100003909319639e-05,0.0,36.322486600023694,35.828125,120.0,463.0112432421795,6.305252357820695,4.344991790335122,6.480840757058177,143.32759346675383,110.09487613972661,32.40420378529088,1,6,13,7,2.1666666666666665,1,0.10862479475837805,22,671,0.08990050002466887,0.078125,600.1423281473935,36.20257289998699,0.0,"[0, 2, 6, 14, 11, 10, 19, 20, 21]","[{""drone"":1,""index"":1,""launch"":0,""recovery"":2,""customers"":[3]},{""drone"":1,""index"":2,""launch"":2,""recovery"":6,""customers"":[4,1,5,8]},{""drone"":1,""index"":3,""launch"":6,""recovery"":14,""customers"":[7,17,16]},{""drone"":1,""index"":4,""launch"":14,""recovery"":11,""customers"":[13,9]},{""drone"":1,""index"":5,""launch"":11,""recovery"":10,""customers"":[15,12]},{""drone"":1,""index"":6,""launch"":19,""recovery"":20,""customers"":[18]}]",,,,,,,,,,,,,,33cae732436e27f2e125a4b852688a3264f8017f2ac4c96951d0a47651527cfc,b6da632bd915fd89b82606d0abd22bec277c977ff58a34ea47b22a7624805551,db70bf887cf90312030ff025e77387ca74480a0fae83c18288a6ffcb0a00ed44
rc101改20.xlsx,IALNS-final-frozen-20261002,RC,101,20,155921,0.6,,,,,main_fixed8_full_ialns,4500,True,767.2651832454286,True,600.1423281473935,36.38651470001787,36.140625,0.04243649996351451,0.046875,4.369998350739479e-05,0.0,36.42899489996489,36.1875,120.0,463.0112432421795,6.305252357820695,4.344991790335122,6.480840757058177,143.32759346675383,110.09487613972661,32.40420378529088,1,6,13,7,2.1666666666666665,1,0.10862479475837805,19,2431,0.09034379990771413,0.09375,600.1423281473935,36.296170900110155,0.0,"[0, 2, 6, 14, 11, 10, 19, 20, 21]","[{""drone"":1,""index"":1,""launch"":0,""recovery"":2,""customers"":[3]},{""drone"":1,""index"":2,""launch"":2,""recovery"":6,""customers"":[4,1,5,8]},{""drone"":1,""index"":3,""launch"":6,""recovery"":14,""customers"":[7,17,16]},{""drone"":1,""index"":4,""launch"":14,""recovery"":11,""customers"":[13,9]},{""drone"":1,""index"":5,""launch"":11,""recovery"":10,""customers"":[15,12]},{""drone"":1,""index"":6,""launch"":19,""recovery"":20,""customers"":[18]}]",,,,,,,,,,,,,,33cae732436e27f2e125a4b852688a3264f8017f2ac4c96951d0a47651527cfc,b6da632bd915fd89b82606d0abd22bec277c977ff58a34ea47b22a7624805551,db70bf887cf90312030ff025e77387ca74480a0fae83c18288a6ffcb0a00ed44
rc101改20.xlsx,IALNS-final-frozen-20261002,RC,101,20,181081,0.6,,,,,main_fixed8_full_ialns,4500,True,767.2651832454286,True,600.1423281473935,40.554075599997304,40.390625,0.03255500004161149,0.03125,4.830001853406429e-05,0.0,40.58667890005745,40.421875,120.0,463.0112432421795,6.305252357820695,4.344991790335122,6.480840757058177,143.32759346675383,110.09487613972661,32.40420378529088,1,6,13,7,2.1666666666666665,1,0.10862479475837805,13,2519,0.08876000007148832,0.09375,600.1423281473935,40.465315599925816,0.0,"[0, 2, 6, 14, 11, 10, 19, 20, 21]","[{""drone"":1,""index"":1,""launch"":0,""recovery"":2,""customers"":[3]},{""drone"":1,""index"":2,""launch"":2,""recovery"":6,""customers"":[4,1,5,8]},{""drone"":1,""index"":3,""launch"":6,""recovery"":14,""customers"":[7,17,16]},{""drone"":1,""index"":4,""launch"":14,""recovery"":11,""customers"":[13,9]},{""drone"":1,""index"":5,""launch"":11,""recovery"":10,""customers"":[15,12]},{""drone"":1,""index"":6,""launch"":19,""recovery"":20,""customers"":[18]}]",,,,,,,,,,,,,,33cae732436e27f2e125a4b852688a3264f8017f2ac4c96951d0a47651527cfc,b6da632bd915fd89b82606d0abd22bec277c977ff58a34ea47b22a7624805551,db70bf887cf90312030ff025e77387ca74480a0fae83c18288a6ffcb0a00ed44
rc101改20.xlsx,IALNS-final-frozen-20261002,RC,101,20,206369,0.6,,,,,main_fixed8_full_ialns,4500,True,767.2651832454286,True,600.1423281473935,33.945842200075276,33.84375,0.029578299960121512,0.03125,4.1899969801306725e-05,0.0,33.9754624000052,33.875,120.0,463.0112432421795,6.305252357820695,4.344991790335122,6.480840757058177,143.32759346675383,110.09487613972661,32.40420378529088,1,6,13,7,2.1666666666666665,1,0.10862479475837805,25,3747,0.0804760999744758,0.078125,600.1423281473935,33.8653661001008,0.0,"[0, 2, 6, 14, 11, 10, 19, 20, 21]","[{""drone"":1,""index"":1,""launch"":0,""recovery"":2,""customers"":[3]},{""drone"":1,""index"":2,""launch"":2,""recovery"":6,""customers"":[4,1,5,8]},{""drone"":1,""index"":3,""launch"":6,""recovery"":14,""customers"":[7,17,16]},{""drone"":1,""index"":4,""launch"":14,""recovery"":11,""customers"":[13,9]},{""drone"":1,""index"":5,""launch"":11,""recovery"":10,""customers"":[15,12]},{""drone"":1,""index"":6,""launch"":19,""recovery"":20,""customers"":[18]}]",,,,,,,,,,,,,,33cae732436e27f2e125a4b852688a3264f8017f2ac4c96951d0a47651527cfc,b6da632bd915fd89b82606d0abd22bec277c977ff58a34ea47b22a7624805551,db70bf887cf90312030ff025e77387ca74480a0fae83c18288a6ffcb0a00ed44
rc101改20.xlsx,IALNS-final-frozen-20261002,RC,101,20,231779,0.6,,,,,main_fixed8_full_ialns,4500,True,767.2651832454286,True,603.0850693267099,35.12988579994999,35.03125,0.02980250003747642,0.03125,4.75000124424696e-05,0.0,35.15973579999991,35.0625,120.0,461.7621552526832,5.179033449877691,9.674514822087605,6.469365802061337,143.32759346675383,105.93124950807237,32.346829010306685,1,6,13,7,2.1666666666666665,1,0.24186287055219013,21,1348,0.08447419991716743,0.09375,603.0850693267099,35.04541160003282,1.1368683772161603e-13,"[0, 2, 6, 14, 11, 10, 19, 20, 21]","[{""drone"":1,""index"":1,""launch"":0,""recovery"":2,""customers"":[3]},{""drone"":1,""index"":2,""launch"":2,""recovery"":6,""customers"":[4,1,5,8]},{""drone"":1,""index"":3,""launch"":6,""recovery"":14,""customers"":[7,17,16]},{""drone"":1,""index"":4,""launch"":14,""recovery"":11,""customers"":[12,15]},{""drone"":1,""index"":5,""launch"":11,""recovery"":10,""customers"":[13,9]},{""drone"":1,""index"":6,""launch"":19,""recovery"":20,""customers"":[18]}]",,,,,,,,,,,,,,33cae732436e27f2e125a4b852688a3264f8017f2ac4c96951d0a47651527cfc,b6da632bd915fd89b82606d0abd22bec277c977ff58a34ea47b22a7624805551,db70bf887cf90312030ff025e77387ca74480a0fae83c18288a6ffcb0a00ed44
rc101改20.xlsx,IALNS-final-frozen-20261002,RC,101,20,257053,0.6,,,,,main_fixed8_full_ialns,4500,True,767.2651832454286,True,601.8155805191909,41.917152800015174,41.65625,0.031185199972242117,0.03125,4.139996599406004e-05,0.0,41.94837939995341,41.6875,120.0,467.97337707234635,4.75356152706572,2.5318793864688516,6.556762533310003,145.27973676139305,107.11388929389038,32.78381266655001,1,6,12,8,2.0,1,0.06329698466172129,15,3176,0.3334319000132382,0.328125,601.8155805191909,41.583720900001936,0.0,"[0, 2, 6, 14, 12, 11, 10, 19, 20, 21]","[{""drone"":1,""index"":1,""launch"":0,""recovery"":2,""customers"":[3]},{""drone"":1,""index"":2,""launch"":2,""recovery"":6,""customers"":[1,5,4]},{""drone"":1,""index"":3,""launch"":6,""recovery"":14,""customers"":[8,7,17]},{""drone"":1,""index"":4,""launch"":14,""recovery"":11,""customers"":[13,9]},{""drone"":1,""index"":5,""launch"":11,""recovery"":10,""customers"":[16,15]},{""drone"":1,""index"":6,""launch"":19,""recovery"":20,""customers"":[18]}]",,,,,,,,,,,,,,33cae732436e27f2e125a4b852688a3264f8017f2ac4c96951d0a47651527cfc,b6da632bd915fd89b82606d0abd22bec277c977ff58a34ea47b22a7624805551,db70bf887cf90312030ff025e77387ca74480a0fae83c18288a6ffcb0a00ed44
rc101改20.xlsx,IALNS-final-frozen-20261002,RC,101,20,282427,0.6,,,,,main_fixed8_full_ialns,4500,True,767.2651832454286,True,600.1423281473935,37.64832190005109,37.21875,0.028669699910096824,0.03125,4.1899969801306725e-05,0.0,37.677033499930985,37.25,120.0,463.0112432421795,6.305252357820695,4.344991790335122,6.480840757058177,143.32759346675383,110.09487613972661,32.40420378529088,1,6,13,7,2.1666666666666665,1,0.10862479475837805,23,3074,0.08518729999195784,0.09375,600.1423281473935,37.56313460005913,0.0,"[0, 2, 6, 14, 11, 10, 19, 20, 21]","[{""drone"":1,""index"":1,""launch"":0,""recovery"":2,""customers"":[3]},{""drone"":1,""index"":2,""launch"":2,""recovery"":6,""customers"":[4,1,5,8]},{""drone"":1,""index"":3,""launch"":6,""recovery"":14,""customers"":[7,17,16]},{""drone"":1,""index"":4,""launch"":14,""recovery"":11,""customers"":[13,9]},{""drone"":1,""index"":5,""launch"":11,""recovery"":10,""customers"":[15,12]},{""drone"":1,""index"":6,""launch"":19,""recovery"":20,""customers"":[18]}]",,,,,,,,,,,,,,33cae732436e27f2e125a4b852688a3264f8017f2ac4c96951d0a47651527cfc,b6da632bd915fd89b82606d0abd22bec277c977ff58a34ea47b22a7624805551,db70bf887cf90312030ff025e77387ca74480a0fae83c18288a6ffcb0a00ed44
rc101改20.xlsx,IALNS-final-frozen-20261002,RC,101,20,307831,0.6,,,,,main_fixed8_full_ialns,4500,True,767.2651832454286,True,600.5105174418238,38.727879599900916,38.4375,0.034283299930393696,0.03125,4.680000711232424e-05,0.0,38.76220969983842,38.46875,120.0,467.19922927906435,4.811607119087107,1.9210674195073452,6.57861362416497,147.14350307944864,85.89573346906161,32.89306812082485,1,6,11,9,1.8333333333333333,1,0.04802668548768363,20,4063,0.4852334000170231,0.46875,600.5105174418238,38.24264619988389,0.0,"[0, 2, 6, 7, 12, 14, 11, 9, 19, 20, 21]","[{""drone"":1,""index"":1,""launch"":0,""recovery"":2,""customers"":[3]},{""drone"":1,""index"":2,""launch"":2,""recovery"":7,""customers"":[4,1,5,8]},{""drone"":1,""index"":3,""launch"":12,""recovery"":14,""customers"":[13,17]},{""drone"":1,""index"":4,""launch"":14,""recovery"":11,""customers"":[16,15]},{""drone"":1,""index"":5,""launch"":11,""recovery"":9,""customers"":[10]},{""drone"":1,""index"":6,""launch"":19,""recovery"":20,""customers"":[18]}]",,,,,,,,,,,,,,33cae732436e27f2e125a4b852688a3264f8017f2ac4c96951d0a47651527cfc,b6da632bd915fd89b82606d0abd22bec277c977ff58a34ea47b22a7624805551,db70bf887cf90312030ff025e77387ca74480a0fae83c18288a6ffcb0a00ed44
rc101改20.xlsx,IALNS-final-frozen-20261002,RC,101,20,333287,0.6,,,,,main_fixed8_full_ialns,4500,True,767.2651832454286,True,601.8155805191909,36.53529540007003,36.078125,0.03188170003704727,0.03125,4.320009611546993e-05,0.0,36.56722030020319,36.109375,120.0,467.97337707234635,4.75356152706572,2.5318793864688516,6.556762533310003,145.27973676139305,107.11388929389038,32.78381266655001,1,6,12,8,2.0,1,0.06329698466172129,23,1120,0.3825257000280544,0.390625,601.8155805191909,36.15276970004197,0.0,"[0, 2, 6, 14, 12, 11, 10, 19, 20, 21]","[{""drone"":1,""index"":1,""launch"":0,""recovery"":2,""customers"":[3]},{""drone"":1,""index"":2,""launch"":2,""recovery"":6,""customers"":[1,5,4]},{""drone"":1,""index"":3,""launch"":6,""recovery"":14,""customers"":[8,7,17]},{""drone"":1,""index"":4,""launch"":14,""recovery"":11,""customers"":[13,9]},{""drone"":1,""index"":5,""launch"":11,""recovery"":10,""customers"":[16,15]},{""drone"":1,""index"":6,""launch"":19,""recovery"":20,""customers"":[18]}]",,,,,,,,,,,,,,33cae732436e27f2e125a4b852688a3264f8017f2ac4c96951d0a47651527cfc,b6da632bd915fd89b82606d0abd22bec277c977ff58a34ea47b22a7624805551,db70bf887cf90312030ff025e77387ca74480a0fae83c18288a6ffcb0a00ed44
c101改50.xlsx,IALNS-final-frozen-20261002,C,101,50,104729,0.6,,,,,main_fixed8_full_ialns,4500,True,1135.0513036108296,True,635.5446228468046,336.5204917000374,335.65625,1.436554400017485,1.40625,4.6900007873773575e-05,0.0,337.95709300006274,337.0625,140.0,485.6393649548071,3.191181884318624,0.0,6.7140760076788215,144.9593977881162,169.20390530152835,33.570380038394106,2,14,34,16,2.4285714285714284,0,0.0,56,4500,1.1920297999167815,1.1875,635.7726622795682,335.3284619001206,1.1368683772161603e-13,"[0, 10, 11, 12, 14, 15, 13, 23, 22, 26, 28, 30, 34, 38, 31, 50, 47, 51]","[{""drone"":1,""index"":1,""launch"":11,""recovery"":12,""customers"":[8,4]},{""drone"":1,""index"":2,""launch"":12,""recovery"":14,""customers"":[16]},{""drone"":1,""index"":3,""launch"":14,""recovery"":15,""customers"":[19]},{""drone"":1,""index"":4,""launch"":15,""recovery"":13,""customers"":[18,17]},{""drone"":1,""index"":5,""launch"":23,""recovery"":22,""customers"":[21,20]},{""drone"":1,""index"":6,""launch"":22,""recovery"":50,""customers"":[25,29,49,48]},{""drone"":1,""index"":7,""launch"":50,""recovery"":47,""customers"":[44,40]},{""drone"":1,""index"":8,""launch"":47,""recovery"":51,""customers"":[42,41,43]},{""drone"":2,""index"":1,""launch"":10,""recovery"":13,""customers"":[7,1,2]},{""drone"":2,""index"":2,""launch"":13,""recovery"":23,""customers"":[9,6,3,5]},{""drone"":2,""index"":3,""launch"":22,""recovery"":28,""customers"":[24,27]},{""drone"":2,""index"":4,""launch"":34,""recovery"":38,""customers"":[32,33,36,39]},{""drone"":2,""index"":5,""launch"":38,""recovery"":31,""customers"":[37,35]},{""drone"":2,""index"":6,""launch"":50,""recovery"":47,""customers"":[45,46]}]",,,,,,,,,,,,,,33cae732436e27f2e125a4b852688a3264f8017f2ac4c96951d0a47651527cfc,ad4506d6f70a28f4ad24800bed6e71e0f21a82b41f5350d8896e64ed0c31901d,057686e3053ab6b8f3ed3ab4b4ddfa34278ac1f018a0cf85fdef457cfd336ac1
c101改50.xlsx,IALNS-final-frozen-20261002,C,101,50,130363,0.6,,,,,main_fixed8_full_ialns,4500,True,1135.0513036108296,True,633.6292102390928,343.09118979994673,339.859375,1.3117044999962673,1.25,4.139996599406004e-05,0.0,344.402935699909,341.109375,140.0,485.76576937382356,1.1537567875512216,0.0,6.709684077718056,144.6020512486398,173.19871875968047,33.54842038859028,2,14,35,15,2.5,0,0.0,60,4500,0.7098122000461444,0.703125,633.6708988806862,342.3813775999006,0.0,"[0, 10, 12, 14, 15, 13, 23, 22, 26, 28, 30, 34, 38, 31, 50, 47, 51]","[{""drone"":1,""index"":1,""launch"":10,""recovery"":23,""customers"":[8,6,3,5,7]},{""drone"":1,""index"":2,""launch"":23,""recovery"":22,""customers"":[21,20]},{""drone"":1,""index"":3,""launch"":22,""recovery"":50,""customers"":[25,29,49,48]},{""drone"":1,""index"":4,""launch"":50,""recovery"":47,""customers"":[46,45,44,42]},{""drone"":1,""index"":5,""launch"":47,""recovery"":51,""customers"":[43]},{""drone"":2,""index"":1,""launch"":10,""recovery"":12,""customers"":[4,11]},{""drone"":2,""index"":2,""launch"":12,""recovery"":14,""customers"":[16]},{""drone"":2,""index"":3,""launch"":14,""recovery"":15,""customers"":[18]},{""drone"":2,""index"":4,""launch"":15,""recovery"":13,""customers"":[19,17]},{""drone"":2,""index"":5,""launch"":13,""recovery"":23,""customers"":[9,2,1]},{""drone"":2,""index"":6,""launch"":22,""recovery"":28,""customers"":[24,27]},{""drone"":2,""index"":7,""launch"":34,""recovery"":38,""customers"":[32,33,36,39]},{""drone"":2,""index"":8,""launch"":38,""recovery"":31,""customers"":[37,35]},{""drone"":2,""index"":9,""launch"":50,""recovery"":47,""customers"":[40,41]}]",,,,,,,,,,,,,,33cae732436e27f2e125a4b852688a3264f8017f2ac4c96951d0a47651527cfc,ad4506d6f70a28f4ad24800bed6e71e0f21a82b41f5350d8896e64ed0c31901d,057686e3053ab6b8f3ed3ab4b4ddfa34278ac1f018a0cf85fdef457cfd336ac1
c101改50.xlsx,IALNS-final-frozen-20261002,C,101,50,155921,0.6,,,,,main_fixed8_full_ialns,4500,True,1135.0513036108296,True,649.9698444451365,329.59455579996575,328.3125,1.4496737000299618,1.390625,5.8299978263676167e-05,0.0,331.044287799974,329.703125,160.0,481.7726323135561,1.5448010865675244,0.0,6.652411045012872,143.277121159953,173.13756277899046,33.26205522506436,3,16,36,14,2.25,0,0.0,54,4500,0.944413400022313,0.9375,650.0398110189457,328.65014239994343,0.0,"[0, 10, 12, 15, 13, 23, 22, 28, 30, 34, 38, 37, 31, 50, 47, 51]","[{""drone"":1,""index"":1,""launch"":10,""recovery"":23,""customers"":[11,9,6,5]},{""drone"":1,""index"":2,""launch"":23,""recovery"":22,""customers"":[21]},{""drone"":1,""index"":3,""launch"":22,""recovery"":28,""customers"":[24,25]},{""drone"":1,""index"":4,""launch"":34,""recovery"":38,""customers"":[32,33,36,39]},{""drone"":1,""index"":5,""launch"":37,""recovery"":31,""customers"":[35]},{""drone"":1,""index"":6,""launch"":50,""recovery"":47,""customers"":[40,41]},{""drone"":2,""index"":1,""launch"":10,""recovery"":12,""customers"":[8,3,4]},{""drone"":2,""index"":2,""launch"":12,""recovery"":15,""customers"":[16]},{""drone"":2,""index"":3,""launch"":15,""recovery"":13,""customers"":[18,17]},{""drone"":2,""index"":4,""launch"":13,""recovery"":23,""customers"":[2,1,7]},{""drone"":2,""index"":5,""launch"":22,""recovery"":50,""customers"":[20,49,48]},{""drone"":2,""index"":6,""launch"":50,""recovery"":47,""customers"":[46,43]},{""drone"":3,""index"":1,""launch"":12,""recovery"":15,""customers"":[14]},{""drone"":3,""index"":2,""launch"":15,""recovery"":13,""customers"":[19]},{""drone"":3,""index"":3,""launch"":23,""recovery"":30,""customers"":[26,27,29]},{""drone"":3,""index"":4,""launch"":50,""recovery"":47,""customers"":[45,44,42]}]",,,,,,,,,,,,,,33cae732436e27f2e125a4b852688a3264f8017f2ac4c96951d0a47651527cfc,ad4506d6f70a28f4ad24800bed6e71e0f21a82b41f5350d8896e64ed0c31901d,057686e3053ab6b8f3ed3ab4b4ddfa34278ac1f018a0cf85fdef457cfd336ac1
c101改50.xlsx,IALNS-final-frozen-20261002,C,101,50,181081,0.6,,,,,main_fixed8_full_ialns,4500,True,1135.0513036108296,True,636.3506845566033,378.3107077999739,376.265625,1.4360891000833362,1.421875,4.320009611546993e-05,0.0,379.74684010015335,377.6875,140.0,485.35638585485935,4.297160487140596,0.0,6.697138214603301,144.03673637172835,177.4872557989144,33.485691073016504,2,14,34,16,2.4285714285714284,0,0.0,49,4327,0.6088357999688014,0.609375,636.3506845566033,377.7018720000051,0.0,"[0, 10, 11, 12, 14, 15, 13, 23, 22, 26, 28, 30, 34, 38, 37, 31, 47, 51]","[{""drone"":1,""index"":1,""launch"":10,""recovery"":11,""customers"":[3,1,8]},{""drone"":1,""index"":2,""launch"":12,""recovery"":14,""customers"":[16]},{""drone"":1,""index"":3,""launch"":14,""recovery"":15,""customers"":[19]},{""drone"":1,""index"":4,""launch"":15,""recovery"":13,""customers"":[18,17]},{""drone"":1,""index"":5,""launch"":13,""recovery"":23,""customers"":[2,5,7]},{""drone"":1,""index"":6,""launch"":23,""recovery"":22,""customers"":[21,20]},{""drone"":1,""index"":7,""launch"":22,""recovery"":28,""customers"":[24,27]},{""drone"":1,""index"":8,""launch"":34,""recovery"":38,""customers"":[32,33,36,39]},{""drone"":1,""index"":9,""launch"":37,""recovery"":31,""customers"":[35]},{""drone"":1,""index"":10,""launch"":31,""recovery"":47,""customers"":[50,46,45,44,42]},{""drone"":1,""index"":11,""launch"":47,""recovery"":51,""customers"":[40,41]},{""drone"":2,""index"":1,""launch"":11,""recovery"":23,""customers"":[9,6,4]},{""drone"":2,""index"":2,""launch"":22,""recovery"":47,""customers"":[25,29,49,48]},{""drone"":2,""index"":3,""launch"":47,""recovery"":51,""customers"":[43]}]",,,,,,,,,,,,,,33cae732436e27f2e125a4b852688a3264f8017f2ac4c96951d0a47651527cfc,ad4506d6f70a28f4ad24800bed6e71e0f21a82b41f5350d8896e64ed0c31901d,057686e3053ab6b8f3ed3ab4b4ddfa34278ac1f018a0cf85fdef457cfd336ac1
c101改50.xlsx,IALNS-final-frozen-20261002,C,101,50,206369,0.6,,,,,main_fixed8_full_ialns,4500,True,1135.0513036108296,True,637.0708105920597,339.3516941999551,333.65625,1.5684344000183046,1.53125,4.1899969801306725e-05,0.0,340.9201704999432,335.1875,140.0,485.99293480762617,4.390241653621512,0.0,6.687634130812012,143.0488440398511,189.48800896024292,33.43817065406006,2,16,37,13,2.3125,0,0.0,47,4500,1.045935499947518,1.046875,637.4750626260125,338.3057587000076,0.0,"[0, 10, 12, 15, 13, 23, 22, 25, 30, 34, 38, 31, 50, 47, 51]","[{""drone"":1,""index"":1,""launch"":12,""recovery"":15,""customers"":[16]},{""drone"":1,""index"":2,""launch"":15,""recovery"":13,""customers"":[19]},{""drone"":1,""index"":3,""launch"":13,""recovery"":23,""customers"":[9,2,8]},{""drone"":1,""index"":4,""launch"":23,""recovery"":22,""customers"":[21,20]},{""drone"":1,""index"":5,""launch"":25,""recovery"":30,""customers"":[26,28]},{""drone"":1,""index"":6,""launch"":34,""recovery"":38,""customers"":[32,33,36,39]},{""drone"":1,""index"":7,""launch"":38,""recovery"":31,""customers"":[37,35]},{""drone"":1,""index"":8,""launch"":50,""recovery"":47,""customers"":[40,41]},{""drone"":1,""index"":9,""launch"":47,""recovery"":51,""customers"":[43]},{""drone"":2,""index"":1,""launch"":10,""recovery"":12,""customers"":[5,3,4]},{""drone"":2,""index"":2,""launch"":12,""recovery"":15,""customers"":[14]},{""drone"":2,""index"":3,""launch"":15,""recovery"":13,""customers"":[18,17]},{""drone"":2,""index"":4,""launch"":13,""recovery"":23,""customers"":[11,6,1,7]},{""drone"":2,""index"":5,""launch"":22,""recovery"":25,""customers"":[24,27]},{""drone"":2,""index"":6,""launch"":25,""recovery"":50,""customers"":[29,49,46,48]},{""drone"":2,""index"":7,""launch"":50,""recovery"":47,""customers"":[45,44,42]}]",,,,,,,,,,,,,,33cae732436e27f2e125a4b852688a3264f8017f2ac4c96951d0a47651527cfc,ad4506d6f70a28f4ad24800bed6e71e0f21a82b41f5350d8896e64ed0c31901d,057686e3053ab6b8f3ed3ab4b4ddfa34278ac1f018a0cf85fdef457cfd336ac1
c101改50.xlsx,IALNS-final-frozen-20261002,C,101,50,231779,0.6,,,,,main_fixed8_full_ialns,4500,True,1135.0513036108296,True,653.2442692098484,348.77899300004356,347.109375,1.5178389999782667,1.40625,4.190008621662855e-05,0.0,350.29687390010804,348.515625,160.0,485.82251022277956,0.7173115295337946,0.0,6.7044474575350534,144.23153133559322,177.093054053333,33.52223728767527,3,16,36,14,2.25,0,0.0,47,4500,1.503876900067553,1.453125,653.4436956021083,347.275116099976,0.0,"[0, 10, 12, 14, 15, 13, 23, 22, 28, 30, 34, 38, 31, 50, 47, 51]","[{""drone"":1,""index"":1,""launch"":10,""recovery"":15,""customers"":[4,11]},{""drone"":1,""index"":2,""launch"":15,""recovery"":13,""customers"":[18,17]},{""drone"":1,""index"":3,""launch"":13,""recovery"":23,""customers"":[9,6,1,3,5]},{""drone"":1,""index"":4,""launch"":23,""recovery"":22,""customers"":[21]},{""drone"":1,""index"":5,""launch"":22,""recovery"":30,""customers"":[25,24,29]},{""drone"":1,""index"":6,""launch"":34,""recovery"":38,""customers"":[36,39]},{""drone"":1,""index"":7,""launch"":38,""recovery"":31,""customers"":[37,35]},{""drone"":1,""index"":8,""launch"":50,""recovery"":47,""customers"":[44,40]},{""drone"":2,""index"":1,""launch"":14,""recovery"":15,""customers"":[16]},{""drone"":2,""index"":2,""launch"":15,""recovery"":13,""customers"":[19]},{""drone"":2,""index"":3,""launch"":22,""recovery"":50,""customers"":[20,43,45,48]},{""drone"":2,""index"":4,""launch"":50,""recovery"":47,""customers"":[46,42,41]},{""drone"":3,""index"":1,""launch"":10,""recovery"":23,""customers"":[8,2,7]},{""drone"":3,""index"":2,""launch"":23,""recovery"":28,""customers"":[26,27]},{""drone"":3,""index"":3,""launch"":34,""recovery"":31,""customers"":[33,32]},{""drone"":3,""index"":4,""launch"":31,""recovery"":47,""customers"":[49]}]",,,,,,,,,,,,,,33cae732436e27f2e125a4b852688a3264f8017f2ac4c96951d0a47651527cfc,ad4506d6f70a28f4ad24800bed6e71e0f21a82b41f5350d8896e64ed0c31901d,057686e3053ab6b8f3ed3ab4b4ddfa34278ac1f018a0cf85fdef457cfd336ac1
c101改50.xlsx,IALNS-final-frozen-20261002,C,101,50,257053,0.6,,,,,main_fixed8_full_ialns,4500,True,1135.0513036108296,True,650.0395332586321,370.24355469993316,356.96875,1.625243299989961,1.53125,4.3199979700148106e-05,0.0,371.8688411999028,358.5,160.0,481.9620060199703,1.4269239069790718,0.0,6.650603331682747,143.0488440398511,176.05157966805677,33.253016658413735,3,16,37,13,2.3125,0,0.0,41,4500,0.8913240999681875,0.875,650.1904786617575,369.35223059996497,0.0,"[0, 10, 12, 15, 13, 23, 22, 28, 30, 34, 38, 31, 50, 47, 51]","[{""drone"":1,""index"":1,""launch"":10,""recovery"":23,""customers"":[6,4,7]},{""drone"":1,""index"":2,""launch"":23,""recovery"":22,""customers"":[21]},{""drone"":1,""index"":3,""launch"":22,""recovery"":50,""customers"":[20,49,45,48]},{""drone"":1,""index"":4,""launch"":50,""recovery"":47,""customers"":[44,40]},{""drone"":2,""index"":1,""launch"":12,""recovery"":15,""customers"":[14]},{""drone"":2,""index"":2,""launch"":15,""recovery"":13,""customers"":[19]},{""drone"":2,""index"":3,""launch"":13,""recovery"":23,""customers"":[11,8,3,5]},{""drone"":2,""index"":4,""launch"":23,""recovery"":30,""customers"":[26,27,29]},{""drone"":2,""index"":5,""launch"":38,""recovery"":31,""customers"":[39,36,33,32]},{""drone"":2,""index"":6,""launch"":50,""recovery"":47,""customers"":[46]},{""drone"":3,""index"":1,""launch"":12,""recovery"":15,""customers"":[16]},{""drone"":3,""index"":2,""launch"":15,""recovery"":13,""customers"":[18,17]},{""drone"":3,""index"":3,""launch"":13,""recovery"":23,""customers"":[9,2,1]},{""drone"":3,""index"":4,""launch"":22,""recovery"":28,""customers"":[24,25]},{""drone"":3,""index"":5,""launch"":38,""recovery"":31,""customers"":[37,35]},{""drone"":3,""index"":6,""launch"":50,""recovery"":47,""customers"":[42,41,43]}]",,,,,,,,,,,,,,33cae732436e27f2e125a4b852688a3264f8017f2ac4c96951d0a47651527cfc,ad4506d6f70a28f4ad24800bed6e71e0f21a82b41f5350d8896e64ed0c31901d,057686e3053ab6b8f3ed3ab4b4ddfa34278ac1f018a0cf85fdef457cfd336ac1
c101改50.xlsx,IALNS-final-frozen-20261002,C,101,50,282427,0.6,,,,,main_fixed8_full_ialns,4500,True,1135.0513036108296,True,633.8532655955416,336.0341579000233,333.546875,1.2997919000918046,1.296875,4.279997665435076e-05,0.0,337.33399260009173,334.84375,140.0,486.26292012299973,0.8818521160568156,0.0,6.708493356485076,144.23153133559322,178.56108705406692,33.54246678242538,2,15,36,14,2.4,0,0.0,45,4500,1.019138199975714,1.015625,634.4867943145973,335.01501970004756,0.0,"[0, 10, 12, 14, 15, 13, 23, 22, 28, 30, 34, 38, 31, 50, 47, 51]","[{""drone"":1,""index"":1,""launch"":10,""recovery"":12,""customers"":[4,11]},{""drone"":1,""index"":2,""launch"":12,""recovery"":14,""customers"":[16]},{""drone"":1,""index"":3,""launch"":14,""recovery"":15,""customers"":[18]},{""drone"":1,""index"":4,""launch"":15,""recovery"":13,""customers"":[19,17]},{""drone"":1,""index"":5,""launch"":13,""recovery"":23,""customers"":[2,1,7]},{""drone"":1,""index"":6,""launch"":23,""recovery"":22,""customers"":[24]},{""drone"":1,""index"":7,""launch"":22,""recovery"":28,""customers"":[25,29,27,26]},{""drone"":1,""index"":8,""launch"":34,""recovery"":38,""customers"":[32,33,36,39]},{""drone"":1,""index"":9,""launch"":38,""recovery"":31,""customers"":[37,35]},{""drone"":1,""index"":10,""launch"":50,""recovery"":47,""customers"":[45,44,42]},{""drone"":1,""index"":11,""launch"":47,""recovery"":51,""customers"":[40,41]},{""drone"":2,""index"":1,""launch"":10,""recovery"":23,""customers"":[8,9,6,3,5]},{""drone"":2,""index"":2,""launch"":23,""recovery"":22,""customers"":[21]},{""drone"":2,""index"":3,""launch"":22,""recovery"":50,""customers"":[20,49,48]},{""drone"":2,""index"":4,""launch"":50,""recovery"":47,""customers"":[46,43]}]",,,,,,,,,,,,,,33cae732436e27f2e125a4b852688a3264f8017f2ac4c96951d0a47651527cfc,ad4506d6f70a28f4ad24800bed6e71e0f21a82b41f5350d8896e64ed0c31901d,057686e3053ab6b8f3ed3ab4b4ddfa34278ac1f018a0cf85fdef457cfd336ac1
c101改50.xlsx,IALNS-final-frozen-20261002,C,101,50,307831,0.6,,,,,main_fixed8_full_ialns,4500,True,1135.0513036108296,True,632.0717059350822,312.6189823000459,311.84375,1.431163000059314,1.421875,5.759997293353081e-05,0.0,314.05020290007815,313.265625,140.0,482.2090962027869,3.1730533255558147,0.0,6.689556406739519,145.40940645366257,153.26958947266388,33.44778203369759,2,14,33,17,2.357142857142857,0,0.0,51,3538,1.1747937999898568,1.171875,632.0717059350822,311.44418850005604,-1.1368683772161603e-13,"[0, 10, 11, 12, 14, 15, 13, 23, 22, 26, 28, 30, 34, 38, 37, 31, 47, 43, 51]","[{""drone"":1,""index"":1,""launch"":11,""recovery"":12,""customers"":[8,4]},{""drone"":1,""index"":2,""launch"":12,""recovery"":14,""customers"":[16]},{""drone"":1,""index"":3,""launch"":14,""recovery"":15,""customers"":[19]},{""drone"":1,""index"":4,""launch"":15,""recovery"":13,""customers"":[18,17]},{""drone"":1,""index"":5,""launch"":13,""recovery"":23,""customers"":[2,1,7]},{""drone"":1,""index"":6,""launch"":23,""recovery"":22,""customers"":[21]},{""drone"":1,""index"":7,""launch"":22,""recovery"":47,""customers"":[20,49,50,48]},{""drone"":1,""index"":8,""launch"":47,""recovery"":43,""customers"":[46,45,44,42]},{""drone"":2,""index"":1,""launch"":11,""recovery"":23,""customers"":[9,6,3,5]},{""drone"":2,""index"":2,""launch"":22,""recovery"":26,""customers"":[24,25]},{""drone"":2,""index"":3,""launch"":26,""recovery"":30,""customers"":[27,29]},{""drone"":2,""index"":4,""launch"":34,""recovery"":38,""customers"":[32,33,36,39]},{""drone"":2,""index"":5,""launch"":37,""recovery"":31,""customers"":[35]},{""drone"":2,""index"":6,""launch"":47,""recovery"":43,""customers"":[40,41]}]",,,,,,,,,,,,,,33cae732436e27f2e125a4b852688a3264f8017f2ac4c96951d0a47651527cfc,ad4506d6f70a28f4ad24800bed6e71e0f21a82b41f5350d8896e64ed0c31901d,057686e3053ab6b8f3ed3ab4b4ddfa34278ac1f018a0cf85fdef457cfd336ac1
c101改50.xlsx,IALNS-final-frozen-20261002,C,101,50,333287,0.6,,,,,main_fixed8_full_ialns,4500,True,1135.0513036108296,True,634.1107700987433,335.9233604000183,334.375,1.5001064999960363,1.4375,6.269989535212517e-05,0.0,337.42352959990967,335.8125,140.0,485.31223343398466,2.1137102023496954,0.0,6.684826462409032,143.27057558529557,185.00168892699327,33.42413231204516,2,15,37,13,2.466666666666667,0,0.0,48,4500,0.7196554000256583,0.71875,634.1619267985121,335.2037049999926,-1.1368683772161603e-13,"[0, 10, 12, 15, 13, 23, 22, 28, 30, 34, 38, 31, 47, 43, 51]","[{""drone"":1,""index"":1,""launch"":10,""recovery"":12,""customers"":[8,3,4]},{""drone"":1,""index"":2,""launch"":12,""recovery"":15,""customers"":[16]},{""drone"":1,""index"":3,""launch"":15,""recovery"":13,""customers"":[18,17]},{""drone"":1,""index"":4,""launch"":13,""recovery"":23,""customers"":[11,9,6,5]},{""drone"":1,""index"":5,""launch"":23,""recovery"":22,""customers"":[21,20]},{""drone"":1,""index"":6,""launch"":22,""recovery"":47,""customers"":[24,29,48]},{""drone"":1,""index"":7,""launch"":47,""recovery"":43,""customers"":[46,45,44,41]},{""drone"":2,""index"":1,""launch"":12,""recovery"":15,""customers"":[14]},{""drone"":2,""index"":2,""launch"":15,""recovery"":13,""customers"":[19]},{""drone"":2,""index"":3,""launch"":13,""recovery"":23,""customers"":[2,1,7]},{""drone"":2,""index"":4,""launch"":23,""recovery"":28,""customers"":[26,25,27]},{""drone"":2,""index"":5,""launch"":34,""recovery"":38,""customers"":[32,33,36,39]},{""drone"":2,""index"":6,""launch"":38,""recovery"":31,""customers"":[37,35]},{""drone"":2,""index"":7,""launch"":31,""recovery"":47,""customers"":[50,49]},{""drone"":2,""index"":8,""launch"":47,""recovery"":43,""customers"":[42,40]}]",,,,,,,,,,,,,,33cae732436e27f2e125a4b852688a3264f8017f2ac4c96951d0a47651527cfc,ad4506d6f70a28f4ad24800bed6e71e0f21a82b41f5350d8896e64ed0c31901d,057686e3053ab6b8f3ed3ab4b4ddfa34278ac1f018a0cf85fdef457cfd336ac1
r101改50.xlsx,IALNS-final-frozen-20261002,R,101,50,104729,0.6,,,,,main_fixed8_full_ialns,4500,True,1748.513171608261,True,857.4605074591083,343.68997020006645,342.109375,1.839955999981612,1.828125,4.4599990360438824e-05,0.0,345.5299708000384,343.9375,160.0,671.6529092094415,2.774874701605758,14.035200020012528,8.997523528048463,181.93514385099053,419.4915921882334,44.98761764024231,3,18,38,12,2.111111111111111,2,0.3508800005003132,45,4500,0.6647351999999955,0.671875,858.1833683199801,343.02523500006646,0.0,"[0, 16, 44, 15, 2, 4, 12, 50, 1, 9, 30, 10, 7, 51]","[{""drone"":1,""index"":1,""launch"":0,""recovery"":2,""customers"":[18,13]},{""drone"":1,""index"":2,""launch"":2,""recovery"":4,""customers"":[41,23,39]},{""drone"":1,""index"":3,""launch"":4,""recovery"":12,""customers"":[25,29]},{""drone"":1,""index"":4,""launch"":12,""recovery"":50,""customers"":[24,3]},{""drone"":1,""index"":5,""launch"":50,""recovery"":9,""customers"":[33,34,35]},{""drone"":1,""index"":6,""launch"":9,""recovery"":10,""customers"":[20,32]},{""drone"":1,""index"":7,""launch"":10,""recovery"":7,""customers"":[48,46]},{""drone"":1,""index"":8,""launch"":7,""recovery"":51,""customers"":[6]},{""drone"":2,""index"":1,""launch"":0,""recovery"":16,""customers"":[45,17]},{""drone"":2,""index"":2,""launch"":44,""recovery"":15,""customers"":[38,43]},{""drone"":2,""index"":3,""launch"":15,""recovery"":2,""customers"":[42,14,37]},{""drone"":2,""index"":4,""launch"":2,""recovery"":4,""customers"":[40,21,22]},{""drone"":2,""index"":5,""launch"":12,""recovery"":50,""customers"":[26,28]},{""drone"":2,""index"":6,""launch"":1,""recovery"":10,""customers"":[31]},{""drone"":2,""index"":7,""launch"":10,""recovery"":7,""customers"":[11,49]},{""drone"":2,""index"":8,""launch"":7,""recovery"":51,""customers"":[8,5]},{""drone"":3,""index"":1,""launch"":0,""recovery"":1,""customers"":[27]},{""drone"":3,""index"":2,""launch"":10,""recovery"":7,""customers"":[19,36,47]}]",,,,,,,,,,,,,,33cae732436e27f2e125a4b852688a3264f8017f2ac4c96951d0a47651527cfc,b2e707ef7034137f1a25368966f5c7f427da2205f9086b12f556a044d60d55e3,6d6539ba9500deab3ca8a88b36bcc4df5e207c22d080150539c196fbe413204c
r101改50.xlsx,IALNS-final-frozen-20261002,R,101,50,130363,0.6,,,,,main_fixed8_full_ialns,4500,True,1621.056534147189,True,844.4467807276529,369.3167998000281,367.390625,1.5588135999860242,1.46875,4.349998198449612e-05,0.0,370.8756568999961,368.859375,140.0,676.7327140440211,9.354800372000572,9.190117998044904,9.16914831358638,189.97621925581115,356.01352092195896,45.845741567931896,2,16,36,14,2.25,1,0.2297529499511226,62,3831,0.38833339989650995,0.390625,844.4467807276529,368.9284664001316,0.0,"[0, 2, 15, 44, 5, 8, 7, 31, 1, 30, 9, 50, 12, 4, 26, 51]","[{""drone"":1,""index"":1,""launch"":2,""recovery"":15,""customers"":[23,41]},{""drone"":1,""index"":2,""launch"":15,""recovery"":44,""customers"":[43,38,16]},{""drone"":1,""index"":3,""launch"":44,""recovery"":5,""customers"":[14,42,37]},{""drone"":1,""index"":4,""launch"":5,""recovery"":8,""customers"":[6,18]},{""drone"":1,""index"":5,""launch"":8,""recovery"":7,""customers"":[47,49,19]},{""drone"":1,""index"":6,""launch"":31,""recovery"":30,""customers"":[10,11,32]},{""drone"":1,""index"":7,""launch"":30,""recovery"":9,""customers"":[20,35,34]},{""drone"":1,""index"":8,""launch"":9,""recovery"":50,""customers"":[33,3]},{""drone"":1,""index"":9,""launch"":12,""recovery"":4,""customers"":[29,24]},{""drone"":1,""index"":10,""launch"":26,""recovery"":51,""customers"":[28]},{""drone"":2,""index"":1,""launch"":2,""recovery"":5,""customers"":[13]},{""drone"":2,""index"":2,""launch"":5,""recovery"":8,""customers"":[17,45]},{""drone"":2,""index"":3,""launch"":8,""recovery"":7,""customers"":[46,36,48]},{""drone"":2,""index"":4,""launch"":31,""recovery"":1,""customers"":[27]},{""drone"":2,""index"":5,""launch"":1,""recovery"":4,""customers"":[25]},{""drone"":2,""index"":6,""launch"":4,""recovery"":26,""customers"":[39,22,21,40]}]",,,,,,,,,,,,,,33cae732436e27f2e125a4b852688a3264f8017f2ac4c96951d0a47651527cfc,b2e707ef7034137f1a25368966f5c7f427da2205f9086b12f556a044d60d55e3,6d6539ba9500deab3ca8a88b36bcc4df5e207c22d080150539c196fbe413204c
r101改50.xlsx,IALNS-final-frozen-20261002,R,101,50,155921,0.6,,,,,main_fixed8_full_ialns,4500,True,1748.513171608261,True,846.569288714523,364.3386596000055,363.28125,1.8998569999821484,1.875,4.1800085455179214e-05,0.0,366.2385584000731,365.15625,140.0,681.357336091427,9.093899961221588,6.926049880351819,9.192002781522678,188.7130021855063,384.0610984496936,45.96001390761339,2,17,37,13,2.176470588235294,1,0.17315124700879547,50,3656,0.39887809997890145,0.40625,846.569288714523,363.9397815000266,0.0,"[0, 2, 15, 44, 8, 7, 31, 1, 30, 9, 50, 12, 4, 26, 51]","[{""drone"":1,""index"":1,""launch"":2,""recovery"":15,""customers"":[13]},{""drone"":1,""index"":2,""launch"":15,""recovery"":44,""customers"":[42,37]},{""drone"":1,""index"":3,""launch"":44,""recovery"":8,""customers"":[16,17,45]},{""drone"":1,""index"":4,""launch"":8,""recovery"":7,""customers"":[46,36,48]},{""drone"":1,""index"":5,""launch"":7,""recovery"":31,""customers"":[11,10]},{""drone"":1,""index"":6,""launch"":31,""recovery"":1,""customers"":[27]},{""drone"":1,""index"":7,""launch"":30,""recovery"":9,""customers"":[32,20,33]},{""drone"":1,""index"":8,""launch"":9,""recovery"":50,""customers"":[35,34,3]},{""drone"":1,""index"":9,""launch"":12,""recovery"":4,""customers"":[29,24]},{""drone"":1,""index"":10,""launch"":4,""recovery"":26,""customers"":[39,22,21,40]},{""drone"":1,""index"":11,""launch"":26,""recovery"":51,""customers"":[6]},{""drone"":2,""index"":1,""launch"":2,""recovery"":15,""customers"":[23,41]},{""drone"":2,""index"":2,""launch"":15,""recovery"":44,""customers"":[43,38]},{""drone"":2,""index"":3,""launch"":44,""recovery"":8,""customers"":[14,5,18]},{""drone"":2,""index"":4,""launch"":8,""recovery"":7,""customers"":[47,49,19]},{""drone"":2,""index"":5,""launch"":1,""recovery"":4,""customers"":[25]},{""drone"":2,""index"":6,""launch"":26,""recovery"":51,""customers"":[28]}]",,,,,,,,,,,,,,33cae732436e27f2e125a4b852688a3264f8017f2ac4c96951d0a47651527cfc,b2e707ef7034137f1a25368966f5c7f427da2205f9086b12f556a044d60d55e3,6d6539ba9500deab3ca8a88b36bcc4df5e207c22d080150539c196fbe413204c
r101改50.xlsx,IALNS-final-frozen-20261002,R,101,50,181081,0.6,,,,,main_fixed8_full_ialns,4500,True,1748.513171608261,True,872.2732708671133,373.2894760998897,369.8125,1.5372787000378594,1.53125,4.2599975131452084e-05,0.0,374.8267973999027,371.34375,160.0,643.9664327742107,15.645733041177422,43.963244279799056,8.697860771926157,179.0190353608156,356.3644223058801,43.48930385963079,3,17,37,13,2.176470588235294,2,1.0990811069949764,30,4490,0.4089121000142768,0.40625,872.2732708671133,372.88056399987545,0.0,"[0, 4, 22, 15, 44, 8, 7, 31, 1, 30, 9, 33, 50, 28, 51]","[{""drone"":1,""index"":1,""launch"":4,""recovery"":22,""customers"":[25,39,23]},{""drone"":1,""index"":2,""launch"":22,""recovery"":15,""customers"":[2]},{""drone"":1,""index"":3,""launch"":44,""recovery"":8,""customers"":[16,17,45]},{""drone"":1,""index"":4,""launch"":8,""recovery"":7,""customers"":[46,36,48]},{""drone"":1,""index"":5,""launch"":7,""recovery"":30,""customers"":[10,32,20]},{""drone"":1,""index"":6,""launch"":9,""recovery"":50,""customers"":[35,34,3]},{""drone"":1,""index"":7,""launch"":50,""recovery"":28,""customers"":[12]},{""drone"":1,""index"":8,""launch"":28,""recovery"":51,""customers"":[6]},{""drone"":2,""index"":1,""launch"":0,""recovery"":22,""customers"":[13,21]},{""drone"":2,""index"":2,""launch"":22,""recovery"":15,""customers"":[41,42]},{""drone"":2,""index"":3,""launch"":44,""recovery"":7,""customers"":[37,5,18]},{""drone"":2,""index"":4,""launch"":7,""recovery"":31,""customers"":[11]},{""drone"":2,""index"":5,""launch"":33,""recovery"":28,""customers"":[29,24]},{""drone"":2,""index"":6,""launch"":28,""recovery"":51,""customers"":[26,40]},{""drone"":3,""index"":1,""launch"":15,""recovery"":44,""customers"":[43,14,38]},{""drone"":3,""index"":2,""launch"":8,""recovery"":7,""customers"":[47,49,19]},{""drone"":3,""index"":3,""launch"":1,""recovery"":51,""customers"":[27]}]",,,,,,,,,,,,,,33cae732436e27f2e125a4b852688a3264f8017f2ac4c96951d0a47651527cfc,b2e707ef7034137f1a25368966f5c7f427da2205f9086b12f556a044d60d55e3,6d6539ba9500deab3ca8a88b36bcc4df5e207c22d080150539c196fbe413204c
r101改50.xlsx,IALNS-final-frozen-20261002,R,101,50,206369,0.6,,,,,main_fixed8_full_ialns,4500,True,1495.8329302953332,True,856.6155055189442,379.25535029999446,377.359375,1.5563788999570534,1.546875,4.099996294826269e-05,0.0,380.81177019991446,378.90625,160.0,668.4588632849652,8.112394285204855,11.023536307286754,9.020711641487429,185.31550090795045,375.04120187037955,45.103558207437146,3,17,37,13,2.176470588235294,2,0.27558840768216886,56,2533,0.3888535000151023,0.390625,856.6155055189442,378.86649679997936,0.0,"[0, 2, 15, 44, 5, 7, 10, 30, 9, 1, 50, 12, 4, 26, 51]","[{""drone"":1,""index"":1,""launch"":2,""recovery"":5,""customers"":[13]},{""drone"":1,""index"":2,""launch"":5,""recovery"":7,""customers"":[6,18]},{""drone"":1,""index"":3,""launch"":7,""recovery"":10,""customers"":[48,47,36]},{""drone"":1,""index"":4,""launch"":30,""recovery"":9,""customers"":[32,20,33]},{""drone"":1,""index"":5,""launch"":9,""recovery"":50,""customers"":[35,34,3]},{""drone"":1,""index"":6,""launch"":12,""recovery"":4,""customers"":[29,24]},{""drone"":1,""index"":7,""launch"":4,""recovery"":26,""customers"":[39,22,21,40]},{""drone"":2,""index"":1,""launch"":2,""recovery"":15,""customers"":[42]},{""drone"":2,""index"":2,""launch"":15,""recovery"":44,""customers"":[43,38]},{""drone"":2,""index"":3,""launch"":5,""recovery"":7,""customers"":[45,46,8]},{""drone"":2,""index"":4,""launch"":7,""recovery"":10,""customers"":[19,49,11]},{""drone"":2,""index"":5,""launch"":10,""recovery"":1,""customers"":[31]},{""drone"":2,""index"":6,""launch"":1,""recovery"":4,""customers"":[25]},{""drone"":2,""index"":7,""launch"":26,""recovery"":51,""customers"":[28]},{""drone"":3,""index"":1,""launch"":2,""recovery"":15,""customers"":[23,41]},{""drone"":3,""index"":2,""launch"":44,""recovery"":5,""customers"":[14,37,16,17]},{""drone"":3,""index"":3,""launch"":1,""recovery"":51,""customers"":[27]}]",,,,,,,,,,,,,,33cae732436e27f2e125a4b852688a3264f8017f2ac4c96951d0a47651527cfc,b2e707ef7034137f1a25368966f5c7f427da2205f9086b12f556a044d60d55e3,6d6539ba9500deab3ca8a88b36bcc4df5e207c22d080150539c196fbe413204c
r101改50.xlsx,IALNS-final-frozen-20261002,R,101,50,231779,0.6,,,,,main_fixed8_full_ialns,4500,True,1748.513171608261,True,850.4449283627847,363.3815166000277,362.046875,1.5549498999025673,1.546875,5.1600043661892414e-05,0.0,364.9365180999739,363.59375,180.0,654.2850759366557,3.338725217239938,4.06735933095181,8.75376787793726,176.51666540106282,415.78359911155746,43.7688393896863,4,19,38,12,2.0,1,0.10168398327379524,54,4500,0.608141600037925,0.609375,851.3522398611127,362.77337499998976,0.0,"[0, 44, 15, 41, 22, 4, 12, 50, 1, 9, 30, 10, 7, 51]","[{""drone"":1,""index"":1,""launch"":44,""recovery"":15,""customers"":[37,13]},{""drone"":1,""index"":2,""launch"":15,""recovery"":22,""customers"":[14,42]},{""drone"":1,""index"":3,""launch"":22,""recovery"":4,""customers"":[23,39,25]},{""drone"":1,""index"":4,""launch"":4,""recovery"":12,""customers"":[40,26]},{""drone"":1,""index"":5,""launch"":12,""recovery"":50,""customers"":[28,3]},{""drone"":1,""index"":6,""launch"":50,""recovery"":9,""customers"":[33,34,35]},{""drone"":1,""index"":7,""launch"":9,""recovery"":30,""customers"":[20,32]},{""drone"":1,""index"":8,""launch"":10,""recovery"":7,""customers"":[11,49]},{""drone"":1,""index"":9,""launch"":7,""recovery"":51,""customers"":[8,5]},{""drone"":2,""index"":1,""launch"":44,""recovery"":15,""customers"":[38,43]},{""drone"":2,""index"":2,""launch"":15,""recovery"":22,""customers"":[2]},{""drone"":2,""index"":3,""launch"":22,""recovery"":4,""customers"":[21]},{""drone"":2,""index"":4,""launch"":4,""recovery"":12,""customers"":[24,29]},{""drone"":2,""index"":5,""launch"":1,""recovery"":10,""customers"":[31]},{""drone"":2,""index"":6,""launch"":10,""recovery"":7,""customers"":[19,36,47]},{""drone"":2,""index"":7,""launch"":7,""recovery"":51,""customers"":[6]},{""drone"":3,""index"":1,""launch"":0,""recovery"":1,""customers"":[27]},{""drone"":3,""index"":2,""launch"":10,""recovery"":7,""customers"":[48,46]},{""drone"":4,""index"":1,""launch"":44,""recovery"":7,""customers"":[16,17,45,18]}]",,,,,,,,,,,,,,33cae732436e27f2e125a4b852688a3264f8017f2ac4c96951d0a47651527cfc,b2e707ef7034137f1a25368966f5c7f427da2205f9086b12f556a044d60d55e3,6d6539ba9500deab3ca8a88b36bcc4df5e207c22d080150539c196fbe413204c
r101改50.xlsx,IALNS-final-frozen-20261002,R,101,50,257053,0.6,,,,,main_fixed8_full_ialns,4500,True,1748.513171608261,True,843.7766919439806,371.5670659999596,368.15625,1.5245792999630794,1.515625,4.339998122304678e-05,0.0,373.0916886999039,369.671875,160.0,669.1081074818198,1.5726285219697806,4.159201487714164,8.936754452476732,179.5290415107515,435.06994316521786,44.683772262383656,3,18,37,13,2.0555555555555554,1,0.10398003719285409,43,4500,0.8122947999509051,0.796875,844.3354202999446,370.7547712000087,1.1368683772161603e-13,"[0, 16, 44, 15, 41, 22, 4, 12, 50, 1, 9, 30, 10, 7, 51]","[{""drone"":1,""index"":1,""launch"":0,""recovery"":16,""customers"":[45,17]},{""drone"":1,""index"":2,""launch"":16,""recovery"":15,""customers"":[37,13]},{""drone"":1,""index"":3,""launch"":15,""recovery"":22,""customers"":[14,42]},{""drone"":1,""index"":4,""launch"":22,""recovery"":4,""customers"":[23,39,25]},{""drone"":1,""index"":5,""launch"":4,""recovery"":12,""customers"":[24,26]},{""drone"":1,""index"":6,""launch"":12,""recovery"":9,""customers"":[29,34,35]},{""drone"":1,""index"":7,""launch"":9,""recovery"":30,""customers"":[20,32]},{""drone"":1,""index"":8,""launch"":10,""recovery"":7,""customers"":[19,36,47]},{""drone"":1,""index"":9,""launch"":7,""recovery"":51,""customers"":[6]},{""drone"":2,""index"":1,""launch"":15,""recovery"":22,""customers"":[2]},{""drone"":2,""index"":2,""launch"":12,""recovery"":1,""customers"":[27]},{""drone"":2,""index"":3,""launch"":1,""recovery"":10,""customers"":[18,31]},{""drone"":2,""index"":4,""launch"":10,""recovery"":7,""customers"":[11,49]},{""drone"":2,""index"":5,""launch"":7,""recovery"":51,""customers"":[8,5]},{""drone"":3,""index"":1,""launch"":44,""recovery"":15,""customers"":[38,43]},{""drone"":3,""index"":2,""launch"":22,""recovery"":12,""customers"":[21,40,28]},{""drone"":3,""index"":3,""launch"":12,""recovery"":50,""customers"":[3,33]},{""drone"":3,""index"":4,""launch"":10,""recovery"":7,""customers"":[48,46]}]",,,,,,,,,,,,,,33cae732436e27f2e125a4b852688a3264f8017f2ac4c96951d0a47651527cfc,b2e707ef7034137f1a25368966f5c7f427da2205f9086b12f556a044d60d55e3,6d6539ba9500deab3ca8a88b36bcc4df5e207c22d080150539c196fbe413204c
r101改50.xlsx,IALNS-final-frozen-20261002,R,101,50,282427,0.6,,,,,main_fixed8_full_ialns,4500,True,1748.513171608261,True,913.9191990084367,372.06151699996553,370.03125,1.6667864000191912,1.546875,4.12999652326107e-05,0.0,373.72834469994996,371.578125,160.0,718.0487669913912,14.748852902728645,11.410176820099771,9.711402294217102,200.44579288649845,389.0379611063194,48.5570114710855,3,18,37,13,2.0555555555555554,1,0.2852544205024943,63,4500,1.1277472999645397,1.125,914.0559344693023,370.933769700001,0.0,"[0, 27, 30, 1, 31, 7, 8, 44, 15, 22, 4, 3, 9, 50, 51]","[{""drone"":1,""index"":1,""launch"":0,""recovery"":27,""customers"":[2]},{""drone"":1,""index"":2,""launch"":30,""recovery"":31,""customers"":[20,32,10]},{""drone"":1,""index"":3,""launch"":31,""recovery"":7,""customers"":[11]},{""drone"":1,""index"":4,""launch"":7,""recovery"":8,""customers"":[48,36,46]},{""drone"":1,""index"":5,""launch"":8,""recovery"":44,""customers"":[45,17,16]},{""drone"":1,""index"":6,""launch"":44,""recovery"":15,""customers"":[14,42]},{""drone"":1,""index"":7,""launch"":15,""recovery"":22,""customers"":[23]},{""drone"":1,""index"":8,""launch"":22,""recovery"":4,""customers"":[39,25]},{""drone"":1,""index"":9,""launch"":4,""recovery"":51,""customers"":[26,28]},{""drone"":2,""index"":1,""launch"":7,""recovery"":8,""customers"":[19,49,47]},{""drone"":2,""index"":2,""launch"":8,""recovery"":44,""customers"":[18,5,37]},{""drone"":2,""index"":3,""launch"":44,""recovery"":15,""customers"":[38,43]},{""drone"":2,""index"":4,""launch"":22,""recovery"":4,""customers"":[40,21]},{""drone"":2,""index"":5,""launch"":4,""recovery"":3,""customers"":[12]},{""drone"":2,""index"":6,""launch"":3,""recovery"":50,""customers"":[29,24]},{""drone"":2,""index"":7,""launch"":50,""recovery"":51,""customers"":[6]},{""drone"":3,""index"":1,""launch"":0,""recovery"":22,""customers"":[13,41]},{""drone"":3,""index"":2,""launch"":3,""recovery"":9,""customers"":[33,34,35]}]",,,,,,,,,,,,,,33cae732436e27f2e125a4b852688a3264f8017f2ac4c96951d0a47651527cfc,b2e707ef7034137f1a25368966f5c7f427da2205f9086b12f556a044d60d55e3,6d6539ba9500deab3ca8a88b36bcc4df5e207c22d080150539c196fbe413204c
r101改50.xlsx,IALNS-final-frozen-20261002,R,101,50,307831,0.6,,,,,main_fixed8_full_ialns,4500,True,1748.513171608261,True,850.0591978721219,347.8282547000563,341.828125,1.6622622000286356,1.640625,5.6600081734359264e-05,0.0,349.49057350016665,343.46875,180.0,653.7417073701345,3.38919654123326,4.179517828714729,8.748776132039486,176.51666540106282,413.9723705564868,43.743880660197426,4,18,38,12,2.111111111111111,1,0.10448794571786824,60,4500,0.8726675999350846,0.859375,851.3378970071452,346.9555871001212,0.0,"[0, 44, 15, 41, 22, 4, 12, 50, 1, 9, 30, 10, 7, 51]","[{""drone"":1,""index"":1,""launch"":44,""recovery"":15,""customers"":[38,43]},{""drone"":1,""index"":2,""launch"":15,""recovery"":41,""customers"":[2]},{""drone"":1,""index"":3,""launch"":22,""recovery"":4,""customers"":[23,39,25]},{""drone"":1,""index"":4,""launch"":4,""recovery"":12,""customers"":[21,40]},{""drone"":1,""index"":5,""launch"":12,""recovery"":1,""customers"":[27]},{""drone"":1,""index"":6,""launch"":1,""recovery"":10,""customers"":[31]},{""drone"":1,""index"":7,""launch"":10,""recovery"":7,""customers"":[11,49]},{""drone"":1,""index"":8,""launch"":7,""recovery"":51,""customers"":[6]},{""drone"":2,""index"":1,""launch"":0,""recovery"":12,""customers"":[28,26]},{""drone"":2,""index"":2,""launch"":12,""recovery"":9,""customers"":[29,34,35]},{""drone"":2,""index"":3,""launch"":10,""recovery"":7,""customers"":[19,36,47]},{""drone"":2,""index"":4,""launch"":7,""recovery"":51,""customers"":[8,5]},{""drone"":3,""index"":1,""launch"":44,""recovery"":15,""customers"":[37,13]},{""drone"":3,""index"":2,""launch"":15,""recovery"":22,""customers"":[14,42]},{""drone"":3,""index"":3,""launch"":12,""recovery"":50,""customers"":[24,3]},{""drone"":3,""index"":4,""launch"":50,""recovery"":10,""customers"":[33,20,32]},{""drone"":3,""index"":5,""launch"":10,""recovery"":7,""customers"":[48,46]},{""drone"":4,""index"":1,""launch"":44,""recovery"":7,""customers"":[16,17,45,18]}]",,,,,,,,,,,,,,33cae732436e27f2e125a4b852688a3264f8017f2ac4c96951d0a47651527cfc,b2e707ef7034137f1a25368966f5c7f427da2205f9086b12f556a044d60d55e3,6d6539ba9500deab3ca8a88b36bcc4df5e207c22d080150539c196fbe413204c
r101改50.xlsx,IALNS-final-frozen-20261002,R,101,50,333287,0.6,,,,,main_fixed8_full_ialns,4500,True,1748.513171608261,True,856.8520270655866,372.49353499989957,371.546875,1.5231607999885455,1.5,7.82000133767724e-05,0.0,374.0167739999015,373.046875,160.0,680.0488363525479,1.3770990488310852,6.379557034236001,9.046534629971685,180.1256533684863,465.57292082363017,45.23267314985842,3,21,38,12,1.8095238095238095,2,0.15948892585590002,35,4500,1.0782498000189662,1.078125,858.0725924483722,371.4152851998806,-1.1368683772161603e-13,"[0, 16, 44, 15, 21, 4, 12, 50, 1, 9, 30, 10, 7, 51]","[{""drone"":1,""index"":1,""launch"":44,""recovery"":15,""customers"":[38,43]},{""drone"":1,""index"":2,""launch"":15,""recovery"":21,""customers"":[14,42]},{""drone"":1,""index"":3,""launch"":21,""recovery"":4,""customers"":[25]},{""drone"":1,""index"":4,""launch"":4,""recovery"":12,""customers"":[24,29]},{""drone"":1,""index"":5,""launch"":12,""recovery"":50,""customers"":[28]},{""drone"":1,""index"":6,""launch"":50,""recovery"":9,""customers"":[3,33]},{""drone"":1,""index"":7,""launch"":9,""recovery"":30,""customers"":[34,35,20]},{""drone"":1,""index"":8,""launch"":10,""recovery"":7,""customers"":[48,46]},{""drone"":1,""index"":9,""launch"":7,""recovery"":51,""customers"":[6]},{""drone"":2,""index"":1,""launch"":0,""recovery"":16,""customers"":[45,17]},{""drone"":2,""index"":2,""launch"":44,""recovery"":15,""customers"":[37]},{""drone"":2,""index"":3,""launch"":15,""recovery"":21,""customers"":[2]},{""drone"":2,""index"":4,""launch"":21,""recovery"":12,""customers"":[40,26]},{""drone"":2,""index"":5,""launch"":12,""recovery"":1,""customers"":[27]},{""drone"":2,""index"":6,""launch"":30,""recovery"":10,""customers"":[32]},{""drone"":2,""index"":7,""launch"":10,""recovery"":7,""customers"":[11,49]},{""drone"":3,""index"":1,""launch"":0,""recovery"":15,""customers"":[13,41]},{""drone"":3,""index"":2,""launch"":15,""recovery"":4,""customers"":[22,23,39]},{""drone"":3,""index"":3,""launch"":1,""recovery"":10,""customers"":[18,31]},{""drone"":3,""index"":4,""launch"":10,""recovery"":7,""customers"":[19,36,47]},{""drone"":3,""index"":5,""launch"":7,""recovery"":51,""customers"":[8,5]}]",,,,,,,,,,,,,,33cae732436e27f2e125a4b852688a3264f8017f2ac4c96951d0a47651527cfc,b2e707ef7034137f1a25368966f5c7f427da2205f9086b12f556a044d60d55e3,6d6539ba9500deab3ca8a88b36bcc4df5e207c22d080150539c196fbe413204c
rc101改50.xlsx,IALNS-final-frozen-20261002,RC,101,50,104729,0.6,,,,,main_fixed8_full_ialns,4500,True,2845.652424780842,True,1229.8993418130574,328.5057525000302,327.78125,0.9925940999528393,0.96875,5.449994932860136e-05,0.0,329.4984010999324,328.75,180.0,894.4202648622049,5.790538576443605,137.36650210665562,12.322036267753122,264.176025389468,339.64062897933644,61.61018133876561,4,18,37,13,2.0555555555555554,6,3.4341625526663906,52,4500,0.5468361000530422,0.546875,1230.000016583741,327.95891639997717,2.2737367544323206e-13,"[0, 34, 50, 38, 40, 43, 1, 4, 6, 12, 11, 23, 18, 19, 51]","[{""drone"":1,""index"":1,""launch"":34,""recovery"":50,""customers"":[31,30,32]},{""drone"":1,""index"":2,""launch"":38,""recovery"":43,""customers"":[36,39,41]},{""drone"":1,""index"":3,""launch"":43,""recovery"":1,""customers"":[2,45]},{""drone"":1,""index"":4,""launch"":1,""recovery"":4,""customers"":[3,5]},{""drone"":1,""index"":5,""launch"":6,""recovery"":12,""customers"":[7,47,14]},{""drone"":1,""index"":6,""launch"":12,""recovery"":11,""customers"":[16]},{""drone"":1,""index"":7,""launch"":11,""recovery"":23,""customers"":[21]},{""drone"":1,""index"":8,""launch"":23,""recovery"":19,""customers"":[25]},{""drone"":2,""index"":1,""launch"":34,""recovery"":50,""customers"":[29,27,26,28,33]},{""drone"":2,""index"":2,""launch"":38,""recovery"":40,""customers"":[37,35]},{""drone"":2,""index"":3,""launch"":40,""recovery"":43,""customers"":[42,44]},{""drone"":2,""index"":4,""launch"":43,""recovery"":1,""customers"":[46]},{""drone"":2,""index"":5,""launch"":1,""recovery"":4,""customers"":[8]},{""drone"":2,""index"":6,""launch"":4,""recovery"":12,""customers"":[17]},{""drone"":2,""index"":7,""launch"":12,""recovery"":11,""customers"":[15,13]},{""drone"":3,""index"":1,""launch"":0,""recovery"":18,""customers"":[22,20,48]},{""drone"":4,""index"":1,""launch"":0,""recovery"":11,""customers"":[9,10]},{""drone"":4,""index"":2,""launch"":11,""recovery"":19,""customers"":[24,49]}]",,,,,,,,,,,,,,33cae732436e27f2e125a4b852688a3264f8017f2ac4c96951d0a47651527cfc,ab549f8e27f41d1cc20b236abc2a4e145008456fa421f7cc230c26bea6953c5c,057686e3053ab6b8f3ed3ab4b4ddfa34278ac1f018a0cf85fdef457cfd336ac1
rc101改50.xlsx,IALNS-final-frozen-20261002,RC,101,50,130363,0.6,,,,,main_fixed8_full_ialns,4500,True,2845.652424780842,True,1286.4726952605308,320.83841570001096,317.375,0.959183199913241,0.9375,5.749997217208147e-05,0.0,321.79765639989637,318.3125,180.0,879.2362779260335,5.052840554600007,210.1162112944273,12.067365485470098,256.7641492228401,363.1461008583776,60.336827427350485,4,19,36,14,1.894736842105263,7,5.2529052823606825,17,4017,0.35228179988916963,0.359375,1286.4726952605308,320.4861339001218,0.0,"[0, 34, 50, 19, 24, 13, 15, 12, 6, 4, 45, 43, 36, 38, 41, 51]","[{""drone"":1,""index"":1,""launch"":0,""recovery"":36,""customers"":[37,35]},{""drone"":2,""index"":1,""launch"":34,""recovery"":50,""customers"":[29,27,31]},{""drone"":2,""index"":2,""launch"":50,""recovery"":19,""customers"":[20,49]},{""drone"":2,""index"":3,""launch"":19,""recovery"":24,""customers"":[25]},{""drone"":2,""index"":4,""launch"":24,""recovery"":13,""customers"":[9,10]},{""drone"":2,""index"":5,""launch"":13,""recovery"":15,""customers"":[47]},{""drone"":2,""index"":6,""launch"":15,""recovery"":12,""customers"":[16]},{""drone"":2,""index"":7,""launch"":12,""recovery"":6,""customers"":[8]},{""drone"":2,""index"":8,""launch"":6,""recovery"":45,""customers"":[1,5]},{""drone"":2,""index"":9,""launch"":45,""recovery"":43,""customers"":[7]},{""drone"":3,""index"":1,""launch"":34,""recovery"":50,""customers"":[26,28,30,32,33]},{""drone"":3,""index"":2,""launch"":50,""recovery"":19,""customers"":[18,48]},{""drone"":3,""index"":3,""launch"":19,""recovery"":24,""customers"":[21,23,22]},{""drone"":3,""index"":4,""launch"":13,""recovery"":15,""customers"":[11,14]},{""drone"":3,""index"":5,""launch"":15,""recovery"":12,""customers"":[17]},{""drone"":3,""index"":6,""launch"":12,""recovery"":4,""customers"":[2,3]},{""drone"":3,""index"":7,""launch"":4,""recovery"":45,""customers"":[46]},{""drone"":3,""index"":8,""launch"":45,""recovery"":38,""customers"":[42,39]},{""drone"":4,""index"":1,""launch"":0,""recovery"":36,""customers"":[44,40]}]",,,,,,,,,,,,,,33cae732436e27f2e125a4b852688a3264f8017f2ac4c96951d0a47651527cfc,ab549f8e27f41d1cc20b236abc2a4e145008456fa421f7cc230c26bea6953c5c,057686e3053ab6b8f3ed3ab4b4ddfa34278ac1f018a0cf85fdef457cfd336ac1
rc101改50.xlsx,IALNS-final-frozen-20261002,RC,101,50,155921,0.6,,,,,main_fixed8_full_ialns,4500,True,2845.652424780842,True,1280.7799195172026,308.6806510000024,306.296875,1.0020481999963522,0.984375,6.130000110715628e-05,0.0,309.68276049999986,307.28125,180.0,873.6348961896531,9.20114622274278,205.92030854729637,12.023568557510426,257.25714143166977,339.54490631547884,60.11784278755213,4,18,37,13,2.0555555555555554,9,5.148007713682409,60,2023,0.4197188999969512,0.421875,1280.7799195172026,308.26093210000545,0.0,"[0, 31, 34, 38, 39, 44, 43, 1, 4, 6, 12, 11, 23, 19, 51]","[{""drone"":1,""index"":1,""launch"":0,""recovery"":23,""customers"":[24,22,49]},{""drone"":1,""index"":2,""launch"":23,""recovery"":19,""customers"":[25,18]},{""drone"":2,""index"":1,""launch"":31,""recovery"":34,""customers"":[30,32,33,50]},{""drone"":2,""index"":2,""launch"":38,""recovery"":44,""customers"":[37,36,40]},{""drone"":2,""index"":3,""launch"":44,""recovery"":43,""customers"":[42]},{""drone"":2,""index"":4,""launch"":43,""recovery"":1,""customers"":[46]},{""drone"":2,""index"":5,""launch"":1,""recovery"":4,""customers"":[8]},{""drone"":2,""index"":6,""launch"":4,""recovery"":6,""customers"":[7]},{""drone"":2,""index"":7,""launch"":6,""recovery"":11,""customers"":[10,9]},{""drone"":2,""index"":8,""launch"":11,""recovery"":51,""customers"":[13]},{""drone"":3,""index"":1,""launch"":0,""recovery"":23,""customers"":[20,48,21]},{""drone"":4,""index"":1,""launch"":31,""recovery"":34,""customers"":[29,27,26,28]},{""drone"":4,""index"":2,""launch"":38,""recovery"":44,""customers"":[35,41]},{""drone"":4,""index"":3,""launch"":44,""recovery"":1,""customers"":[2,45]},{""drone"":4,""index"":4,""launch"":1,""recovery"":4,""customers"":[3,5]},{""drone"":4,""index"":5,""launch"":4,""recovery"":12,""customers"":[17]},{""drone"":4,""index"":6,""launch"":12,""recovery"":11,""customers"":[14,47,15]},{""drone"":4,""index"":7,""launch"":11,""recovery"":51,""customers"":[16]}]",,,,,,,,,,,,,,33cae732436e27f2e125a4b852688a3264f8017f2ac4c96951d0a47651527cfc,ab549f8e27f41d1cc20b236abc2a4e145008456fa421f7cc230c26bea6953c5c,057686e3053ab6b8f3ed3ab4b4ddfa34278ac1f018a0cf85fdef457cfd336ac1
rc101改50.xlsx,IALNS-final-frozen-20261002,RC,101,50,181081,0.6,,,,,main_fixed8_full_ialns,4500,True,2845.652424780842,True,1236.0379278792666,303.01359800004866,302.203125,1.054556299932301,1.0625,4.1599967516958714e-05,0.0,304.0681958999485,303.265625,180.0,876.9073457423575,6.371879245875182,160.68785872274364,12.070844168290543,258.3647802705331,339.37668310252786,60.354220841452715,4,18,39,11,2.1666666666666665,7,4.017196468068591,53,3720,0.27329200005624443,0.28125,1236.0379278792666,302.7403059999924,-2.2737367544323206e-13,"[0, 34, 50, 38, 43, 1, 4, 6, 12, 11, 21, 19, 51]","[{""drone"":1,""index"":1,""launch"":34,""recovery"":50,""customers"":[29,27,26,28,33]},{""drone"":1,""index"":2,""launch"":50,""recovery"":38,""customers"":[41,39]},{""drone"":1,""index"":3,""launch"":38,""recovery"":43,""customers"":[37,35]},{""drone"":1,""index"":4,""launch"":43,""recovery"":1,""customers"":[44,42]},{""drone"":1,""index"":5,""launch"":1,""recovery"":4,""customers"":[3,2]},{""drone"":1,""index"":6,""launch"":4,""recovery"":6,""customers"":[45,5]},{""drone"":1,""index"":7,""launch"":6,""recovery"":12,""customers"":[7,47,14]},{""drone"":1,""index"":8,""launch"":12,""recovery"":11,""customers"":[15,13]},{""drone"":1,""index"":9,""launch"":11,""recovery"":19,""customers"":[24,49]},{""drone"":2,""index"":1,""launch"":34,""recovery"":50,""customers"":[31,30,32]},{""drone"":2,""index"":2,""launch"":38,""recovery"":43,""customers"":[36,40]},{""drone"":2,""index"":3,""launch"":43,""recovery"":1,""customers"":[46]},{""drone"":2,""index"":4,""launch"":1,""recovery"":4,""customers"":[8]},{""drone"":2,""index"":5,""launch"":4,""recovery"":12,""customers"":[17]},{""drone"":2,""index"":6,""launch"":12,""recovery"":11,""customers"":[16]},{""drone"":2,""index"":7,""launch"":21,""recovery"":19,""customers"":[23,25,18]},{""drone"":3,""index"":1,""launch"":0,""recovery"":21,""customers"":[22,20,48]},{""drone"":4,""index"":1,""launch"":0,""recovery"":11,""customers"":[9,10]}]",,,,,,,,,,,,,,33cae732436e27f2e125a4b852688a3264f8017f2ac4c96951d0a47651527cfc,ab549f8e27f41d1cc20b236abc2a4e145008456fa421f7cc230c26bea6953c5c,057686e3053ab6b8f3ed3ab4b4ddfa34278ac1f018a0cf85fdef457cfd336ac1
rc101改50.xlsx,IALNS-final-frozen-20261002,RC,101,50,206369,0.6,,,,,main_fixed8_full_ialns,4500,True,2845.652424780842,True,1234.9948018208984,287.8541505000321,287.015625,1.0490434999810532,1.015625,5.7299970649182796e-05,0.0,288.9032512999838,288.03125,180.0,843.1813334429155,5.705550952636126,194.43669209799913,11.671225327347559,252.5868389608735,284.7360552009834,58.35612663673779,4,15,35,15,2.3333333333333335,7,4.8609173024499785,58,2385,0.5780991999199614,0.578125,1234.9948018208984,287.27605130011216,0.0,"[0, 34, 50, 49, 19, 24, 10, 12, 14, 6, 46, 4, 43, 36, 38, 41, 51]","[{""drone"":1,""index"":1,""launch"":34,""recovery"":50,""customers"":[32,30,28,26,33]},{""drone"":1,""index"":2,""launch"":49,""recovery"":24,""customers"":[18,20,22]},{""drone"":1,""index"":3,""launch"":24,""recovery"":10,""customers"":[9,13]},{""drone"":1,""index"":4,""launch"":10,""recovery"":12,""customers"":[11,15]},{""drone"":1,""index"":5,""launch"":12,""recovery"":14,""customers"":[17]},{""drone"":1,""index"":6,""launch"":14,""recovery"":6,""customers"":[8]},{""drone"":1,""index"":7,""launch"":6,""recovery"":4,""customers"":[1,45]},{""drone"":1,""index"":8,""launch"":4,""recovery"":43,""customers"":[42]},{""drone"":2,""index"":1,""launch"":34,""recovery"":50,""customers"":[27,29,31]},{""drone"":2,""index"":2,""launch"":49,""recovery"":24,""customers"":[48,21,23,25]},{""drone"":2,""index"":3,""launch"":10,""recovery"":14,""customers"":[16]},{""drone"":2,""index"":4,""launch"":14,""recovery"":6,""customers"":[47,2,7]},{""drone"":2,""index"":5,""launch"":6,""recovery"":4,""customers"":[3,5]},{""drone"":3,""index"":1,""launch"":0,""recovery"":36,""customers"":[39,37,35]},{""drone"":4,""index"":1,""launch"":0,""recovery"":36,""customers"":[44,40]}]",,,,,,,,,,,,,,33cae732436e27f2e125a4b852688a3264f8017f2ac4c96951d0a47651527cfc,ab549f8e27f41d1cc20b236abc2a4e145008456fa421f7cc230c26bea6953c5c,057686e3053ab6b8f3ed3ab4b4ddfa34278ac1f018a0cf85fdef457cfd336ac1
rc101改50.xlsx,IALNS-final-frozen-20261002,RC,101,50,231779,0.6,,,,,main_fixed8_full_ialns,4500,True,2845.652424780842,True,1329.6717609404336,343.6840166999027,342.640625,1.1243503000587225,1.109375,4.840001929551363e-05,0.0,344.80841539998073,343.75,180.0,835.7468749039841,6.274440916605266,296.12706479476054,11.523380325083643,247.4679773251207,311.14314309540674,57.616901625418215,4,16,37,13,2.3125,7,7.403176619869013,49,4500,0.5599245999474078,0.5625,1329.822706343559,343.1240920999553,0.0,"[0, 34, 50, 49, 19, 24, 10, 12, 6, 4, 43, 36, 38, 41, 51]","[{""drone"":1,""index"":1,""launch"":34,""recovery"":50,""customers"":[31,30,32]},{""drone"":1,""index"":2,""launch"":49,""recovery"":24,""customers"":[48,21,23,25]},{""drone"":1,""index"":3,""launch"":10,""recovery"":12,""customers"":[15,47,14]},{""drone"":1,""index"":4,""launch"":12,""recovery"":6,""customers"":[46]},{""drone"":1,""index"":5,""launch"":6,""recovery"":43,""customers"":[44,42]},{""drone"":2,""index"":1,""launch"":34,""recovery"":50,""customers"":[29,27,26,28,33]},{""drone"":2,""index"":2,""launch"":49,""recovery"":24,""customers"":[18,20,22]},{""drone"":2,""index"":3,""launch"":10,""recovery"":12,""customers"":[17]},{""drone"":2,""index"":4,""launch"":12,""recovery"":6,""customers"":[8]},{""drone"":2,""index"":5,""launch"":6,""recovery"":4,""customers"":[1,45]},{""drone"":3,""index"":1,""launch"":0,""recovery"":36,""customers"":[39,37,35]},{""drone"":4,""index"":1,""launch"":0,""recovery"":10,""customers"":[9,13,11]},{""drone"":4,""index"":2,""launch"":10,""recovery"":12,""customers"":[16]},{""drone"":4,""index"":3,""launch"":12,""recovery"":6,""customers"":[2,7]},{""drone"":4,""index"":4,""launch"":6,""recovery"":4,""customers"":[3,5]},{""drone"":4,""index"":5,""launch"":4,""recovery"":43,""customers"":[40]}]",,,,,,,,,,,,,,33cae732436e27f2e125a4b852688a3264f8017f2ac4c96951d0a47651527cfc,ab549f8e27f41d1cc20b236abc2a4e145008456fa421f7cc230c26bea6953c5c,057686e3053ab6b8f3ed3ab4b4ddfa34278ac1f018a0cf85fdef457cfd336ac1
rc101改50.xlsx,IALNS-final-frozen-20261002,RC,101,50,257053,0.6,,,,,main_fixed8_full_ialns,4500,True,2845.652424780842,True,1229.8125909295227,295.6178262999747,293.984375,1.3753149999538437,1.125,9.450002107769251e-05,0.0,296.9932357999496,295.109375,180.0,832.7025403492745,5.834933732157579,199.73447532251816,11.54064152557243,250.3784333910615,271.89080058696686,57.70320762786215,4,15,35,15,2.3333333333333335,7,4.9933618830629545,59,3299,0.3553560000145808,0.34375,1229.8125909295227,295.2624702999601,0.0,"[0, 34, 50, 19, 49, 24, 10, 12, 6, 46, 4, 45, 43, 36, 38, 41, 51]","[{""drone"":1,""index"":1,""launch"":34,""recovery"":50,""customers"":[31,30,32]},{""drone"":1,""index"":2,""launch"":19,""recovery"":24,""customers"":[18,20,22]},{""drone"":1,""index"":3,""launch"":24,""recovery"":10,""customers"":[9,13,11]},{""drone"":1,""index"":4,""launch"":10,""recovery"":12,""customers"":[15,47,14]},{""drone"":1,""index"":5,""launch"":12,""recovery"":6,""customers"":[17]},{""drone"":1,""index"":6,""launch"":6,""recovery"":45,""customers"":[1]},{""drone"":1,""index"":7,""launch"":45,""recovery"":43,""customers"":[42]},{""drone"":2,""index"":1,""launch"":34,""recovery"":50,""customers"":[29,27,26,28,33]},{""drone"":2,""index"":2,""launch"":19,""recovery"":24,""customers"":[48,21,23,25]},{""drone"":2,""index"":3,""launch"":10,""recovery"":12,""customers"":[16]},{""drone"":2,""index"":4,""launch"":12,""recovery"":6,""customers"":[2,7]},{""drone"":2,""index"":5,""launch"":6,""recovery"":46,""customers"":[8]},{""drone"":2,""index"":6,""launch"":46,""recovery"":45,""customers"":[3,5]},{""drone"":3,""index"":1,""launch"":0,""recovery"":36,""customers"":[39,37,35]},{""drone"":4,""index"":1,""launch"":0,""recovery"":36,""customers"":[44,40]}]",,,,,,,,,,,,,,33cae732436e27f2e125a4b852688a3264f8017f2ac4c96951d0a47651527cfc,ab549f8e27f41d1cc20b236abc2a4e145008456fa421f7cc230c26bea6953c5c,057686e3053ab6b8f3ed3ab4b4ddfa34278ac1f018a0cf85fdef457cfd336ac1
rc101改50.xlsx,IALNS-final-frozen-20261002,RC,101,50,282427,0.6,,,,,main_fixed8_full_ialns,4500,True,2845.652424780842,True,1360.770926553405,288.4819527999498,279.234375,1.067501400015317,1.0,4.3599982745945454e-05,0.0,289.54949779994786,280.234375,180.0,825.9397090964206,9.765452251761417,333.5746221082617,11.491143096961096,251.1911391717275,241.22097193745998,57.455715484805474,4,16,36,14,2.25,6,8.339365552706543,38,3955,0.3721103999996558,0.359375,1360.770926553405,288.10984239995014,0.0,"[0, 47, 14, 12, 6, 46, 4, 1, 43, 39, 38, 34, 50, 18, 19, 51]","[{""drone"":1,""index"":1,""launch"":47,""recovery"":14,""customers"":[16]},{""drone"":1,""index"":2,""launch"":14,""recovery"":12,""customers"":[15,13,9,11]},{""drone"":1,""index"":3,""launch"":6,""recovery"":4,""customers"":[7,2,45]},{""drone"":1,""index"":4,""launch"":4,""recovery"":1,""customers"":[5,3]},{""drone"":1,""index"":5,""launch"":1,""recovery"":38,""customers"":[44,35,37]},{""drone"":1,""index"":6,""launch"":34,""recovery"":50,""customers"":[31,29,27,26]},{""drone"":1,""index"":7,""launch"":18,""recovery"":19,""customers"":[23,25]},{""drone"":2,""index"":1,""launch"":47,""recovery"":14,""customers"":[17]},{""drone"":2,""index"":2,""launch"":14,""recovery"":12,""customers"":[10]},{""drone"":2,""index"":3,""launch"":6,""recovery"":46,""customers"":[8]},{""drone"":2,""index"":4,""launch"":1,""recovery"":43,""customers"":[40,36]},{""drone"":2,""index"":5,""launch"":43,""recovery"":39,""customers"":[42]},{""drone"":2,""index"":6,""launch"":39,""recovery"":38,""customers"":[41]},{""drone"":2,""index"":7,""launch"":34,""recovery"":50,""customers"":[32,30,28,33]},{""drone"":3,""index"":1,""launch"":0,""recovery"":18,""customers"":[20,21,48]},{""drone"":4,""index"":1,""launch"":0,""recovery"":19,""customers"":[24,22,49]}]",,,,,,,,,,,,,,33cae732436e27f2e125a4b852688a3264f8017f2ac4c96951d0a47651527cfc,ab549f8e27f41d1cc20b236abc2a4e145008456fa421f7cc230c26bea6953c5c,057686e3053ab6b8f3ed3ab4b4ddfa34278ac1f018a0cf85fdef457cfd336ac1
rc101改50.xlsx,IALNS-final-frozen-20261002,RC,101,50,307831,0.6,,,,,main_fixed8_full_ialns,4500,True,2845.652424780842,True,1224.906220358316,270.86208370001987,267.921875,0.9458369999192655,0.921875,4.339998122304678e-05,0.0,271.80796409992035,268.84375,180.0,832.0193078743233,8.021657445546104,193.3535335441348,11.511721494311908,248.92132899869964,284.18440292741434,57.55860747155954,4,15,36,14,2.4,7,4.833838338603369,63,4500,0.5777139000128955,0.578125,1225.637376829808,270.28436980000697,-2.2737367544323206e-13,"[0, 34, 50, 49, 19, 24, 10, 12, 6, 46, 4, 43, 36, 38, 41, 51]","[{""drone"":1,""index"":1,""launch"":34,""recovery"":50,""customers"":[28,26,27,29,31]},{""drone"":1,""index"":2,""launch"":49,""recovery"":24,""customers"":[18,20,22]},{""drone"":1,""index"":3,""launch"":24,""recovery"":10,""customers"":[9,13,11]},{""drone"":1,""index"":4,""launch"":10,""recovery"":12,""customers"":[15,47,14]},{""drone"":1,""index"":5,""launch"":12,""recovery"":6,""customers"":[17]},{""drone"":1,""index"":6,""launch"":6,""recovery"":4,""customers"":[2,1]},{""drone"":1,""index"":7,""launch"":4,""recovery"":43,""customers"":[42]},{""drone"":2,""index"":1,""launch"":34,""recovery"":50,""customers"":[30,32,33]},{""drone"":2,""index"":2,""launch"":49,""recovery"":24,""customers"":[48,21,23,25]},{""drone"":2,""index"":3,""launch"":10,""recovery"":12,""customers"":[16]},{""drone"":2,""index"":4,""launch"":12,""recovery"":6,""customers"":[8]},{""drone"":2,""index"":5,""launch"":6,""recovery"":46,""customers"":[3,5]},{""drone"":2,""index"":6,""launch"":46,""recovery"":4,""customers"":[7,45]},{""drone"":3,""index"":1,""launch"":0,""recovery"":36,""customers"":[39,37,35]},{""drone"":4,""index"":1,""launch"":0,""recovery"":43,""customers"":[44,40]}]",,,,,,,,,,,,,,33cae732436e27f2e125a4b852688a3264f8017f2ac4c96951d0a47651527cfc,ab549f8e27f41d1cc20b236abc2a4e145008456fa421f7cc230c26bea6953c5c,057686e3053ab6b8f3ed3ab4b4ddfa34278ac1f018a0cf85fdef457cfd336ac1
rc101改50.xlsx,IALNS-final-frozen-20261002,RC,101,50,333287,0.6,,,,,main_fixed8_full_ialns,4500,True,2845.652424780842,True,1263.7216106878504,269.7691568000009,268.8125,1.0215723000001162,0.984375,4.20999713242054e-05,0.0,270.79077119997237,269.796875,180.0,867.1854229399901,7.76385152493086,196.74743736453627,12.024898858392994,261.1554336969725,279.0637394969082,60.12449429196497,4,16,37,13,2.3125,9,4.918685934113407,51,3641,0.34084570000413805,0.34375,1263.7216106878504,269.4283110999968,2.2737367544323206e-13,"[0, 31, 34, 38, 40, 43, 1, 4, 6, 12, 11, 13, 23, 19, 51]","[{""drone"":1,""index"":1,""launch"":0,""recovery"":23,""customers"":[20,48,21]},{""drone"":1,""index"":2,""launch"":23,""recovery"":19,""customers"":[25,18]},{""drone"":2,""index"":1,""launch"":0,""recovery"":19,""customers"":[24,22,49]},{""drone"":3,""index"":1,""launch"":31,""recovery"":34,""customers"":[30,32,33,50]},{""drone"":3,""index"":2,""launch"":38,""recovery"":40,""customers"":[37,35]},{""drone"":3,""index"":3,""launch"":40,""recovery"":43,""customers"":[42,44]},{""drone"":3,""index"":4,""launch"":43,""recovery"":1,""customers"":[2,3]},{""drone"":3,""index"":5,""launch"":1,""recovery"":4,""customers"":[5,45]},{""drone"":3,""index"":6,""launch"":4,""recovery"":6,""customers"":[8]},{""drone"":3,""index"":7,""launch"":6,""recovery"":11,""customers"":[7,10,9]},{""drone"":3,""index"":8,""launch"":11,""recovery"":13,""customers"":[16]},{""drone"":4,""index"":1,""launch"":31,""recovery"":34,""customers"":[29,27,26,28]},{""drone"":4,""index"":2,""launch"":38,""recovery"":43,""customers"":[36,39,41]},{""drone"":4,""index"":3,""launch"":43,""recovery"":4,""customers"":[46]},{""drone"":4,""index"":4,""launch"":4,""recovery"":12,""customers"":[17]},{""drone"":4,""index"":5,""launch"":12,""recovery"":13,""customers"":[14,47,15]}]",,,,,,,,,,,,,,33cae732436e27f2e125a4b852688a3264f8017f2ac4c96951d0a47651527cfc,ab549f8e27f41d1cc20b236abc2a4e145008456fa421f7cc230c26bea6953c5c,057686e3053ab6b8f3ed3ab4b4ddfa34278ac1f018a0cf85fdef457cfd336ac1
c101改100.xlsx,IALNS-final-frozen-20261002,C,101,100,104729,0.6,,,,,main_fixed8_full_ialns,4500,True,8280.782430859279,True,1655.435652845804,2046.9287638999522,1980.640625,22.62338180001825,21.4375,0.0002025999128818512,0.0,2069.5523482998833,2002.078125,180.0,1221.4003290474307,18.158512784093556,219.07177535828708,16.80503565599279,359.3589425017413,477.74500514068905,84.02517827996394,4,31,69,31,2.225806451612903,4,5.476794383957177,81,4500,6.091493800049648,5.9375,1658.674119954374,2040.8372700999025,0.0,"[0, 67, 66, 69, 47, 49, 52, 32, 29, 28, 26, 23, 11, 6, 2, 100, 96, 84, 82, 76, 70, 73, 77, 53, 56, 58, 54, 55, 50, 34, 36, 14, 101]","[{""drone"":1,""index"":1,""launch"":66,""recovery"":69,""customers"":[62,68]},{""drone"":1,""index"":2,""launch"":69,""recovery"":47,""customers"":[59,44]},{""drone"":1,""index"":3,""launch"":47,""recovery"":49,""customers"":[45,48,51]},{""drone"":1,""index"":4,""launch"":52,""recovery"":32,""customers"":[33]},{""drone"":1,""index"":5,""launch"":32,""recovery"":28,""customers"":[39,30]},{""drone"":1,""index"":6,""launch"":28,""recovery"":23,""customers"":[22,21]},{""drone"":1,""index"":7,""launch"":11,""recovery"":6,""customers"":[10]},{""drone"":1,""index"":8,""launch"":6,""recovery"":82,""customers"":[4,75,87,86,83]},{""drone"":1,""index"":9,""launch"":76,""recovery"":77,""customers"":[71,78,81,80]},{""drone"":1,""index"":10,""launch"":56,""recovery"":58,""customers"":[60]},{""drone"":1,""index"":11,""launch"":54,""recovery"":55,""customers"":[57]},{""drone"":1,""index"":12,""launch"":55,""recovery"":50,""customers"":[61,64,43]},{""drone"":2,""index"":1,""launch"":47,""recovery"":49,""customers"":[46]},{""drone"":2,""index"":2,""launch"":32,""recovery"":28,""customers"":[37,35,31]},{""drone"":2,""index"":3,""launch"":28,""recovery"":23,""customers"":[25]},{""drone"":2,""index"":4,""launch"":11,""recovery"":6,""customers"":[7,3]},{""drone"":2,""index"":5,""launch"":6,""recovery"":2,""customers"":[1]},{""drone"":2,""index"":6,""launch"":2,""recovery"":96,""customers"":[95]},{""drone"":2,""index"":7,""launch"":96,""recovery"":84,""customers"":[99,93]},{""drone"":2,""index"":8,""launch"":84,""recovery"":101,""customers"":[85,88,89,90]},{""drone"":3,""index"":1,""launch"":66,""recovery"":47,""customers"":[72,74,63,65]},{""drone"":3,""index"":2,""launch"":32,""recovery"":29,""customers"":[38]},{""drone"":3,""index"":3,""launch"":28,""recovery"":11,""customers"":[18,19]},{""drone"":3,""index"":4,""launch"":11,""recovery"":14,""customers"":[15,12,16]},{""drone"":4,""index"":1,""launch"":47,""recovery"":28,""customers"":[41,40,42,20,24,27]},{""drone"":4,""index"":2,""launch"":28,""recovery"":11,""customers"":[17,13]},{""drone"":4,""index"":3,""launch"":6,""recovery"":2,""customers"":[9,8,5]},{""drone"":4,""index"":4,""launch"":2,""recovery"":100,""customers"":[91,98]},{""drone"":4,""index"":5,""launch"":100,""recovery"":96,""customers"":[97]},{""drone"":4,""index"":6,""launch"":96,""recovery"":84,""customers"":[94,92]},{""drone"":4,""index"":7,""launch"":76,""recovery"":77,""customers"":[79]}]",,,,,,,,,,,,,,33cae732436e27f2e125a4b852688a3264f8017f2ac4c96951d0a47651527cfc,756d5283843da2c981f568cbcc4e5ba03e016f7c7f95cf93ae527f94f516a10b,eef623ccc16a2b3104c00cf4bd8c242ae00c09f257217ef55d5e9034a370d616
c101改100.xlsx,IALNS-final-frozen-20261002,C,101,100,130363,0.6,,,,,main_fixed8_full_ialns,4500,True,6790.167662353457,True,1752.90133852414,1990.2334092000965,1966.65625,20.696491200011224,20.234375,4.369998350739479e-05,0.0,2010.9299441000912,1986.890625,180.0,1279.3820884277266,4.566550448955741,271.43090723984494,17.521792407612907,371.2056384764172,552.5505766615827,87.60896203806453,4,31,69,31,2.225806451612903,6,6.785772680996123,34,4500,5.961622799979523,5.90625,1762.988058807203,1984.271786400117,0.0,"[0, 84, 95, 1, 6, 11, 10, 23, 26, 28, 36, 32, 52, 47, 43, 66, 64, 68, 55, 54, 58, 56, 53, 77, 73, 70, 76, 88, 98, 99, 100, 14, 101]","[{""drone"":1,""index"":1,""launch"":0,""recovery"":84,""customers"":[86,83,82]},{""drone"":1,""index"":2,""launch"":84,""recovery"":95,""customers"":[85,92]},{""drone"":1,""index"":3,""launch"":95,""recovery"":1,""customers"":[94,93,96]},{""drone"":1,""index"":4,""launch"":1,""recovery"":6,""customers"":[75,3,7]},{""drone"":1,""index"":5,""launch"":6,""recovery"":23,""customers"":[8,9]},{""drone"":1,""index"":6,""launch"":23,""recovery"":26,""customers"":[25]},{""drone"":1,""index"":7,""launch"":28,""recovery"":14,""customers"":[18,13,15,16,12]},{""drone"":2,""index"":1,""launch"":0,""recovery"":64,""customers"":[42,41,74,72,61]},{""drone"":2,""index"":2,""launch"":64,""recovery"":76,""customers"":[79]},{""drone"":2,""index"":3,""launch"":88,""recovery"":101,""customers"":[90]},{""drone"":3,""index"":1,""launch"":84,""recovery"":95,""customers"":[97]},{""drone"":3,""index"":2,""launch"":95,""recovery"":1,""customers"":[87,89]},{""drone"":3,""index"":3,""launch"":23,""recovery"":28,""customers"":[21,22]},{""drone"":3,""index"":4,""launch"":28,""recovery"":36,""customers"":[31,38]},{""drone"":3,""index"":5,""launch"":36,""recovery"":32,""customers"":[33]},{""drone"":3,""index"":6,""launch"":32,""recovery"":52,""customers"":[39]},{""drone"":3,""index"":7,""launch"":52,""recovery"":66,""customers"":[69]},{""drone"":3,""index"":8,""launch"":66,""recovery"":68,""customers"":[63,65,67]},{""drone"":3,""index"":9,""launch"":55,""recovery"":54,""customers"":[57]},{""drone"":3,""index"":10,""launch"":77,""recovery"":76,""customers"":[81]},{""drone"":3,""index"":11,""launch"":99,""recovery"":14,""customers"":[19]},{""drone"":4,""index"":1,""launch"":84,""recovery"":1,""customers"":[91,5,4]},{""drone"":4,""index"":2,""launch"":11,""recovery"":28,""customers"":[17]},{""drone"":4,""index"":3,""launch"":28,""recovery"":36,""customers"":[30,27,20,24,29,34]},{""drone"":4,""index"":4,""launch"":36,""recovery"":47,""customers"":[37,35,48,49]},{""drone"":4,""index"":5,""launch"":47,""recovery"":43,""customers"":[46]},{""drone"":4,""index"":6,""launch"":43,""recovery"":64,""customers"":[50,51,45,44,62]},{""drone"":4,""index"":7,""launch"":68,""recovery"":55,""customers"":[40,59]},{""drone"":4,""index"":8,""launch"":55,""recovery"":53,""customers"":[60]},{""drone"":4,""index"":9,""launch"":77,""recovery"":76,""customers"":[80,78,71]},{""drone"":4,""index"":10,""launch"":98,""recovery"":99,""customers"":[2]}]",,,,,,,,,,,,,,33cae732436e27f2e125a4b852688a3264f8017f2ac4c96951d0a47651527cfc,756d5283843da2c981f568cbcc4e5ba03e016f7c7f95cf93ae527f94f516a10b,eef623ccc16a2b3104c00cf4bd8c242ae00c09f257217ef55d5e9034a370d616
c101改100.xlsx,IALNS-final-frozen-20261002,C,101,100,155921,0.6,,,,,main_fixed8_full_ialns,4500,True,7065.930673048307,True,1811.8817184703576,2221.7346066000173,2204.8125,21.074775000102818,21.015625,4.4199987314641476e-05,0.0,2242.8094258001074,2225.828125,180.0,1212.9423536665336,12.113918025495332,390.1160221091759,16.70942466915275,358.2064079881718,461.07709900672734,83.54712334576374,4,33,68,32,2.0606060606060606,6,9.752900552729397,50,4500,6.2273083999753,6.21875,1819.2347277208296,2215.507298200042,0.0,"[0, 66, 67, 87, 84, 91, 1, 6, 11, 23, 27, 29, 36, 32, 52, 49, 47, 44, 57, 55, 58, 56, 53, 80, 77, 73, 70, 76, 82, 98, 99, 100, 14, 101]","[{""drone"":1,""index"":1,""launch"":66,""recovery"":67,""customers"":[69]},{""drone"":1,""index"":2,""launch"":87,""recovery"":91,""customers"":[86,83,85,89,90]},{""drone"":1,""index"":3,""launch"":91,""recovery"":1,""customers"":[95]},{""drone"":1,""index"":4,""launch"":1,""recovery"":6,""customers"":[2,4]},{""drone"":1,""index"":5,""launch"":6,""recovery"":11,""customers"":[10]},{""drone"":1,""index"":6,""launch"":11,""recovery"":23,""customers"":[13,17]},{""drone"":1,""index"":7,""launch"":23,""recovery"":27,""customers"":[20,24,25]},{""drone"":1,""index"":8,""launch"":29,""recovery"":36,""customers"":[30,39]},{""drone"":1,""index"":9,""launch"":36,""recovery"":32,""customers"":[33]},{""drone"":1,""index"":10,""launch"":52,""recovery"":49,""customers"":[50]},{""drone"":1,""index"":11,""launch"":47,""recovery"":44,""customers"":[43,41]},{""drone"":1,""index"":12,""launch"":44,""recovery"":57,""customers"":[40,64,61]},{""drone"":1,""index"":13,""launch"":57,""recovery"":55,""customers"":[59]},{""drone"":1,""index"":14,""launch"":58,""recovery"":53,""customers"":[60]},{""drone"":1,""index"":15,""launch"":80,""recovery"":77,""customers"":[79]},{""drone"":1,""index"":16,""launch"":82,""recovery"":98,""customers"":[88,92]},{""drone"":1,""index"":17,""launch"":99,""recovery"":14,""customers"":[19]},{""drone"":2,""index"":1,""launch"":66,""recovery"":67,""customers"":[45,51,48,42]},{""drone"":2,""index"":2,""launch"":91,""recovery"":1,""customers"":[97]},{""drone"":2,""index"":3,""launch"":1,""recovery"":6,""customers"":[3,7]},{""drone"":2,""index"":4,""launch"":11,""recovery"":23,""customers"":[21,22]},{""drone"":2,""index"":5,""launch"":23,""recovery"":27,""customers"":[26,28]},{""drone"":2,""index"":6,""launch"":29,""recovery"":36,""customers"":[34,38]},{""drone"":2,""index"":7,""launch"":36,""recovery"":32,""customers"":[37,35,31]},{""drone"":2,""index"":8,""launch"":49,""recovery"":44,""customers"":[46]},{""drone"":2,""index"":9,""launch"":44,""recovery"":55,""customers"":[68]},{""drone"":2,""index"":10,""launch"":55,""recovery"":56,""customers"":[54]},{""drone"":2,""index"":11,""launch"":80,""recovery"":76,""customers"":[81,78,71]},{""drone"":3,""index"":1,""launch"":66,""recovery"":87,""customers"":[62,72,74,63]},{""drone"":3,""index"":2,""launch"":1,""recovery"":6,""customers"":[5,8,9]},{""drone"":3,""index"":3,""launch"":6,""recovery"":98,""customers"":[75,96,93,94]},{""drone"":4,""index"":1,""launch"":66,""recovery"":67,""customers"":[65]},{""drone"":4,""index"":2,""launch"":11,""recovery"":14,""customers"":[18,15,16,12]}]",,,,,,,,,,,,,,33cae732436e27f2e125a4b852688a3264f8017f2ac4c96951d0a47651527cfc,756d5283843da2c981f568cbcc4e5ba03e016f7c7f95cf93ae527f94f516a10b,eef623ccc16a2b3104c00cf4bd8c242ae00c09f257217ef55d5e9034a370d616
c101改100.xlsx,IALNS-final-frozen-20261002,C,101,100,181081,0.6,,,,,main_fixed8_full_ialns,4500,True,6983.987716574501,True,1670.3756847740929,2055.369204699993,2045.953125,20.56892530003097,20.5,4.529999569058418e-05,0.0,2075.93817530002,2066.453125,180.0,1223.7261772632683,13.950952422541679,235.87863772039293,16.819917367889992,358.9416271620398,489.67098592382956,84.09958683944996,4,31,69,31,2.225806451612903,4,5.896965943009823,67,4500,6.38389489997644,6.328125,1679.1626595582677,2048.9853098000167,0.0,"[0, 66, 69, 42, 47, 32, 33, 36, 28, 11, 8, 3, 2, 99, 100, 93, 94, 84, 82, 78, 70, 73, 77, 80, 53, 58, 54, 55, 43, 21, 23, 14, 101]","[{""drone"":1,""index"":1,""launch"":66,""recovery"":69,""customers"":[61,72,67]},{""drone"":1,""index"":2,""launch"":69,""recovery"":42,""customers"":[68,44]},{""drone"":1,""index"":3,""launch"":42,""recovery"":47,""customers"":[48,51,52,49]},{""drone"":1,""index"":4,""launch"":32,""recovery"":36,""customers"":[39]},{""drone"":1,""index"":5,""launch"":36,""recovery"":28,""customers"":[34,29,25]},{""drone"":1,""index"":6,""launch"":28,""recovery"":11,""customers"":[18,19]},{""drone"":1,""index"":7,""launch"":11,""recovery"":8,""customers"":[10]},{""drone"":1,""index"":8,""launch"":8,""recovery"":3,""customers"":[6,7,5]},{""drone"":1,""index"":9,""launch"":2,""recovery"":99,""customers"":[4,1]},{""drone"":1,""index"":10,""launch"":99,""recovery"":100,""customers"":[97]},{""drone"":1,""index"":11,""launch"":100,""recovery"":93,""customers"":[92]},{""drone"":1,""index"":12,""launch"":58,""recovery"":54,""customers"":[60]},{""drone"":1,""index"":13,""launch"":54,""recovery"":55,""customers"":[57]},{""drone"":1,""index"":14,""launch"":55,""recovery"":43,""customers"":[64]},{""drone"":2,""index"":1,""launch"":69,""recovery"":42,""customers"":[59,40]},{""drone"":2,""index"":2,""launch"":42,""recovery"":47,""customers"":[46]},{""drone"":2,""index"":3,""launch"":33,""recovery"":36,""customers"":[38]},{""drone"":2,""index"":4,""launch"":36,""recovery"":28,""customers"":[37,35,31,30,26]},{""drone"":2,""index"":5,""launch"":28,""recovery"":11,""customers"":[17,13]},{""drone"":2,""index"":6,""launch"":11,""recovery"":99,""customers"":[95]},{""drone"":2,""index"":7,""launch"":99,""recovery"":82,""customers"":[96,89,86,85,83]},{""drone"":2,""index"":8,""launch"":82,""recovery"":78,""customers"":[79]},{""drone"":2,""index"":9,""launch"":73,""recovery"":80,""customers"":[71,76,81]},{""drone"":2,""index"":10,""launch"":53,""recovery"":54,""customers"":[56]},{""drone"":3,""index"":1,""launch"":69,""recovery"":28,""customers"":[62,74,63,65]},{""drone"":3,""index"":2,""launch"":11,""recovery"":84,""customers"":[87]},{""drone"":3,""index"":3,""launch"":84,""recovery"":101,""customers"":[88,90]},{""drone"":4,""index"":1,""launch"":42,""recovery"":28,""customers"":[41,45,50,20,22,24,27]},{""drone"":4,""index"":2,""launch"":11,""recovery"":8,""customers"":[9]},{""drone"":4,""index"":3,""launch"":2,""recovery"":99,""customers"":[75,91,98]},{""drone"":4,""index"":4,""launch"":99,""recovery"":14,""customers"":[12,15,16]}]",,,,,,,,,,,,,,33cae732436e27f2e125a4b852688a3264f8017f2ac4c96951d0a47651527cfc,756d5283843da2c981f568cbcc4e5ba03e016f7c7f95cf93ae527f94f516a10b,eef623ccc16a2b3104c00cf4bd8c242ae00c09f257217ef55d5e9034a370d616
c101改100.xlsx,IALNS-final-frozen-20261002,C,101,100,206369,0.6,,,,,main_fixed8_full_ialns,4500,True,8280.782430859279,True,1686.3900947013394,2074.2609247000655,2061.4375,21.969499700004235,21.796875,6.10999995842576e-05,0.0,2096.2304855000693,2083.234375,180.0,1198.1896311425073,15.39095242254167,276.3821714394642,16.427339696826248,348.7754795407816,506.2106417338752,82.13669848413124,4,33,70,30,2.121212121212121,7,6.909554285986605,60,4500,7.128496099961922,7.109375,1700.6973996919949,2067.1324286001036,0.0,"[0, 66, 69, 42, 47, 49, 32, 36, 28, 11, 8, 4, 2, 100, 96, 85, 84, 83, 76, 70, 73, 77, 53, 56, 58, 54, 55, 43, 21, 23, 14, 101]","[{""drone"":1,""index"":1,""launch"":69,""recovery"":42,""customers"":[59,40]},{""drone"":1,""index"":2,""launch"":42,""recovery"":49,""customers"":[63,65,67]},{""drone"":1,""index"":3,""launch"":32,""recovery"":36,""customers"":[33]},{""drone"":1,""index"":4,""launch"":36,""recovery"":28,""customers"":[34,24,20,22,26]},{""drone"":1,""index"":5,""launch"":28,""recovery"":11,""customers"":[17,13]},{""drone"":1,""index"":6,""launch"":11,""recovery"":8,""customers"":[9,6]},{""drone"":1,""index"":7,""launch"":8,""recovery"":4,""customers"":[7,3]},{""drone"":1,""index"":8,""launch"":4,""recovery"":2,""customers"":[1]},{""drone"":1,""index"":9,""launch"":2,""recovery"":96,""customers"":[99,93]},{""drone"":1,""index"":10,""launch"":96,""recovery"":85,""customers"":[94,92]},{""drone"":1,""index"":11,""launch"":85,""recovery"":83,""customers"":[88,82]},{""drone"":1,""index"":12,""launch"":56,""recovery"":58,""customers"":[60]},{""drone"":1,""index"":13,""launch"":55,""recovery"":43,""customers"":[64,45,50]},{""drone"":2,""index"":1,""launch"":69,""recovery"":42,""customers"":[68]},{""drone"":2,""index"":2,""launch"":42,""recovery"":47,""customers"":[46]},{""drone"":2,""index"":3,""launch"":32,""recovery"":36,""customers"":[39]},{""drone"":2,""index"":4,""launch"":28,""recovery"":11,""customers"":[30,18]},{""drone"":2,""index"":5,""launch"":11,""recovery"":8,""customers"":[10]},{""drone"":2,""index"":6,""launch"":8,""recovery"":4,""customers"":[5]},{""drone"":2,""index"":7,""launch"":2,""recovery"":85,""customers"":[91,90,89]},{""drone"":2,""index"":8,""launch"":76,""recovery"":77,""customers"":[79]},{""drone"":3,""index"":1,""launch"":42,""recovery"":49,""customers"":[44,48,51,52]},{""drone"":3,""index"":2,""launch"":32,""recovery"":36,""customers"":[38]},{""drone"":3,""index"":3,""launch"":36,""recovery"":28,""customers"":[37,35,31,29]},{""drone"":3,""index"":4,""launch"":28,""recovery"":11,""customers"":[27,25]},{""drone"":3,""index"":5,""launch"":11,""recovery"":84,""customers"":[75,87,86]},{""drone"":3,""index"":6,""launch"":76,""recovery"":77,""customers"":[71,78,81,80]},{""drone"":3,""index"":7,""launch"":53,""recovery"":43,""customers"":[57,41]},{""drone"":4,""index"":1,""launch"":69,""recovery"":49,""customers"":[61,72,74,62]},{""drone"":4,""index"":2,""launch"":28,""recovery"":11,""customers"":[19,15]},{""drone"":4,""index"":3,""launch"":11,""recovery"":100,""customers"":[95]},{""drone"":4,""index"":4,""launch"":100,""recovery"":96,""customers"":[97]},{""drone"":4,""index"":5,""launch"":96,""recovery"":14,""customers"":[98,12,16]}]",,,,,,,,,,,,,,33cae732436e27f2e125a4b852688a3264f8017f2ac4c96951d0a47651527cfc,756d5283843da2c981f568cbcc4e5ba03e016f7c7f95cf93ae527f94f516a10b,eef623ccc16a2b3104c00cf4bd8c242ae00c09f257217ef55d5e9034a370d616
c101改100.xlsx,IALNS-final-frozen-20261002,C,101,100,231779,0.6,,,,,main_fixed8_full_ialns,4500,True,6742.781435369816,True,1744.6260860891582,2071.6420881999657,2052.421875,20.449460299918428,20.265625,4.449998959898949e-05,0.0,2092.0915929998737,2072.6875,180.0,1254.388182002627,2.365235701308233,290.5773789236396,17.295289461583497,371.40562180948297,467.23772191392663,86.47644730791748,4,31,67,33,2.161290322580645,7,7.264434473090991,125,4500,7.213558200048283,7.125,1762.630497700994,2064.4285299999174,-2.2737367544323206e-13,"[0, 84, 95, 96, 1, 4, 11, 23, 27, 29, 36, 32, 52, 49, 47, 46, 45, 58, 56, 53, 54, 55, 68, 66, 62, 77, 73, 70, 76, 82, 98, 99, 100, 14, 101]","[{""drone"":1,""index"":1,""launch"":84,""recovery"":1,""customers"":[83,85,87,75]},{""drone"":1,""index"":2,""launch"":1,""recovery"":4,""customers"":[5,7,6]},{""drone"":1,""index"":3,""launch"":4,""recovery"":11,""customers"":[10]},{""drone"":1,""index"":4,""launch"":11,""recovery"":23,""customers"":[9]},{""drone"":1,""index"":5,""launch"":23,""recovery"":27,""customers"":[26,28]},{""drone"":1,""index"":6,""launch"":27,""recovery"":36,""customers"":[34,39]},{""drone"":1,""index"":7,""launch"":36,""recovery"":52,""customers"":[37,35,31,48,42]},{""drone"":1,""index"":8,""launch"":52,""recovery"":45,""customers"":[51,50,41,40,44]},{""drone"":1,""index"":9,""launch"":58,""recovery"":54,""customers"":[60]},{""drone"":1,""index"":10,""launch"":54,""recovery"":55,""customers"":[59]},{""drone"":1,""index"":11,""launch"":55,""recovery"":68,""customers"":[57]},{""drone"":1,""index"":12,""launch"":68,""recovery"":66,""customers"":[64]},{""drone"":1,""index"":13,""launch"":66,""recovery"":77,""customers"":[79]},{""drone"":1,""index"":14,""launch"":77,""recovery"":70,""customers"":[81,78,71]},{""drone"":1,""index"":15,""launch"":82,""recovery"":99,""customers"":[86,88,89,90]},{""drone"":1,""index"":16,""launch"":99,""recovery"":14,""customers"":[2,8]},{""drone"":2,""index"":1,""launch"":0,""recovery"":68,""customers"":[63,74,72,61]},{""drone"":2,""index"":2,""launch"":68,""recovery"":66,""customers"":[67,65]},{""drone"":2,""index"":3,""launch"":77,""recovery"":70,""customers"":[80]},{""drone"":2,""index"":4,""launch"":99,""recovery"":14,""customers"":[19]},{""drone"":3,""index"":1,""launch"":95,""recovery"":96,""customers"":[97]},{""drone"":3,""index"":2,""launch"":1,""recovery"":4,""customers"":[3]},{""drone"":3,""index"":3,""launch"":11,""recovery"":23,""customers"":[13,17]},{""drone"":3,""index"":4,""launch"":23,""recovery"":27,""customers"":[20,25,24]},{""drone"":3,""index"":5,""launch"":27,""recovery"":14,""customers"":[30,18,15,16,12]},{""drone"":4,""index"":1,""launch"":95,""recovery"":96,""customers"":[92]},{""drone"":4,""index"":2,""launch"":96,""recovery"":1,""customers"":[93,94,91]},{""drone"":4,""index"":3,""launch"":23,""recovery"":27,""customers"":[21,22]},{""drone"":4,""index"":4,""launch"":29,""recovery"":36,""customers"":[38]},{""drone"":4,""index"":5,""launch"":36,""recovery"":32,""customers"":[33]},{""drone"":4,""index"":6,""launch"":32,""recovery"":66,""customers"":[43,69]}]",,,,,,,,,,,,,,33cae732436e27f2e125a4b852688a3264f8017f2ac4c96951d0a47651527cfc,756d5283843da2c981f568cbcc4e5ba03e016f7c7f95cf93ae527f94f516a10b,eef623ccc16a2b3104c00cf4bd8c242ae00c09f257217ef55d5e9034a370d616
c101改100.xlsx,IALNS-final-frozen-20261002,C,101,100,257053,0.6,,,,,main_fixed8_full_ialns,4500,True,7427.133224671289,True,1835.4580780377792,2125.2897150999634,2104.359375,20.531794699956663,20.21875,4.650000482797623e-05,0.0,2145.821556299925,2124.578125,180.0,1260.3762408530547,12.289943188295805,365.45114698193566,17.34074701449293,370.79090187834856,493.34511739336335,86.70373507246465,4,34,71,29,2.088235294117647,8,9.136278674548391,77,4500,6.229518200038001,6.203125,1840.0217144178325,2119.0601968999254,0.0,"[0, 66, 65, 84, 96, 2, 6, 8, 11, 23, 26, 36, 32, 47, 44, 55, 58, 56, 53, 80, 77, 73, 70, 76, 82, 85, 98, 99, 100, 14, 101]","[{""drone"":1,""index"":1,""launch"":66,""recovery"":65,""customers"":[69,67]},{""drone"":1,""index"":2,""launch"":65,""recovery"":84,""customers"":[63,74,87]},{""drone"":1,""index"":3,""launch"":84,""recovery"":96,""customers"":[83,91,94,93]},{""drone"":1,""index"":4,""launch"":96,""recovery"":2,""customers"":[97]},{""drone"":1,""index"":5,""launch"":2,""recovery"":6,""customers"":[1,4]},{""drone"":1,""index"":6,""launch"":8,""recovery"":11,""customers"":[10]},{""drone"":1,""index"":7,""launch"":11,""recovery"":23,""customers"":[5,20,24]},{""drone"":1,""index"":8,""launch"":23,""recovery"":26,""customers"":[28]},{""drone"":1,""index"":9,""launch"":26,""recovery"":36,""customers"":[29,31,38]},{""drone"":1,""index"":10,""launch"":36,""recovery"":32,""customers"":[33]},{""drone"":1,""index"":11,""launch"":32,""recovery"":47,""customers"":[46]},{""drone"":1,""index"":12,""launch"":47,""recovery"":44,""customers"":[49,52,50]},{""drone"":1,""index"":13,""launch"":44,""recovery"":55,""customers"":[43,68]},{""drone"":1,""index"":14,""launch"":55,""recovery"":56,""customers"":[57]},{""drone"":1,""index"":15,""launch"":80,""recovery"":77,""customers"":[79]},{""drone"":1,""index"":16,""launch"":82,""recovery"":85,""customers"":[86,90,89,88]},{""drone"":2,""index"":1,""launch"":66,""recovery"":65,""customers"":[61,72,62]},{""drone"":2,""index"":2,""launch"":96,""recovery"":2,""customers"":[95]},{""drone"":2,""index"":3,""launch"":2,""recovery"":6,""customers"":[75,3,7]},{""drone"":2,""index"":4,""launch"":11,""recovery"":23,""customers"":[17]},{""drone"":2,""index"":5,""launch"":23,""recovery"":26,""customers"":[25,27]},{""drone"":2,""index"":6,""launch"":36,""recovery"":32,""customers"":[34,35]},{""drone"":2,""index"":7,""launch"":44,""recovery"":55,""customers"":[40,41,64]},{""drone"":2,""index"":8,""launch"":55,""recovery"":56,""customers"":[54]},{""drone"":2,""index"":9,""launch"":80,""recovery"":76,""customers"":[81,78,71]},{""drone"":3,""index"":1,""launch"":66,""recovery"":65,""customers"":[45,51,48,42]},{""drone"":3,""index"":2,""launch"":96,""recovery"":2,""customers"":[92]},{""drone"":3,""index"":3,""launch"":6,""recovery"":23,""customers"":[9,18]},{""drone"":3,""index"":4,""launch"":23,""recovery"":26,""customers"":[21,22]},{""drone"":3,""index"":5,""launch"":36,""recovery"":32,""customers"":[39,37]},{""drone"":3,""index"":6,""launch"":55,""recovery"":58,""customers"":[59]},{""drone"":3,""index"":7,""launch"":58,""recovery"":53,""customers"":[60]},{""drone"":4,""index"":1,""launch"":11,""recovery"":26,""customers"":[13,19]},{""drone"":4,""index"":2,""launch"":26,""recovery"":14,""customers"":[30,15,16,12]}]",,,,,,,,,,,,,,33cae732436e27f2e125a4b852688a3264f8017f2ac4c96951d0a47651527cfc,756d5283843da2c981f568cbcc4e5ba03e016f7c7f95cf93ae527f94f516a10b,eef623ccc16a2b3104c00cf4bd8c242ae00c09f257217ef55d5e9034a370d616
c101改100.xlsx,IALNS-final-frozen-20261002,C,101,100,282427,0.6,,,,,main_fixed8_full_ialns,4500,True,7152.112057266733,True,1769.294167402253,2131.8010151000926,2113.6875,20.38136790005956,20.1875,0.00011250004172325134,0.0,2152.182495500194,2133.875,180.0,1258.1377344583277,9.082122026423871,304.69955869564205,17.374752221859417,374.30246040125985,450.76784418182734,86.87376110929708,4,30,64,36,2.1333333333333333,5,7.617488967391051,48,4500,7.670417100074701,7.59375,1771.5352893486343,2124.130598000018,-2.2737367544323206e-13,"[0, 86, 84, 85, 95, 96, 1, 9, 11, 23, 26, 28, 36, 32, 52, 49, 47, 44, 59, 58, 56, 53, 54, 55, 68, 66, 62, 77, 73, 70, 76, 82, 88, 98, 99, 100, 14, 101]","[{""drone"":1,""index"":1,""launch"":86,""recovery"":84,""customers"":[83]},{""drone"":1,""index"":2,""launch"":95,""recovery"":96,""customers"":[92]},{""drone"":1,""index"":3,""launch"":96,""recovery"":1,""customers"":[93,94,91]},{""drone"":1,""index"":4,""launch"":1,""recovery"":9,""customers"":[3,4,6]},{""drone"":1,""index"":5,""launch"":9,""recovery"":11,""customers"":[10]},{""drone"":1,""index"":6,""launch"":11,""recovery"":28,""customers"":[13,17]},{""drone"":1,""index"":7,""launch"":36,""recovery"":32,""customers"":[38,34]},{""drone"":1,""index"":8,""launch"":47,""recovery"":44,""customers"":[43,45]},{""drone"":1,""index"":9,""launch"":58,""recovery"":54,""customers"":[60]},{""drone"":1,""index"":10,""launch"":68,""recovery"":62,""customers"":[64,61]},{""drone"":1,""index"":11,""launch"":62,""recovery"":77,""customers"":[79]},{""drone"":1,""index"":12,""launch"":77,""recovery"":76,""customers"":[80,71,78]},{""drone"":1,""index"":13,""launch"":82,""recovery"":88,""customers"":[90,89]},{""drone"":2,""index"":1,""launch"":95,""recovery"":96,""customers"":[97]},{""drone"":2,""index"":2,""launch"":9,""recovery"":11,""customers"":[12,16,15]},{""drone"":2,""index"":3,""launch"":11,""recovery"":23,""customers"":[21]},{""drone"":2,""index"":4,""launch"":23,""recovery"":26,""customers"":[22,25]},{""drone"":2,""index"":5,""launch"":26,""recovery"":36,""customers"":[30,29,31,35,37]},{""drone"":2,""index"":6,""launch"":32,""recovery"":66,""customers"":[69,63]},{""drone"":2,""index"":7,""launch"":62,""recovery"":77,""customers"":[67,65,81]},{""drone"":3,""index"":1,""launch"":0,""recovery"":62,""customers"":[42,41,40,72,74]},{""drone"":4,""index"":1,""launch"":86,""recovery"":1,""customers"":[87,75]},{""drone"":4,""index"":2,""launch"":1,""recovery"":9,""customers"":[5,7,8]},{""drone"":4,""index"":3,""launch"":9,""recovery"":11,""customers"":[2]},{""drone"":4,""index"":4,""launch"":11,""recovery"":28,""customers"":[19,18]},{""drone"":4,""index"":5,""launch"":28,""recovery"":36,""customers"":[20,24,27,39]},{""drone"":4,""index"":6,""launch"":36,""recovery"":32,""customers"":[33]},{""drone"":4,""index"":7,""launch"":32,""recovery"":52,""customers"":[51,48,50]},{""drone"":4,""index"":8,""launch"":47,""recovery"":44,""customers"":[46]},{""drone"":4,""index"":9,""launch"":59,""recovery"":55,""customers"":[57]}]",,,,,,,,,,,,,,33cae732436e27f2e125a4b852688a3264f8017f2ac4c96951d0a47651527cfc,756d5283843da2c981f568cbcc4e5ba03e016f7c7f95cf93ae527f94f516a10b,eef623ccc16a2b3104c00cf4bd8c242ae00c09f257217ef55d5e9034a370d616
c101改100.xlsx,IALNS-final-frozen-20261002,C,101,100,307831,0.6,,,,,main_fixed8_full_ialns,4500,True,6844.981433309968,True,1643.8422165322788,2229.9237749000313,2218.796875,20.51773169997614,20.296875,4.270009230822325e-05,0.0,2250.4415493000997,2239.09375,180.0,1188.5657606563177,15.648559326195175,243.2749187443145,16.352977805451467,349.6795592592508,465.0902762618847,81.76488902725733,4,32,70,30,2.1875,7,6.081872968607863,84,4500,7.542571000056341,7.453125,1656.618455645119,2222.381203899975,0.0,"[0, 67, 66, 69, 42, 47, 49, 52, 32, 36, 28, 11, 6, 2, 99, 100, 98, 84, 76, 70, 73, 77, 53, 56, 58, 54, 55, 43, 21, 23, 14, 101]","[{""drone"":1,""index"":1,""launch"":67,""recovery"":66,""customers"":[65]},{""drone"":1,""index"":2,""launch"":69,""recovery"":42,""customers"":[59]},{""drone"":1,""index"":3,""launch"":42,""recovery"":49,""customers"":[46]},{""drone"":1,""index"":4,""launch"":32,""recovery"":36,""customers"":[33]},{""drone"":1,""index"":5,""launch"":36,""recovery"":28,""customers"":[35,31,34,29,30]},{""drone"":1,""index"":6,""launch"":28,""recovery"":11,""customers"":[17,13]},{""drone"":1,""index"":7,""launch"":11,""recovery"":6,""customers"":[8,7,5]},{""drone"":1,""index"":8,""launch"":6,""recovery"":99,""customers"":[95]},{""drone"":1,""index"":9,""launch"":99,""recovery"":100,""customers"":[97]},{""drone"":1,""index"":10,""launch"":100,""recovery"":98,""customers"":[92]},{""drone"":1,""index"":11,""launch"":76,""recovery"":77,""customers"":[71,78,81,80]},{""drone"":1,""index"":12,""launch"":56,""recovery"":58,""customers"":[60]},{""drone"":1,""index"":13,""launch"":54,""recovery"":55,""customers"":[57]},{""drone"":1,""index"":14,""launch"":55,""recovery"":43,""customers"":[64]},{""drone"":2,""index"":1,""launch"":69,""recovery"":42,""customers"":[68]},{""drone"":2,""index"":2,""launch"":42,""recovery"":52,""customers"":[40,44,48,51]},{""drone"":2,""index"":3,""launch"":32,""recovery"":36,""customers"":[37,39]},{""drone"":2,""index"":4,""launch"":28,""recovery"":11,""customers"":[26,22,20,9]},{""drone"":2,""index"":5,""launch"":11,""recovery"":6,""customers"":[10]},{""drone"":2,""index"":6,""launch"":6,""recovery"":2,""customers"":[4,1]},{""drone"":2,""index"":7,""launch"":2,""recovery"":99,""customers"":[96,94,93]},{""drone"":2,""index"":8,""launch"":99,""recovery"":84,""customers"":[91,88,85]},{""drone"":2,""index"":9,""launch"":84,""recovery"":101,""customers"":[82,83,86,90]},{""drone"":3,""index"":1,""launch"":69,""recovery"":49,""customers"":[62,61,72,74,63]},{""drone"":3,""index"":2,""launch"":32,""recovery"":36,""customers"":[38]},{""drone"":3,""index"":3,""launch"":28,""recovery"":11,""customers"":[25]},{""drone"":3,""index"":4,""launch"":11,""recovery"":14,""customers"":[15,16,12]},{""drone"":4,""index"":1,""launch"":52,""recovery"":28,""customers"":[50,45,41,24,27]},{""drone"":4,""index"":2,""launch"":28,""recovery"":11,""customers"":[18,19]},{""drone"":4,""index"":3,""launch"":6,""recovery"":2,""customers"":[3,75]},{""drone"":4,""index"":4,""launch"":2,""recovery"":84,""customers"":[89,87]},{""drone"":4,""index"":5,""launch"":76,""recovery"":77,""customers"":[79]}]",,,,,,,,,,,,,,33cae732436e27f2e125a4b852688a3264f8017f2ac4c96951d0a47651527cfc,756d5283843da2c981f568cbcc4e5ba03e016f7c7f95cf93ae527f94f516a10b,eef623ccc16a2b3104c00cf4bd8c242ae00c09f257217ef55d5e9034a370d616
c101改100.xlsx,IALNS-final-frozen-20261002,C,101,100,333287,0.6,,,,,main_fixed8_full_ialns,4500,True,6992.288440833991,True,1762.8056132590023,2104.5414351000218,2098.71875,20.113480899948627,20.015625,4.12999652326107e-05,0.0,2124.6549572999356,2118.734375,180.0,1255.9043531459645,9.191409976143838,300.3600485975714,17.34980153932254,374.01717385810485,446.17610523883275,86.74900769661271,4,30,64,36,2.1333333333333333,5,7.509001214939285,61,4500,8.015102700097486,7.984375,1777.7588469704494,2096.5263323999243,0.0,"[0, 84, 85, 95, 96, 1, 6, 9, 11, 23, 26, 28, 30, 36, 32, 52, 49, 47, 46, 58, 56, 53, 54, 55, 68, 66, 62, 77, 73, 70, 76, 82, 88, 98, 99, 100, 14, 101]","[{""drone"":1,""index"":1,""launch"":95,""recovery"":96,""customers"":[92]},{""drone"":1,""index"":2,""launch"":1,""recovery"":6,""customers"":[3,7,4]},{""drone"":1,""index"":3,""launch"":6,""recovery"":9,""customers"":[10]},{""drone"":1,""index"":4,""launch"":9,""recovery"":11,""customers"":[13,17]},{""drone"":1,""index"":5,""launch"":23,""recovery"":28,""customers"":[20,22]},{""drone"":1,""index"":6,""launch"":28,""recovery"":36,""customers"":[27,25,24,29]},{""drone"":1,""index"":7,""launch"":36,""recovery"":49,""customers"":[35,31,48,45,44]},{""drone"":1,""index"":8,""launch"":47,""recovery"":46,""customers"":[43]},{""drone"":1,""index"":9,""launch"":58,""recovery"":54,""customers"":[60]},{""drone"":1,""index"":10,""launch"":54,""recovery"":55,""customers"":[57]},{""drone"":1,""index"":11,""launch"":68,""recovery"":66,""customers"":[64,61]},{""drone"":1,""index"":12,""launch"":66,""recovery"":77,""customers"":[79]},{""drone"":1,""index"":13,""launch"":77,""recovery"":76,""customers"":[80,71]},{""drone"":1,""index"":14,""launch"":82,""recovery"":88,""customers"":[86,90,89]},{""drone"":2,""index"":1,""launch"":84,""recovery"":1,""customers"":[83,87,75]},{""drone"":2,""index"":2,""launch"":1,""recovery"":6,""customers"":[5]},{""drone"":2,""index"":3,""launch"":9,""recovery"":11,""customers"":[12,16,15]},{""drone"":2,""index"":4,""launch"":11,""recovery"":28,""customers"":[19,18]},{""drone"":2,""index"":5,""launch"":28,""recovery"":36,""customers"":[34,38]},{""drone"":2,""index"":6,""launch"":36,""recovery"":32,""customers"":[39,37]},{""drone"":2,""index"":7,""launch"":52,""recovery"":47,""customers"":[51,50]},{""drone"":2,""index"":8,""launch"":54,""recovery"":55,""customers"":[59]},{""drone"":2,""index"":9,""launch"":62,""recovery"":76,""customers"":[67,65,81,78]},{""drone"":3,""index"":1,""launch"":95,""recovery"":96,""customers"":[97]},{""drone"":3,""index"":2,""launch"":96,""recovery"":1,""customers"":[93,94,91]},{""drone"":3,""index"":3,""launch"":1,""recovery"":11,""customers"":[2,8]},{""drone"":3,""index"":4,""launch"":23,""recovery"":28,""customers"":[21]},{""drone"":3,""index"":5,""launch"":36,""recovery"":32,""customers"":[33]},{""drone"":3,""index"":6,""launch"":32,""recovery"":66,""customers"":[69,63]},{""drone"":4,""index"":1,""launch"":0,""recovery"":62,""customers"":[42,41,40,72,74]}]",,,,,,,,,,,,,,33cae732436e27f2e125a4b852688a3264f8017f2ac4c96951d0a47651527cfc,756d5283843da2c981f568cbcc4e5ba03e016f7c7f95cf93ae527f94f516a10b,eef623ccc16a2b3104c00cf4bd8c242ae00c09f257217ef55d5e9034a370d616
r101改100.xlsx,IALNS-final-frozen-20261002,R,101,100,104729,0.6,,,,,main_fixed8_full_ialns,4500,True,5106.720005344651,True,1118.1758054477073,2438.121114699985,2419.953125,13.512868500081822,13.375,3.9100064896047115e-05,0.0,2451.6340223001316,2433.328125,180.0,887.3166803123569,7.285112778740366,31.860408809745664,11.713603546864427,229.2227140966265,665.4951267415909,58.56801773432213,4,36,75,25,2.0833333333333335,3,0.7965102202436416,58,4500,5.447577900020406,5.390625,1119.5023652434904,2432.6735367999645,0.0,"[0, 5, 93, 97, 2, 73, 75, 4, 80, 68, 79, 78, 9, 71, 32, 90, 11, 48, 8, 89, 13, 92, 37, 100, 59, 94, 101]","[{""drone"":1,""index"":1,""launch"":0,""recovery"":5,""customers"":[88,7]},{""drone"":1,""index"":2,""launch"":5,""recovery"":93,""customers"":[61]},{""drone"":1,""index"":3,""launch"":93,""recovery"":97,""customers"":[38]},{""drone"":1,""index"":4,""launch"":97,""recovery"":2,""customers"":[87]},{""drone"":1,""index"":5,""launch"":75,""recovery"":4,""customers"":[39]},{""drone"":1,""index"":6,""launch"":4,""recovery"":80,""customers"":[26,28,77]},{""drone"":1,""index"":7,""launch"":68,""recovery"":79,""customers"":[29,3]},{""drone"":1,""index"":8,""launch"":79,""recovery"":9,""customers"":[51,20,66]},{""drone"":1,""index"":9,""launch"":9,""recovery"":71,""customers"":[35]},{""drone"":1,""index"":10,""launch"":32,""recovery"":90,""customers"":[63]},{""drone"":1,""index"":11,""launch"":90,""recovery"":48,""customers"":[10,31]},{""drone"":1,""index"":12,""launch"":48,""recovery"":8,""customers"":[46]},{""drone"":1,""index"":13,""launch"":8,""recovery"":89,""customers"":[83,18]},{""drone"":1,""index"":14,""launch"":94,""recovery"":101,""customers"":[6,52,27]},{""drone"":2,""index"":1,""launch"":5,""recovery"":93,""customers"":[60,99,86]},{""drone"":2,""index"":2,""launch"":2,""recovery"":75,""customers"":[57,22]},{""drone"":2,""index"":3,""launch"":75,""recovery"":80,""customers"":[23,25,55,54]},{""drone"":2,""index"":4,""launch"":68,""recovery"":79,""customers"":[76,50]},{""drone"":2,""index"":5,""launch"":79,""recovery"":9,""customers"":[33,81]},{""drone"":2,""index"":6,""launch"":9,""recovery"":90,""customers"":[30]},{""drone"":2,""index"":7,""launch"":90,""recovery"":48,""customers"":[19,47,36]},{""drone"":2,""index"":8,""launch"":48,""recovery"":89,""customers"":[82,45,17,84]},{""drone"":2,""index"":9,""launch"":37,""recovery"":100,""customers"":[91]},{""drone"":2,""index"":10,""launch"":100,""recovery"":59,""customers"":[16,85,98]},{""drone"":2,""index"":11,""launch"":59,""recovery"":94,""customers"":[96,95]},{""drone"":3,""index"":1,""launch"":0,""recovery"":73,""customers"":[53,58,40]},{""drone"":3,""index"":2,""launch"":73,""recovery"":4,""customers"":[56,67]},{""drone"":3,""index"":3,""launch"":4,""recovery"":79,""customers"":[74,72,21]},{""drone"":3,""index"":4,""launch"":78,""recovery"":71,""customers"":[34,65]},{""drone"":3,""index"":5,""launch"":90,""recovery"":11,""customers"":[70,62]},{""drone"":3,""index"":6,""launch"":11,""recovery"":48,""customers"":[64,49]},{""drone"":3,""index"":7,""launch"":89,""recovery"":101,""customers"":[69]},{""drone"":4,""index"":1,""launch"":93,""recovery"":2,""customers"":[44,14,42]},{""drone"":4,""index"":2,""launch"":2,""recovery"":75,""customers"":[43,15,41]},{""drone"":4,""index"":3,""launch"":80,""recovery"":79,""customers"":[12,24]},{""drone"":4,""index"":4,""launch"":79,""recovery"":101,""customers"":[1]}]",,,,,,,,,,,,,,33cae732436e27f2e125a4b852688a3264f8017f2ac4c96951d0a47651527cfc,f646f98042ef612d35dac006f1f61c26351eaae5d30fedc748f2c7f40c194035,61b3df7bfe5784e43ae11c8a8163be425512c81082a91865fe1fe72d7107e4db
r101改100.xlsx,IALNS-final-frozen-20261002,R,101,100,130363,0.6,,,,,main_fixed8_full_ialns,4500,True,4388.714425253315,True,1128.1049858359947,2299.477259400068,2278.75,13.357717100065202,13.203125,4.060007631778717e-05,0.0,2312.8350171002094,2291.953125,180.0,910.1194712276313,8.755467678505472,17.05888008367049,12.171166846187331,245.18678488907054,581.8637218680659,60.85583423093665,4,34,70,30,2.0588235294117645,1,0.4264720020917623,45,4500,7.871147600002587,7.796875,1129.4786737538227,2291.6061118000653,2.2737367544323206e-13,"[0, 99, 93, 5, 60, 18, 7, 11, 90, 20, 71, 78, 79, 68, 80, 54, 4, 75, 73, 13, 89, 6, 96, 59, 92, 37, 100, 85, 84, 8, 52, 101]","[{""drone"":1,""index"":1,""launch"":0,""recovery"":99,""customers"":[53,58]},{""drone"":1,""index"":2,""launch"":99,""recovery"":93,""customers"":[38]},{""drone"":1,""index"":3,""launch"":93,""recovery"":5,""customers"":[61]},{""drone"":1,""index"":4,""launch"":7,""recovery"":11,""customers"":[82,88,62]},{""drone"":1,""index"":5,""launch"":11,""recovery"":90,""customers"":[64]},{""drone"":1,""index"":6,""launch"":90,""recovery"":20,""customers"":[10,32]},{""drone"":1,""index"":7,""launch"":20,""recovery"":71,""customers"":[66,65]},{""drone"":1,""index"":8,""launch"":71,""recovery"":79,""customers"":[9,51,81,33]},{""drone"":1,""index"":9,""launch"":80,""recovery"":54,""customers"":[12]},{""drone"":1,""index"":10,""launch"":4,""recovery"":75,""customers"":[39]},{""drone"":1,""index"":11,""launch"":75,""recovery"":73,""customers"":[41,22,74,72]},{""drone"":1,""index"":12,""launch"":73,""recovery"":13,""customers"":[57,42,95,94]},{""drone"":1,""index"":13,""launch"":13,""recovery"":59,""customers"":[87]},{""drone"":1,""index"":14,""launch"":59,""recovery"":100,""customers"":[14]},{""drone"":1,""index"":15,""launch"":100,""recovery"":85,""customers"":[91]},{""drone"":1,""index"":16,""launch"":85,""recovery"":84,""customers"":[98,44,16]},{""drone"":1,""index"":17,""launch"":84,""recovery"":8,""customers"":[46]},{""drone"":1,""index"":18,""launch"":52,""recovery"":101,""customers"":[69]},{""drone"":2,""index"":1,""launch"":93,""recovery"":60,""customers"":[86,83]},{""drone"":2,""index"":2,""launch"":7,""recovery"":11,""customers"":[47,36,49,19]},{""drone"":2,""index"":3,""launch"":11,""recovery"":90,""customers"":[63]},{""drone"":2,""index"":4,""launch"":90,""recovery"":20,""customers"":[30]},{""drone"":2,""index"":5,""launch"":71,""recovery"":78,""customers"":[35,34]},{""drone"":2,""index"":6,""launch"":68,""recovery"":54,""customers"":[29,24]},{""drone"":2,""index"":7,""launch"":4,""recovery"":75,""customers"":[56]},{""drone"":2,""index"":8,""launch"":59,""recovery"":92,""customers"":[97]},{""drone"":2,""index"":9,""launch"":84,""recovery"":8,""customers"":[17,45,48]},{""drone"":2,""index"":10,""launch"":52,""recovery"":101,""customers"":[27]},{""drone"":3,""index"":1,""launch"":0,""recovery"":20,""customers"":[1]},{""drone"":3,""index"":2,""launch"":20,""recovery"":79,""customers"":[70,31,77,3]},{""drone"":3,""index"":3,""launch"":54,""recovery"":75,""customers"":[55,25,67,23]},{""drone"":3,""index"":4,""launch"":73,""recovery"":100,""customers"":[21,15,43]},{""drone"":3,""index"":5,""launch"":52,""recovery"":101,""customers"":[50,76]},{""drone"":4,""index"":1,""launch"":0,""recovery"":13,""customers"":[28,26,40,2]}]",,,,,,,,,,,,,,33cae732436e27f2e125a4b852688a3264f8017f2ac4c96951d0a47651527cfc,f646f98042ef612d35dac006f1f61c26351eaae5d30fedc748f2c7f40c194035,61b3df7bfe5784e43ae11c8a8163be425512c81082a91865fe1fe72d7107e4db
r101改100.xlsx,IALNS-final-frozen-20261002,R,101,100,155921,0.6,,,,,main_fixed8_full_ialns,4500,True,7439.721247462121,True,1102.0355489214282,2229.6709127000067,2209.6875,15.032359900069423,14.984375,4.160008393228054e-05,0.0,2244.70331420016,2224.671875,160.0,920.4345593559318,5.836953451841197,3.4067781094632643,12.357258004191882,251.06386865564485,557.4765112966576,61.786290020959406,3,33,69,31,2.090909090909091,1,0.08516945273658161,69,4500,4.843562699970789,4.84375,1102.149865955985,2224.827350000036,0.0,"[0, 99, 61, 5, 60, 18, 7, 11, 10, 30, 71, 78, 79, 3, 68, 80, 54, 4, 75, 74, 73, 13, 89, 6, 96, 59, 92, 37, 100, 85, 84, 8, 101]","[{""drone"":1,""index"":1,""launch"":0,""recovery"":60,""customers"":[58,40,2,87]},{""drone"":1,""index"":2,""launch"":60,""recovery"":18,""customers"":[83]},{""drone"":1,""index"":3,""launch"":7,""recovery"":11,""customers"":[47,36,49]},{""drone"":1,""index"":4,""launch"":10,""recovery"":71,""customers"":[90,32,20,66]},{""drone"":1,""index"":5,""launch"":71,""recovery"":78,""customers"":[65]},{""drone"":1,""index"":6,""launch"":79,""recovery"":80,""customers"":[29,24]},{""drone"":1,""index"":7,""launch"":80,""recovery"":54,""customers"":[12]},{""drone"":1,""index"":8,""launch"":54,""recovery"":75,""customers"":[55,25,67,23]},{""drone"":1,""index"":9,""launch"":75,""recovery"":74,""customers"":[56]},{""drone"":1,""index"":10,""launch"":74,""recovery"":6,""customers"":[57,42,95,94]},{""drone"":1,""index"":11,""launch"":92,""recovery"":37,""customers"":[97]},{""drone"":1,""index"":12,""launch"":100,""recovery"":85,""customers"":[91]},{""drone"":1,""index"":13,""launch"":85,""recovery"":84,""customers"":[16,17]},{""drone"":1,""index"":14,""launch"":84,""recovery"":8,""customers"":[45,48,82]},{""drone"":2,""index"":1,""launch"":0,""recovery"":99,""customers"":[26,53]},{""drone"":2,""index"":2,""launch"":61,""recovery"":5,""customers"":[86]},{""drone"":2,""index"":3,""launch"":7,""recovery"":11,""customers"":[19,64]},{""drone"":2,""index"":4,""launch"":11,""recovery"":10,""customers"":[63]},{""drone"":2,""index"":5,""launch"":10,""recovery"":30,""customers"":[1]},{""drone"":2,""index"":6,""launch"":30,""recovery"":71,""customers"":[70,31,51,9]},{""drone"":2,""index"":7,""launch"":71,""recovery"":78,""customers"":[35,34]},{""drone"":2,""index"":8,""launch"":3,""recovery"":68,""customers"":[76]},{""drone"":2,""index"":9,""launch"":4,""recovery"":75,""customers"":[39]},{""drone"":2,""index"":10,""launch"":74,""recovery"":73,""customers"":[72,21]},{""drone"":2,""index"":11,""launch"":89,""recovery"":101,""customers"":[52,27,28]},{""drone"":3,""index"":1,""launch"":99,""recovery"":61,""customers"":[38]},{""drone"":3,""index"":2,""launch"":7,""recovery"":10,""customers"":[88,62]},{""drone"":3,""index"":3,""launch"":10,""recovery"":30,""customers"":[69]},{""drone"":3,""index"":4,""launch"":30,""recovery"":79,""customers"":[50,77,33,81]},{""drone"":3,""index"":5,""launch"":74,""recovery"":92,""customers"":[22,41,15,43]},{""drone"":3,""index"":6,""launch"":92,""recovery"":37,""customers"":[93,98]},{""drone"":3,""index"":7,""launch"":37,""recovery"":85,""customers"":[14,44]},{""drone"":3,""index"":8,""launch"":84,""recovery"":8,""customers"":[46]}]",,,,,,,,,,,,,,33cae732436e27f2e125a4b852688a3264f8017f2ac4c96951d0a47651527cfc,f646f98042ef612d35dac006f1f61c26351eaae5d30fedc748f2c7f40c194035,61b3df7bfe5784e43ae11c8a8163be425512c81082a91865fe1fe72d7107e4db
r101改100.xlsx,IALNS-final-frozen-20261002,R,101,100,181081,0.6,,,,,main_fixed8_full_ialns,4500,True,5060.943157038392,True,1102.1950248794826,2171.47664420004,2127.140625,13.835767599986866,13.640625,4.449998959898949e-05,0.0,2185.3124563000165,2140.78125,180.0,903.8961514722325,4.868940414508376,1.3557397345243416,12.074193258217285,242.62552209517648,586.7319506223434,60.370966291086425,4,33,72,28,2.1818181818181817,1,0.03389349336310854,94,4500,6.461405599955469,6.28125,1110.9337605671633,2165.0152386000846,0.0,"[0, 61, 5, 60, 18, 7, 11, 63, 32, 71, 78, 79, 68, 80, 54, 4, 75, 74, 73, 13, 92, 37, 100, 98, 59, 96, 6, 89, 8, 101]","[{""drone"":1,""index"":1,""launch"":0,""recovery"":79,""customers"":[28,26,77,3]},{""drone"":1,""index"":2,""launch"":79,""recovery"":68,""customers"":[50,76]},{""drone"":1,""index"":3,""launch"":80,""recovery"":54,""customers"":[12]},{""drone"":1,""index"":4,""launch"":54,""recovery"":75,""customers"":[55,25,67,23]},{""drone"":1,""index"":5,""launch"":74,""recovery"":73,""customers"":[72,21]},{""drone"":1,""index"":6,""launch"":73,""recovery"":13,""customers"":[22,41,57]},{""drone"":1,""index"":7,""launch"":13,""recovery"":92,""customers"":[87]},{""drone"":1,""index"":8,""launch"":37,""recovery"":100,""customers"":[91]},{""drone"":1,""index"":9,""launch"":6,""recovery"":8,""customers"":[94,84,17,45]},{""drone"":1,""index"":10,""launch"":8,""recovery"":101,""customers"":[48,52,27]},{""drone"":2,""index"":1,""launch"":0,""recovery"":60,""customers"":[53,58,40,2,95,99]},{""drone"":2,""index"":2,""launch"":60,""recovery"":18,""customers"":[83]},{""drone"":2,""index"":3,""launch"":7,""recovery"":11,""customers"":[47,36,49]},{""drone"":2,""index"":4,""launch"":11,""recovery"":32,""customers"":[64,10,90]},{""drone"":2,""index"":5,""launch"":32,""recovery"":71,""customers"":[31,70,20]},{""drone"":2,""index"":6,""launch"":71,""recovery"":79,""customers"":[9,51,81,33]},{""drone"":2,""index"":7,""launch"":79,""recovery"":68,""customers"":[29,24]},{""drone"":2,""index"":8,""launch"":4,""recovery"":75,""customers"":[39]},{""drone"":2,""index"":9,""launch"":74,""recovery"":37,""customers"":[15,43,42]},{""drone"":2,""index"":10,""launch"":100,""recovery"":96,""customers"":[44,16,85]},{""drone"":2,""index"":11,""launch"":89,""recovery"":8,""customers"":[46]},{""drone"":3,""index"":1,""launch"":61,""recovery"":5,""customers"":[86,93]},{""drone"":3,""index"":2,""launch"":7,""recovery"":11,""customers"":[88,62]},{""drone"":3,""index"":3,""launch"":32,""recovery"":71,""customers"":[66,65]},{""drone"":3,""index"":4,""launch"":71,""recovery"":78,""customers"":[35,34]},{""drone"":3,""index"":5,""launch"":4,""recovery"":75,""customers"":[56]},{""drone"":3,""index"":6,""launch"":92,""recovery"":37,""customers"":[97]},{""drone"":3,""index"":7,""launch"":37,""recovery"":59,""customers"":[14]},{""drone"":3,""index"":8,""launch"":89,""recovery"":101,""customers"":[69]},{""drone"":4,""index"":1,""launch"":61,""recovery"":5,""customers"":[38]},{""drone"":4,""index"":2,""launch"":7,""recovery"":11,""customers"":[82,19]},{""drone"":4,""index"":3,""launch"":32,""recovery"":71,""customers"":[30]},{""drone"":4,""index"":4,""launch"":79,""recovery"":101,""customers"":[1]}]",,,,,,,,,,,,,,33cae732436e27f2e125a4b852688a3264f8017f2ac4c96951d0a47651527cfc,f646f98042ef612d35dac006f1f61c26351eaae5d30fedc748f2c7f40c194035,61b3df7bfe5784e43ae11c8a8163be425512c81082a91865fe1fe72d7107e4db
r101改100.xlsx,IALNS-final-frozen-20261002,R,101,100,206369,0.6,,,,,main_fixed8_full_ialns,4500,True,5310.605799226137,True,1185.5158660035625,2366.206585699925,2359.015625,15.3187084000092,15.1875,4.3899985030293465e-05,0.0,2381.5253379999194,2374.203125,180.0,851.9091332941853,13.946778350792481,128.40248821343593,11.257466145148692,220.80186018572138,631.6785091234035,56.28733072574346,4,35,75,25,2.142857142857143,4,3.2100622053358983,35,4500,6.079816699959338,6.0625,1195.203364944243,2360.126768999966,0.0,"[0, 28, 53, 95, 100, 5, 99, 59, 92, 13, 73, 75, 4, 54, 80, 68, 79, 78, 71, 30, 10, 11, 19, 48, 8, 89, 101]","[{""drone"":1,""index"":1,""launch"":100,""recovery"":5,""customers"":[61]},{""drone"":1,""index"":2,""launch"":5,""recovery"":99,""customers"":[60,18]},{""drone"":1,""index"":3,""launch"":99,""recovery"":59,""customers"":[96]},{""drone"":1,""index"":4,""launch"":59,""recovery"":92,""customers"":[97]},{""drone"":1,""index"":5,""launch"":13,""recovery"":73,""customers"":[57,2,21]},{""drone"":1,""index"":6,""launch"":73,""recovery"":75,""customers"":[72,74,22,41]},{""drone"":1,""index"":7,""launch"":75,""recovery"":54,""customers"":[23,67,25,55]},{""drone"":1,""index"":8,""launch"":54,""recovery"":79,""customers"":[3,81]},{""drone"":1,""index"":9,""launch"":78,""recovery"":71,""customers"":[9,66,65]},{""drone"":1,""index"":10,""launch"":71,""recovery"":30,""customers"":[51,20,32]},{""drone"":1,""index"":11,""launch"":30,""recovery"":10,""customers"":[70,31,88]},{""drone"":1,""index"":12,""launch"":10,""recovery"":19,""customers"":[62]},{""drone"":1,""index"":13,""launch"":19,""recovery"":8,""customers"":[49,36,46]},{""drone"":1,""index"":14,""launch"":8,""recovery"":89,""customers"":[45,17]},{""drone"":1,""index"":15,""launch"":89,""recovery"":101,""customers"":[6,94,27]},{""drone"":2,""index"":1,""launch"":28,""recovery"":53,""customers"":[33,77]},{""drone"":2,""index"":2,""launch"":100,""recovery"":5,""customers"":[38]},{""drone"":2,""index"":3,""launch"":5,""recovery"":99,""customers"":[83]},{""drone"":2,""index"":4,""launch"":59,""recovery"":92,""customers"":[98]},{""drone"":2,""index"":5,""launch"":92,""recovery"":73,""customers"":[85,37,15]},{""drone"":2,""index"":6,""launch"":75,""recovery"":4,""customers"":[39]},{""drone"":2,""index"":7,""launch"":54,""recovery"":68,""customers"":[24,29]},{""drone"":2,""index"":8,""launch"":68,""recovery"":79,""customers"":[76,50]},{""drone"":2,""index"":9,""launch"":30,""recovery"":10,""customers"":[69]},{""drone"":2,""index"":10,""launch"":10,""recovery"":11,""customers"":[90,63]},{""drone"":2,""index"":11,""launch"":11,""recovery"":8,""customers"":[64,82]},{""drone"":3,""index"":1,""launch"":28,""recovery"":53,""customers"":[12,26]},{""drone"":3,""index"":2,""launch"":100,""recovery"":5,""customers"":[42,43,91]},{""drone"":3,""index"":3,""launch"":5,""recovery"":59,""customers"":[84,16,93]},{""drone"":3,""index"":4,""launch"":13,""recovery"":73,""customers"":[87,58,40]},{""drone"":3,""index"":5,""launch"":75,""recovery"":4,""customers"":[56]},{""drone"":3,""index"":6,""launch"":80,""recovery"":71,""customers"":[34,35]},{""drone"":3,""index"":7,""launch"":30,""recovery"":101,""customers"":[1]},{""drone"":4,""index"":1,""launch"":100,""recovery"":5,""customers"":[14,44,86]},{""drone"":4,""index"":2,""launch"":5,""recovery"":19,""customers"":[52,7,47]}]",,,,,,,,,,,,,,33cae732436e27f2e125a4b852688a3264f8017f2ac4c96951d0a47651527cfc,f646f98042ef612d35dac006f1f61c26351eaae5d30fedc748f2c7f40c194035,61b3df7bfe5784e43ae11c8a8163be425512c81082a91865fe1fe72d7107e4db
r101改100.xlsx,IALNS-final-frozen-20261002,R,101,100,231779,0.6,,,,,main_fixed8_full_ialns,4500,True,4513.145353727187,True,1147.3807412247477,1914.3969533999916,1892.8125,13.199547900003381,13.140625,4.469999112188816e-05,0.0,1927.5965459999861,1905.953125,180.0,912.8766428078907,15.29127820616749,27.03589154495356,12.176928665735915,243.92762165212943,603.6459261716749,60.88464332867957,4,34,74,26,2.176470588235294,4,0.675897288623839,81,4500,5.6815347000956535,5.640625,1148.5059339080842,1908.715418699896,0.0,"[0, 95, 93, 5, 83, 82, 11, 63, 32, 71, 78, 79, 68, 80, 54, 4, 75, 73, 13, 89, 96, 59, 92, 37, 100, 85, 8, 101]","[{""drone"":1,""index"":1,""launch"":0,""recovery"":95,""customers"":[28,53]},{""drone"":1,""index"":2,""launch"":95,""recovery"":93,""customers"":[87,2,42]},{""drone"":1,""index"":3,""launch"":93,""recovery"":5,""customers"":[61]},{""drone"":1,""index"":4,""launch"":5,""recovery"":83,""customers"":[60,18]},{""drone"":1,""index"":5,""launch"":82,""recovery"":11,""customers"":[19,64]},{""drone"":1,""index"":6,""launch"":11,""recovery"":32,""customers"":[10,70,90]},{""drone"":1,""index"":7,""launch"":32,""recovery"":71,""customers"":[30]},{""drone"":1,""index"":8,""launch"":71,""recovery"":78,""customers"":[35,34]},{""drone"":1,""index"":9,""launch"":79,""recovery"":80,""customers"":[29,24]},{""drone"":1,""index"":10,""launch"":80,""recovery"":54,""customers"":[12]},{""drone"":1,""index"":11,""launch"":4,""recovery"":75,""customers"":[39]},{""drone"":1,""index"":12,""launch"":75,""recovery"":73,""customers"":[74,72]},{""drone"":1,""index"":13,""launch"":13,""recovery"":96,""customers"":[57,94,6]},{""drone"":1,""index"":14,""launch"":59,""recovery"":92,""customers"":[97]},{""drone"":1,""index"":15,""launch"":100,""recovery"":85,""customers"":[14]},{""drone"":1,""index"":16,""launch"":85,""recovery"":8,""customers"":[84,17,45]},{""drone"":1,""index"":17,""launch"":8,""recovery"":101,""customers"":[69]},{""drone"":2,""index"":1,""launch"":95,""recovery"":93,""customers"":[99]},{""drone"":2,""index"":2,""launch"":93,""recovery"":5,""customers"":[38]},{""drone"":2,""index"":3,""launch"":83,""recovery"":82,""customers"":[46]},{""drone"":2,""index"":4,""launch"":82,""recovery"":32,""customers"":[48,62,31]},{""drone"":2,""index"":5,""launch"":71,""recovery"":78,""customers"":[9,33,51,81]},{""drone"":2,""index"":6,""launch"":79,""recovery"":80,""customers"":[50,76]},{""drone"":2,""index"":7,""launch"":54,""recovery"":75,""customers"":[55,25,67,23]},{""drone"":2,""index"":8,""launch"":75,""recovery"":73,""customers"":[56,21]},{""drone"":2,""index"":9,""launch"":73,""recovery"":92,""customers"":[22,41,15,43]},{""drone"":2,""index"":10,""launch"":92,""recovery"":37,""customers"":[98]},{""drone"":2,""index"":11,""launch"":100,""recovery"":85,""customers"":[44,16]},{""drone"":3,""index"":1,""launch"":93,""recovery"":5,""customers"":[91,86]},{""drone"":3,""index"":2,""launch"":82,""recovery"":11,""customers"":[7,47,36,49]},{""drone"":3,""index"":3,""launch"":32,""recovery"":71,""customers"":[20,66,65]},{""drone"":3,""index"":4,""launch"":89,""recovery"":101,""customers"":[52,88,27]},{""drone"":4,""index"":1,""launch"":0,""recovery"":79,""customers"":[58,40,26,77,3]},{""drone"":4,""index"":2,""launch"":79,""recovery"":101,""customers"":[1]}]",,,,,,,,,,,,,,33cae732436e27f2e125a4b852688a3264f8017f2ac4c96951d0a47651527cfc,f646f98042ef612d35dac006f1f61c26351eaae5d30fedc748f2c7f40c194035,61b3df7bfe5784e43ae11c8a8163be425512c81082a91865fe1fe72d7107e4db
r101改100.xlsx,IALNS-final-frozen-20261002,R,101,100,257053,0.6,,,,,main_fixed8_full_ialns,4500,True,4017.1660984609903,True,1163.8870375869144,2293.105777299963,2210.21875,13.75042289996054,13.046875,4.039995837956667e-05,0.0,2306.856240599882,2223.265625,180.0,794.6032749282748,22.143378926764242,156.63644674671434,10.503936985160752,206.18928997123552,586.7846833818942,52.51968492580376,4,34,76,24,2.235294117647059,4,3.9159111686678587,89,4500,6.4479135000146925,6.328125,1164.7671114646676,2286.6578637999482,2.2737367544323206e-13,"[0, 60, 5, 93, 100, 92, 59, 95, 13, 73, 75, 4, 54, 80, 68, 79, 78, 71, 30, 10, 11, 19, 48, 8, 89, 101]","[{""drone"":1,""index"":1,""launch"":0,""recovery"":60,""customers"":[7,18]},{""drone"":1,""index"":2,""launch"":60,""recovery"":5,""customers"":[83]},{""drone"":1,""index"":3,""launch"":5,""recovery"":93,""customers"":[61]},{""drone"":1,""index"":4,""launch"":93,""recovery"":100,""customers"":[38]},{""drone"":1,""index"":5,""launch"":100,""recovery"":92,""customers"":[86,16,98]},{""drone"":1,""index"":6,""launch"":92,""recovery"":95,""customers"":[97]},{""drone"":1,""index"":7,""launch"":95,""recovery"":73,""customers"":[99,85,37,2]},{""drone"":1,""index"":8,""launch"":73,""recovery"":75,""customers"":[21,72,74]},{""drone"":1,""index"":9,""launch"":75,""recovery"":4,""customers"":[56]},{""drone"":1,""index"":10,""launch"":68,""recovery"":79,""customers"":[76,50]},{""drone"":1,""index"":11,""launch"":79,""recovery"":10,""customers"":[51,70,31]},{""drone"":1,""index"":12,""launch"":10,""recovery"":11,""customers"":[63]},{""drone"":1,""index"":13,""launch"":11,""recovery"":48,""customers"":[64,49,36]},{""drone"":1,""index"":14,""launch"":48,""recovery"":8,""customers"":[46]},{""drone"":1,""index"":15,""launch"":8,""recovery"":89,""customers"":[45,17,84,94,6]},{""drone"":1,""index"":16,""launch"":89,""recovery"":101,""customers"":[52,88,27]},{""drone"":2,""index"":1,""launch"":0,""recovery"":79,""customers"":[26,77,33,81]},{""drone"":2,""index"":2,""launch"":78,""recovery"":71,""customers"":[9,65]},{""drone"":2,""index"":3,""launch"":71,""recovery"":10,""customers"":[66,20,32,90]},{""drone"":2,""index"":4,""launch"":10,""recovery"":48,""customers"":[62,47,82]},{""drone"":3,""index"":1,""launch"":93,""recovery"":100,""customers"":[44,14]},{""drone"":3,""index"":2,""launch"":100,""recovery"":92,""customers"":[43,15,42]},{""drone"":3,""index"":3,""launch"":92,""recovery"":95,""customers"":[87]},{""drone"":3,""index"":4,""launch"":13,""recovery"":73,""customers"":[57,41,22]},{""drone"":3,""index"":5,""launch"":75,""recovery"":4,""customers"":[39]},{""drone"":3,""index"":6,""launch"":68,""recovery"":71,""customers"":[34,35]},{""drone"":3,""index"":7,""launch"":30,""recovery"":101,""customers"":[1]},{""drone"":4,""index"":1,""launch"":93,""recovery"":100,""customers"":[91]},{""drone"":4,""index"":2,""launch"":59,""recovery"":95,""customers"":[96]},{""drone"":4,""index"":3,""launch"":13,""recovery"":73,""customers"":[58,53,28,40]},{""drone"":4,""index"":4,""launch"":75,""recovery"":54,""customers"":[23,67,25,55]},{""drone"":4,""index"":5,""launch"":54,""recovery"":80,""customers"":[12]},{""drone"":4,""index"":6,""launch"":80,""recovery"":79,""customers"":[24,29,3]},{""drone"":4,""index"":7,""launch"":30,""recovery"":101,""customers"":[69]}]",,,,,,,,,,,,,,33cae732436e27f2e125a4b852688a3264f8017f2ac4c96951d0a47651527cfc,f646f98042ef612d35dac006f1f61c26351eaae5d30fedc748f2c7f40c194035,61b3df7bfe5784e43ae11c8a8163be425512c81082a91865fe1fe72d7107e4db
r101改100.xlsx,IALNS-final-frozen-20261002,R,101,100,282427,0.6,,,,,main_fixed8_full_ialns,4500,True,5003.373684190367,True,1255.3772271524006,1901.5656398999272,1871.078125,13.622108399984427,13.3125,4.20999713242054e-05,0.0,1915.187790399883,1884.390625,180.0,880.7904807242476,22.743006684706888,160.13261873883465,11.711121004611481,232.92100740184853,606.7581950623401,58.5556050230574,4,35,78,22,2.2285714285714286,7,4.003315468470866,102,4500,5.114580199937336,5.0625,1258.0373323152453,1896.4510596999899,0.0,"[0, 5, 93, 100, 92, 59, 95, 13, 28, 76, 79, 78, 71, 20, 10, 11, 48, 8, 89, 58, 73, 75, 4, 101]","[{""drone"":1,""index"":1,""launch"":0,""recovery"":5,""customers"":[18,83]},{""drone"":1,""index"":2,""launch"":93,""recovery"":100,""customers"":[38]},{""drone"":1,""index"":3,""launch"":100,""recovery"":59,""customers"":[14,44,86]},{""drone"":1,""index"":4,""launch"":59,""recovery"":95,""customers"":[96]},{""drone"":1,""index"":5,""launch"":13,""recovery"":76,""customers"":[53,26,77]},{""drone"":1,""index"":6,""launch"":79,""recovery"":78,""customers"":[33,81]},{""drone"":1,""index"":7,""launch"":78,""recovery"":71,""customers"":[34,35]},{""drone"":1,""index"":8,""launch"":71,""recovery"":20,""customers"":[65,66]},{""drone"":1,""index"":9,""launch"":20,""recovery"":10,""customers"":[30]},{""drone"":1,""index"":10,""launch"":10,""recovery"":11,""customers"":[90,63]},{""drone"":1,""index"":11,""launch"":11,""recovery"":8,""customers"":[49,36,46]},{""drone"":1,""index"":12,""launch"":8,""recovery"":89,""customers"":[45,17,84]},{""drone"":1,""index"":13,""launch"":89,""recovery"":73,""customers"":[6,94,57]},{""drone"":1,""index"":14,""launch"":73,""recovery"":4,""customers"":[72,56,23,67]},{""drone"":2,""index"":1,""launch"":0,""recovery"":5,""customers"":[7,82]},{""drone"":2,""index"":2,""launch"":5,""recovery"":93,""customers"":[60,99]},{""drone"":2,""index"":3,""launch"":93,""recovery"":100,""customers"":[91]},{""drone"":2,""index"":4,""launch"":100,""recovery"":95,""customers"":[43,15,42]},{""drone"":2,""index"":5,""launch"":13,""recovery"":28,""customers"":[2,74,21,40]},{""drone"":2,""index"":6,""launch"":28,""recovery"":76,""customers"":[1]},{""drone"":2,""index"":7,""launch"":76,""recovery"":79,""customers"":[80,68]},{""drone"":2,""index"":8,""launch"":79,""recovery"":71,""customers"":[3,50,51,9]},{""drone"":2,""index"":9,""launch"":20,""recovery"":10,""customers"":[32,70,31,88]},{""drone"":2,""index"":10,""launch"":10,""recovery"":48,""customers"":[62,47]},{""drone"":2,""index"":11,""launch"":73,""recovery"":75,""customers"":[41,22]},{""drone"":2,""index"":12,""launch"":75,""recovery"":4,""customers"":[39]},{""drone"":3,""index"":1,""launch"":5,""recovery"":93,""customers"":[61]},{""drone"":3,""index"":2,""launch"":100,""recovery"":59,""customers"":[16,98]},{""drone"":3,""index"":3,""launch"":59,""recovery"":28,""customers"":[85,37,87]},{""drone"":3,""index"":4,""launch"":28,""recovery"":76,""customers"":[12]},{""drone"":3,""index"":5,""launch"":11,""recovery"":48,""customers"":[64,19]},{""drone"":3,""index"":6,""launch"":89,""recovery"":101,""customers"":[52,27]},{""drone"":4,""index"":1,""launch"":92,""recovery"":95,""customers"":[97]},{""drone"":4,""index"":2,""launch"":28,""recovery"":76,""customers"":[69]},{""drone"":4,""index"":3,""launch"":79,""recovery"":4,""customers"":[29,24,54,55,25]}]",,,,,,,,,,,,,,33cae732436e27f2e125a4b852688a3264f8017f2ac4c96951d0a47651527cfc,f646f98042ef612d35dac006f1f61c26351eaae5d30fedc748f2c7f40c194035,61b3df7bfe5784e43ae11c8a8163be425512c81082a91865fe1fe72d7107e4db
r101改100.xlsx,IALNS-final-frozen-20261002,R,101,100,307831,0.6,,,,,main_fixed8_full_ialns,4500,True,4264.568890308844,True,1174.8902301164803,2235.6618371000513,2229.328125,14.065084100002423,14.03125,4.3400097638368607e-05,0.0,2249.7269646001514,2243.359375,180.0,802.6085826112313,20.94025020148076,160.76718358863485,10.574213715133217,205.9791636343653,615.5703056937848,52.87106857566608,4,34,76,24,2.235294117647059,5,4.019179589715871,73,4500,5.545720800058916,5.53125,1175.316422465701,2230.1161162999924,2.2737367544323206e-13,"[0, 60, 5, 91, 100, 92, 59, 13, 73, 75, 4, 54, 80, 68, 3, 79, 78, 71, 20, 90, 11, 19, 48, 8, 89, 101]","[{""drone"":1,""index"":1,""launch"":0,""recovery"":60,""customers"":[88,7]},{""drone"":1,""index"":2,""launch"":60,""recovery"":5,""customers"":[18,83]},{""drone"":1,""index"":3,""launch"":5,""recovery"":91,""customers"":[61]},{""drone"":1,""index"":4,""launch"":91,""recovery"":100,""customers"":[38]},{""drone"":1,""index"":5,""launch"":100,""recovery"":59,""customers"":[86,16,98]},{""drone"":1,""index"":6,""launch"":59,""recovery"":13,""customers"":[96]},{""drone"":1,""index"":7,""launch"":13,""recovery"":73,""customers"":[58,2,57,41]},{""drone"":1,""index"":8,""launch"":73,""recovery"":75,""customers"":[21,72,74,22]},{""drone"":1,""index"":9,""launch"":75,""recovery"":4,""customers"":[39]},{""drone"":1,""index"":10,""launch"":4,""recovery"":54,""customers"":[25,55]},{""drone"":1,""index"":11,""launch"":54,""recovery"":80,""customers"":[12]},{""drone"":1,""index"":12,""launch"":68,""recovery"":3,""customers"":[76]},{""drone"":1,""index"":13,""launch"":79,""recovery"":20,""customers"":[51,70,32]},{""drone"":1,""index"":14,""launch"":20,""recovery"":90,""customers"":[31,10]},{""drone"":1,""index"":15,""launch"":90,""recovery"":11,""customers"":[64]},{""drone"":1,""index"":16,""launch"":8,""recovery"":89,""customers"":[45,17,84,94,6]},{""drone"":1,""index"":17,""launch"":89,""recovery"":101,""customers"":[69]},{""drone"":2,""index"":1,""launch"":91,""recovery"":100,""customers"":[44,43,15,42]},{""drone"":2,""index"":2,""launch"":100,""recovery"":92,""customers"":[14]},{""drone"":2,""index"":3,""launch"":92,""recovery"":59,""customers"":[97]},{""drone"":2,""index"":4,""launch"":59,""recovery"":13,""customers"":[93,99,95]},{""drone"":2,""index"":5,""launch"":13,""recovery"":73,""customers"":[85,37,87]},{""drone"":2,""index"":6,""launch"":75,""recovery"":54,""customers"":[56,23,67]},{""drone"":2,""index"":7,""launch"":68,""recovery"":71,""customers"":[34,35]},{""drone"":2,""index"":8,""launch"":90,""recovery"":11,""customers"":[63]},{""drone"":3,""index"":1,""launch"":0,""recovery"":73,""customers"":[53,28,26,40]},{""drone"":3,""index"":2,""launch"":80,""recovery"":79,""customers"":[24,29]},{""drone"":3,""index"":3,""launch"":78,""recovery"":71,""customers"":[9,66,65]},{""drone"":3,""index"":4,""launch"":20,""recovery"":90,""customers"":[30]},{""drone"":3,""index"":5,""launch"":90,""recovery"":48,""customers"":[62,47,82]},{""drone"":3,""index"":6,""launch"":89,""recovery"":101,""customers"":[52,27]},{""drone"":4,""index"":1,""launch"":0,""recovery"":3,""customers"":[33,81,50,77]},{""drone"":4,""index"":2,""launch"":3,""recovery"":20,""customers"":[1]},{""drone"":4,""index"":3,""launch"":19,""recovery"":8,""customers"":[49,36,46]}]",,,,,,,,,,,,,,33cae732436e27f2e125a4b852688a3264f8017f2ac4c96951d0a47651527cfc,f646f98042ef612d35dac006f1f61c26351eaae5d30fedc748f2c7f40c194035,61b3df7bfe5784e43ae11c8a8163be425512c81082a91865fe1fe72d7107e4db
r101改100.xlsx,IALNS-final-frozen-20261002,R,101,100,333287,0.6,,,,,main_fixed8_full_ialns,4500,True,4414.726791523314,True,1121.0938590859923,2304.066689799889,2283.78125,13.625792899983935,13.5625,4.199997056275606e-05,0.0,2317.6925246998435,2297.34375,180.0,862.6971405021261,10.821150533495532,56.10046841677416,11.475099633596441,228.42912287753592,591.3659062317282,57.3754981679822,4,35,73,27,2.085714285714286,4,1.402511710419354,56,4500,6.302466499968432,6.25,1122.6140985462964,2297.7642232999206,0.0,"[0, 5, 93, 97, 87, 2, 73, 75, 4, 54, 80, 68, 79, 78, 71, 20, 90, 11, 48, 8, 89, 13, 92, 37, 100, 98, 59, 94, 101]","[{""drone"":1,""index"":1,""launch"":5,""recovery"":93,""customers"":[60,18,6,99]},{""drone"":1,""index"":2,""launch"":93,""recovery"":87,""customers"":[86,44,14]},{""drone"":1,""index"":3,""launch"":2,""recovery"":73,""customers"":[57,41,22]},{""drone"":1,""index"":4,""launch"":73,""recovery"":54,""customers"":[21,40,58,26]},{""drone"":1,""index"":5,""launch"":54,""recovery"":68,""customers"":[24,29,3]},{""drone"":1,""index"":6,""launch"":78,""recovery"":71,""customers"":[34,35]},{""drone"":1,""index"":7,""launch"":20,""recovery"":90,""customers"":[30]},{""drone"":1,""index"":8,""launch"":11,""recovery"":48,""customers"":[64,49]},{""drone"":1,""index"":9,""launch"":48,""recovery"":8,""customers"":[82]},{""drone"":1,""index"":10,""launch"":37,""recovery"":100,""customers"":[91]},{""drone"":1,""index"":11,""launch"":100,""recovery"":59,""customers"":[16,85]},{""drone"":1,""index"":12,""launch"":59,""recovery"":94,""customers"":[96,95]},{""drone"":2,""index"":1,""launch"":0,""recovery"":68,""customers"":[53,28,77]},{""drone"":2,""index"":2,""launch"":68,""recovery"":79,""customers"":[76,50]},{""drone"":2,""index"":3,""launch"":78,""recovery"":71,""customers"":[81,51,9,65]},{""drone"":2,""index"":4,""launch"":20,""recovery"":90,""customers"":[66,32]},{""drone"":2,""index"":5,""launch"":90,""recovery"":11,""customers"":[10]},{""drone"":2,""index"":6,""launch"":48,""recovery"":8,""customers"":[46]},{""drone"":2,""index"":7,""launch"":8,""recovery"":59,""customers"":[45,17,84]},{""drone"":3,""index"":1,""launch"":5,""recovery"":93,""customers"":[61]},{""drone"":3,""index"":2,""launch"":93,""recovery"":97,""customers"":[38]},{""drone"":3,""index"":3,""launch"":73,""recovery"":75,""customers"":[72,56]},{""drone"":3,""index"":4,""launch"":75,""recovery"":54,""customers"":[23,67,25,55]},{""drone"":3,""index"":5,""launch"":54,""recovery"":80,""customers"":[12]},{""drone"":3,""index"":6,""launch"":79,""recovery"":20,""customers"":[33,1]},{""drone"":3,""index"":7,""launch"":20,""recovery"":90,""customers"":[70,31,62]},{""drone"":3,""index"":8,""launch"":90,""recovery"":11,""customers"":[63]},{""drone"":3,""index"":9,""launch"":89,""recovery"":101,""customers"":[52,27]},{""drone"":4,""index"":1,""launch"":0,""recovery"":5,""customers"":[88,7]},{""drone"":4,""index"":2,""launch"":5,""recovery"":93,""customers"":[83]},{""drone"":4,""index"":3,""launch"":87,""recovery"":2,""customers"":[42,43,15]},{""drone"":4,""index"":4,""launch"":73,""recovery"":75,""customers"":[39]},{""drone"":4,""index"":5,""launch"":75,""recovery"":54,""customers"":[74]},{""drone"":4,""index"":6,""launch"":90,""recovery"":48,""customers"":[19,47,36]},{""drone"":4,""index"":7,""launch"":89,""recovery"":101,""customers"":[69]}]",,,,,,,,,,,,,,33cae732436e27f2e125a4b852688a3264f8017f2ac4c96951d0a47651527cfc,f646f98042ef612d35dac006f1f61c26351eaae5d30fedc748f2c7f40c194035,61b3df7bfe5784e43ae11c8a8163be425512c81082a91865fe1fe72d7107e4db
rc101改100.xlsx,IALNS-final-frozen-20261002,RC,101,100,104729,0.6,,,,,main_fixed8_full_ialns,4500,True,7628.753190771426,True,1918.2408604229634,2092.956696700072,2077.15625,5.117354799993336,5.0625,5.40000619366765e-05,0.0,2098.074105500127,2082.21875,180.0,1279.1161820594284,10.904515709306501,430.91499346065393,17.305169193574617,357.42311461102565,689.4894607545041,86.52584596787308,4,34,73,27,2.1470588235294117,6,10.772874836516348,91,4500,5.518151200027205,5.5,1922.2805525545195,2087.4385455000447,0.0,"[0, 56, 84, 63, 19, 25, 74, 87, 13, 16, 14, 53, 98, 88, 6, 46, 43, 44, 42, 81, 92, 94, 93, 34, 33, 20, 22, 24, 101]","[{""drone"":1,""index"":1,""launch"":0,""recovery"":56,""customers"":[82,99]},{""drone"":1,""index"":2,""launch"":56,""recovery"":63,""customers"":[83,51]},{""drone"":1,""index"":3,""launch"":63,""recovery"":19,""customers"":[76,18,48,23,49]},{""drone"":1,""index"":4,""launch"":25,""recovery"":74,""customers"":[77,58]},{""drone"":1,""index"":5,""launch"":74,""recovery"":87,""customers"":[75,59]},{""drone"":1,""index"":6,""launch"":87,""recovery"":13,""customers"":[97]},{""drone"":1,""index"":7,""launch"":16,""recovery"":14,""customers"":[17]},{""drone"":1,""index"":8,""launch"":14,""recovery"":53,""customers"":[11,12,78,60]},{""drone"":1,""index"":9,""launch"":98,""recovery"":6,""customers"":[69,90,100,2]},{""drone"":1,""index"":10,""launch"":6,""recovery"":46,""customers"":[8]},{""drone"":1,""index"":11,""launch"":43,""recovery"":42,""customers"":[39]},{""drone"":1,""index"":12,""launch"":42,""recovery"":81,""customers"":[41,70,68]},{""drone"":1,""index"":13,""launch"":93,""recovery"":34,""customers"":[71,50]},{""drone"":1,""index"":14,""launch"":34,""recovery"":33,""customers"":[26]},{""drone"":2,""index"":1,""launch"":0,""recovery"":46,""customers"":[5]},{""drone"":2,""index"":2,""launch"":43,""recovery"":81,""customers"":[36,35,37,38,61]},{""drone"":2,""index"":3,""launch"":92,""recovery"":101,""customers"":[95,66,65]},{""drone"":3,""index"":1,""launch"":0,""recovery"":56,""customers"":[80,54,91]},{""drone"":3,""index"":2,""launch"":84,""recovery"":63,""customers"":[64]},{""drone"":3,""index"":3,""launch"":63,""recovery"":19,""customers"":[89,21]},{""drone"":3,""index"":4,""launch"":19,""recovery"":74,""customers"":[57]},{""drone"":3,""index"":5,""launch"":74,""recovery"":87,""customers"":[86,52]},{""drone"":3,""index"":6,""launch"":87,""recovery"":16,""customers"":[9,10,15]},{""drone"":3,""index"":7,""launch"":16,""recovery"":14,""customers"":[47]},{""drone"":3,""index"":8,""launch"":14,""recovery"":53,""customers"":[73,79]},{""drone"":3,""index"":9,""launch"":53,""recovery"":46,""customers"":[7,4,1,3,45]},{""drone"":3,""index"":10,""launch"":43,""recovery"":42,""customers"":[40]},{""drone"":3,""index"":11,""launch"":42,""recovery"":81,""customers"":[72]},{""drone"":3,""index"":12,""launch"":94,""recovery"":93,""customers"":[96]},{""drone"":3,""index"":13,""launch"":34,""recovery"":33,""customers"":[31,27,28]},{""drone"":4,""index"":1,""launch"":0,""recovery"":56,""customers"":[55]},{""drone"":4,""index"":2,""launch"":56,""recovery"":63,""customers"":[67]},{""drone"":4,""index"":3,""launch"":63,""recovery"":34,""customers"":[85,62,32,30]},{""drone"":4,""index"":4,""launch"":34,""recovery"":33,""customers"":[29]}]",,,,,,,,,,,,,,33cae732436e27f2e125a4b852688a3264f8017f2ac4c96951d0a47651527cfc,e2f00c8eb3242f8a8732f6bdc7d6b362e70f0e80bfad98a04f1fc59963ae1fe4,eef623ccc16a2b3104c00cf4bd8c242ae00c09f257217ef55d5e9034a370d616
rc101改100.xlsx,IALNS-final-frozen-20261002,RC,101,100,130363,0.6,,,,,main_fixed8_full_ialns,4500,True,7480.766262050717,True,1942.08421709729,2538.952850600006,2491.703125,5.487440900062211,5.359375,4.12999652326107e-05,0.0,2544.4403328000335,2497.0625,180.0,1247.5606863915662,2.633191998644798,494.91272635571903,16.97761235136006,354.99923932064814,608.5432280987393,84.88806175680031,4,32,71,29,2.21875,10,12.372818158892976,69,4500,5.608794400002807,5.5625,1949.798475025795,2533.3440562000033,0.0,"[0, 80, 63, 84, 51, 19, 25, 24, 74, 87, 13, 16, 14, 53, 98, 88, 6, 46, 43, 44, 72, 96, 92, 50, 34, 31, 29, 28, 93, 81, 101]","[{""drone"":1,""index"":1,""launch"":80,""recovery"":84,""customers"":[54,94]},{""drone"":1,""index"":2,""launch"":84,""recovery"":51,""customers"":[64]},{""drone"":1,""index"":3,""launch"":19,""recovery"":25,""customers"":[49,21]},{""drone"":1,""index"":4,""launch"":24,""recovery"":74,""customers"":[22,83,99,86]},{""drone"":1,""index"":5,""launch"":74,""recovery"":87,""customers"":[59,97]},{""drone"":1,""index"":6,""launch"":87,""recovery"":13,""customers"":[9,10,11]},{""drone"":1,""index"":7,""launch"":16,""recovery"":14,""customers"":[47]},{""drone"":1,""index"":8,""launch"":14,""recovery"":53,""customers"":[73,79]},{""drone"":1,""index"":9,""launch"":98,""recovery"":46,""customers"":[70,1,3,45]},{""drone"":1,""index"":10,""launch"":44,""recovery"":72,""customers"":[42,38,37]},{""drone"":1,""index"":11,""launch"":96,""recovery"":92,""customers"":[56,95]},{""drone"":1,""index"":12,""launch"":92,""recovery"":101,""customers"":[91,66,65,82]},{""drone"":2,""index"":1,""launch"":80,""recovery"":84,""customers"":[67]},{""drone"":2,""index"":2,""launch"":51,""recovery"":19,""customers"":[76,89]},{""drone"":2,""index"":3,""launch"":19,""recovery"":25,""customers"":[18,48,23]},{""drone"":2,""index"":4,""launch"":25,""recovery"":74,""customers"":[77,58]},{""drone"":2,""index"":5,""launch"":74,""recovery"":87,""customers"":[75]},{""drone"":2,""index"":6,""launch"":16,""recovery"":14,""customers"":[17]},{""drone"":2,""index"":7,""launch"":14,""recovery"":53,""customers"":[12,78,60]},{""drone"":2,""index"":8,""launch"":98,""recovery"":6,""customers"":[100,7]},{""drone"":2,""index"":9,""launch"":43,""recovery"":72,""customers"":[39,41]},{""drone"":2,""index"":10,""launch"":72,""recovery"":29,""customers"":[71,32,30]},{""drone"":2,""index"":11,""launch"":29,""recovery"":28,""customers"":[26]},{""drone"":2,""index"":12,""launch"":81,""recovery"":101,""customers"":[61,68]},{""drone"":3,""index"":1,""launch"":0,""recovery"":46,""customers"":[90,69,55,2,4]},{""drone"":3,""index"":2,""launch"":34,""recovery"":28,""customers"":[33]},{""drone"":4,""index"":1,""launch"":84,""recovery"":24,""customers"":[62,85,20]},{""drone"":4,""index"":2,""launch"":24,""recovery"":74,""customers"":[57]},{""drone"":4,""index"":3,""launch"":74,""recovery"":16,""customers"":[52,15]},{""drone"":4,""index"":4,""launch"":14,""recovery"":46,""customers"":[8,5]},{""drone"":4,""index"":5,""launch"":43,""recovery"":72,""customers"":[40,36,35]},{""drone"":4,""index"":6,""launch"":29,""recovery"":28,""customers"":[27]}]",,,,,,,,,,,,,,33cae732436e27f2e125a4b852688a3264f8017f2ac4c96951d0a47651527cfc,e2f00c8eb3242f8a8732f6bdc7d6b362e70f0e80bfad98a04f1fc59963ae1fe4,eef623ccc16a2b3104c00cf4bd8c242ae00c09f257217ef55d5e9034a370d616
rc101改100.xlsx,IALNS-final-frozen-20261002,RC,101,100,155921,0.6,,,,,main_fixed8_full_ialns,4500,True,7628.753190771426,True,2001.4846717812534,2260.9943622000283,2227.671875,5.125266100047156,5.03125,4.3599982745945454e-05,0.0,2266.119671900058,2232.703125,180.0,1303.5383059376366,6.417275398883683,493.7538654982519,17.775224946481146,373.2337865251432,612.7898212073562,88.87612473240573,4,31,66,34,2.129032258064516,8,12.343846637456299,69,4500,6.7542743999511,6.65625,2019.00499731951,2254.240087800077,0.0,"[0, 84, 63, 51, 21, 23, 25, 74, 87, 13, 16, 14, 12, 53, 98, 88, 6, 46, 45, 43, 44, 42, 41, 81, 96, 93, 94, 92, 50, 34, 31, 29, 33, 19, 24, 101]","[{""drone"":1,""index"":1,""launch"":0,""recovery"":84,""customers"":[80,91]},{""drone"":1,""index"":2,""launch"":51,""recovery"":21,""customers"":[76,89,18,48]},{""drone"":1,""index"":3,""launch"":25,""recovery"":74,""customers"":[77,58]},{""drone"":1,""index"":4,""launch"":74,""recovery"":87,""customers"":[59,97]},{""drone"":1,""index"":5,""launch"":87,""recovery"":13,""customers"":[15]},{""drone"":1,""index"":6,""launch"":13,""recovery"":14,""customers"":[9,11,10]},{""drone"":1,""index"":7,""launch"":14,""recovery"":53,""customers"":[73,79]},{""drone"":1,""index"":8,""launch"":53,""recovery"":45,""customers"":[8,5]},{""drone"":1,""index"":9,""launch"":42,""recovery"":41,""customers"":[39,38]},{""drone"":1,""index"":10,""launch"":96,""recovery"":93,""customers"":[71]},{""drone"":1,""index"":11,""launch"":94,""recovery"":92,""customers"":[95]},{""drone"":1,""index"":12,""launch"":34,""recovery"":29,""customers"":[28,27]},{""drone"":1,""index"":13,""launch"":29,""recovery"":33,""customers"":[26]},{""drone"":2,""index"":1,""launch"":0,""recovery"":84,""customers"":[54]},{""drone"":2,""index"":2,""launch"":84,""recovery"":51,""customers"":[56,67]},{""drone"":2,""index"":3,""launch"":51,""recovery"":25,""customers"":[64,20,49]},{""drone"":2,""index"":4,""launch"":25,""recovery"":74,""customers"":[57]},{""drone"":2,""index"":5,""launch"":74,""recovery"":87,""customers"":[75]},{""drone"":2,""index"":6,""launch"":16,""recovery"":14,""customers"":[17]},{""drone"":2,""index"":7,""launch"":14,""recovery"":53,""customers"":[60,55]},{""drone"":2,""index"":8,""launch"":53,""recovery"":88,""customers"":[90,69]},{""drone"":2,""index"":9,""launch"":88,""recovery"":6,""customers"":[100,1,3,7]},{""drone"":2,""index"":10,""launch"":43,""recovery"":41,""customers"":[40,36,35,37]},{""drone"":2,""index"":11,""launch"":81,""recovery"":101,""customers"":[61,70,68]},{""drone"":3,""index"":1,""launch"":25,""recovery"":74,""customers"":[22,83,86]},{""drone"":3,""index"":2,""launch"":74,""recovery"":87,""customers"":[52,99]},{""drone"":3,""index"":3,""launch"":16,""recovery"":14,""customers"":[47]},{""drone"":3,""index"":4,""launch"":14,""recovery"":45,""customers"":[78,2,4]},{""drone"":3,""index"":5,""launch"":41,""recovery"":93,""customers"":[72]},{""drone"":3,""index"":6,""launch"":94,""recovery"":101,""customers"":[66,65,82]},{""drone"":4,""index"":1,""launch"":63,""recovery"":33,""customers"":[85,62,32,30]}]",,,,,,,,,,,,,,33cae732436e27f2e125a4b852688a3264f8017f2ac4c96951d0a47651527cfc,e2f00c8eb3242f8a8732f6bdc7d6b362e70f0e80bfad98a04f1fc59963ae1fe4,eef623ccc16a2b3104c00cf4bd8c242ae00c09f257217ef55d5e9034a370d616
rc101改100.xlsx,IALNS-final-frozen-20261002,RC,101,100,181081,0.6,,,,,main_fixed8_full_ialns,4500,True,7628.753190771426,True,2057.0448000535707,2299.7004910000833,2282.546875,5.313583599985577,5.28125,4.900002386420965e-05,0.0,2305.0141236000927,2287.828125,180.0,1355.1783901963481,2.3048070647374983,501.21923792838413,18.342364864101153,379.2015907012465,725.245393642028,91.71182432050577,4,37,73,27,1.972972972972973,9,12.530480948209604,78,4500,6.285393500002101,6.265625,2061.8755516823935,2293.415097500081,0.0,"[0, 84, 63, 18, 48, 23, 25, 74, 59, 13, 16, 14, 53, 98, 88, 6, 46, 43, 44, 42, 93, 92, 50, 34, 31, 19, 24, 81, 101]","[{""drone"":1,""index"":1,""launch"":0,""recovery"":84,""customers"":[80,91]},{""drone"":1,""index"":2,""launch"":63,""recovery"":18,""customers"":[76,89]},{""drone"":1,""index"":3,""launch"":48,""recovery"":23,""customers"":[21]},{""drone"":1,""index"":4,""launch"":25,""recovery"":74,""customers"":[57]},{""drone"":1,""index"":5,""launch"":74,""recovery"":59,""customers"":[58]},{""drone"":1,""index"":6,""launch"":59,""recovery"":13,""customers"":[75,97]},{""drone"":1,""index"":7,""launch"":16,""recovery"":14,""customers"":[47]},{""drone"":1,""index"":8,""launch"":14,""recovery"":53,""customers"":[73,79]},{""drone"":1,""index"":9,""launch"":53,""recovery"":98,""customers"":[82]},{""drone"":1,""index"":10,""launch"":98,""recovery"":46,""customers"":[100,4]},{""drone"":1,""index"":11,""launch"":46,""recovery"":43,""customers"":[45,3,1,40]},{""drone"":1,""index"":12,""launch"":43,""recovery"":93,""customers"":[36,35,37,38,41]},{""drone"":1,""index"":13,""launch"":93,""recovery"":31,""customers"":[32,30,28]},{""drone"":1,""index"":14,""launch"":19,""recovery"":24,""customers"":[49,20,22]},{""drone"":1,""index"":15,""launch"":24,""recovery"":101,""customers"":[65,66]},{""drone"":2,""index"":1,""launch"":0,""recovery"":84,""customers"":[54,94]},{""drone"":2,""index"":2,""launch"":84,""recovery"":18,""customers"":[64]},{""drone"":2,""index"":3,""launch"":25,""recovery"":74,""customers"":[77]},{""drone"":2,""index"":4,""launch"":74,""recovery"":59,""customers"":[86,87]},{""drone"":2,""index"":5,""launch"":59,""recovery"":16,""customers"":[15]},{""drone"":2,""index"":6,""launch"":16,""recovery"":14,""customers"":[17]},{""drone"":2,""index"":7,""launch"":14,""recovery"":98,""customers"":[55]},{""drone"":2,""index"":8,""launch"":98,""recovery"":101,""customers"":[69,68,61,90]},{""drone"":3,""index"":1,""launch"":84,""recovery"":18,""customers"":[56,51]},{""drone"":3,""index"":2,""launch"":25,""recovery"":74,""customers"":[83,52]},{""drone"":3,""index"":3,""launch"":74,""recovery"":13,""customers"":[99,10,9]},{""drone"":3,""index"":4,""launch"":13,""recovery"":53,""customers"":[11,12,78,60]},{""drone"":3,""index"":5,""launch"":53,""recovery"":6,""customers"":[5,8]},{""drone"":3,""index"":6,""launch"":6,""recovery"":43,""customers"":[7,2,70]},{""drone"":3,""index"":7,""launch"":43,""recovery"":42,""customers"":[39]},{""drone"":3,""index"":8,""launch"":42,""recovery"":93,""customers"":[72]},{""drone"":3,""index"":9,""launch"":93,""recovery"":92,""customers"":[96]},{""drone"":3,""index"":10,""launch"":92,""recovery"":50,""customers"":[95,85]},{""drone"":3,""index"":11,""launch"":50,""recovery"":34,""customers"":[33,27]},{""drone"":3,""index"":12,""launch"":34,""recovery"":31,""customers"":[29]},{""drone"":4,""index"":1,""launch"":84,""recovery"":93,""customers"":[62,67,71]},{""drone"":4,""index"":2,""launch"":34,""recovery"":31,""customers"":[26]}]",,,,,,,,,,,,,,33cae732436e27f2e125a4b852688a3264f8017f2ac4c96951d0a47651527cfc,e2f00c8eb3242f8a8732f6bdc7d6b362e70f0e80bfad98a04f1fc59963ae1fe4,eef623ccc16a2b3104c00cf4bd8c242ae00c09f257217ef55d5e9034a370d616
rc101改100.xlsx,IALNS-final-frozen-20261002,RC,101,100,206369,0.6,,,,,main_fixed8_full_ialns,4500,True,7628.753190771426,True,2110.1785819748548,2338.2303296000464,2331.328125,5.865290899993852,5.84375,4.3500098399817944e-05,0.0,2344.0956640001386,2337.171875,180.0,1228.3823993004075,11.897392194585453,673.3926846632829,16.506105816578735,335.9952493568634,734.6555040993916,82.53052908289368,4,35,73,27,2.085714285714286,14,16.834817116582073,78,4500,5.542100099963136,5.515625,2117.5990946910433,2332.6882295000833,0.0,"[0, 91, 63, 84, 24, 19, 25, 74, 87, 13, 16, 14, 53, 98, 88, 2, 46, 45, 43, 44, 42, 96, 92, 50, 34, 31, 93, 81, 101]","[{""drone"":1,""index"":1,""launch"":0,""recovery"":91,""customers"":[82,99]},{""drone"":1,""index"":2,""launch"":91,""recovery"":84,""customers"":[67]},{""drone"":1,""index"":3,""launch"":84,""recovery"":19,""customers"":[62,85,51]},{""drone"":1,""index"":4,""launch"":19,""recovery"":25,""customers"":[23]},{""drone"":1,""index"":5,""launch"":25,""recovery"":74,""customers"":[77,58]},{""drone"":1,""index"":6,""launch"":74,""recovery"":87,""customers"":[86,52]},{""drone"":1,""index"":7,""launch"":16,""recovery"":14,""customers"":[17]},{""drone"":1,""index"":8,""launch"":14,""recovery"":53,""customers"":[73,79]},{""drone"":1,""index"":9,""launch"":2,""recovery"":45,""customers"":[6,8,3]},{""drone"":1,""index"":10,""launch"":43,""recovery"":42,""customers"":[38,39]},{""drone"":1,""index"":11,""launch"":42,""recovery"":96,""customers"":[72]},{""drone"":1,""index"":12,""launch"":96,""recovery"":31,""customers"":[32,30]},{""drone"":1,""index"":13,""launch"":31,""recovery"":93,""customers"":[29,27,71]},{""drone"":1,""index"":14,""launch"":81,""recovery"":101,""customers"":[61,100]},{""drone"":2,""index"":1,""launch"":0,""recovery"":91,""customers"":[80,54]},{""drone"":2,""index"":2,""launch"":63,""recovery"":19,""customers"":[76,89,18,48]},{""drone"":2,""index"":3,""launch"":19,""recovery"":25,""customers"":[21]},{""drone"":2,""index"":4,""launch"":74,""recovery"":87,""customers"":[75,59]},{""drone"":2,""index"":5,""launch"":13,""recovery"":14,""customers"":[9,10,11,12,78]},{""drone"":2,""index"":6,""launch"":53,""recovery"":45,""customers"":[60,7,4,1]},{""drone"":2,""index"":7,""launch"":45,""recovery"":42,""customers"":[70,41]},{""drone"":2,""index"":8,""launch"":92,""recovery"":93,""customers"":[95,94]},{""drone"":3,""index"":1,""launch"":0,""recovery"":91,""customers"":[55]},{""drone"":3,""index"":2,""launch"":84,""recovery"":19,""customers"":[64,20]},{""drone"":3,""index"":3,""launch"":19,""recovery"":74,""customers"":[57]},{""drone"":3,""index"":4,""launch"":74,""recovery"":16,""customers"":[15]},{""drone"":3,""index"":5,""launch"":16,""recovery"":14,""customers"":[47]},{""drone"":3,""index"":6,""launch"":14,""recovery"":45,""customers"":[5]},{""drone"":3,""index"":7,""launch"":43,""recovery"":96,""customers"":[40,36,35,37]},{""drone"":3,""index"":8,""launch"":92,""recovery"":34,""customers"":[28]},{""drone"":3,""index"":9,""launch"":34,""recovery"":31,""customers"":[26]},{""drone"":3,""index"":10,""launch"":31,""recovery"":93,""customers"":[33]},{""drone"":4,""index"":1,""launch"":84,""recovery"":19,""customers"":[56,66,83,22,49]},{""drone"":4,""index"":2,""launch"":74,""recovery"":87,""customers"":[97]},{""drone"":4,""index"":3,""launch"":98,""recovery"":101,""customers"":[69,65,90,68]}]",,,,,,,,,,,,,,33cae732436e27f2e125a4b852688a3264f8017f2ac4c96951d0a47651527cfc,e2f00c8eb3242f8a8732f6bdc7d6b362e70f0e80bfad98a04f1fc59963ae1fe4,eef623ccc16a2b3104c00cf4bd8c242ae00c09f257217ef55d5e9034a370d616
rc101改100.xlsx,IALNS-final-frozen-20261002,RC,101,100,231779,0.6,,,,,main_fixed8_full_ialns,4500,True,7628.753190771426,True,2079.1883120893754,1985.956306100008,1975.171875,7.5809976001037285,7.53125,6.590003613382578e-05,0.0,1993.537369600148,1982.703125,180.0,1219.7753975428377,10.408001238612332,652.5229759743459,16.481937333579694,339.5281433817776,670.6365579916832,82.40968666789847,4,35,71,29,2.0285714285714285,12,16.313074399358648,99,4500,6.0503820000449196,6.0,2080.1005952781184,1979.9059240999632,-4.547473508864641e-13,"[0, 80, 91, 56, 84, 63, 20, 24, 19, 25, 74, 59, 16, 14, 53, 98, 88, 6, 46, 43, 44, 72, 94, 92, 50, 34, 31, 29, 93, 81, 101]","[{""drone"":1,""index"":1,""launch"":0,""recovery"":56,""customers"":[82,99]},{""drone"":1,""index"":2,""launch"":84,""recovery"":63,""customers"":[67]},{""drone"":1,""index"":3,""launch"":63,""recovery"":19,""customers"":[76,89,18,48]},{""drone"":1,""index"":4,""launch"":19,""recovery"":25,""customers"":[21]},{""drone"":1,""index"":5,""launch"":25,""recovery"":59,""customers"":[75,97]},{""drone"":1,""index"":6,""launch"":59,""recovery"":16,""customers"":[87,9]},{""drone"":1,""index"":7,""launch"":16,""recovery"":14,""customers"":[11,10,12]},{""drone"":1,""index"":8,""launch"":14,""recovery"":88,""customers"":[78,60]},{""drone"":1,""index"":9,""launch"":88,""recovery"":6,""customers"":[68,70,2]},{""drone"":1,""index"":10,""launch"":43,""recovery"":72,""customers"":[40,36,35,37]},{""drone"":1,""index"":11,""launch"":72,""recovery"":29,""customers"":[71,32,30]},{""drone"":1,""index"":12,""launch"":93,""recovery"":81,""customers"":[96]},{""drone"":1,""index"":13,""launch"":81,""recovery"":101,""customers"":[61,100,69]},{""drone"":2,""index"":1,""launch"":0,""recovery"":80,""customers"":[55]},{""drone"":2,""index"":2,""launch"":56,""recovery"":63,""customers"":[83]},{""drone"":2,""index"":3,""launch"":63,""recovery"":19,""customers"":[62]},{""drone"":2,""index"":4,""launch"":19,""recovery"":25,""customers"":[49,22,23]},{""drone"":2,""index"":5,""launch"":25,""recovery"":74,""customers"":[77,58]},{""drone"":2,""index"":6,""launch"":74,""recovery"":16,""customers"":[86,13,15]},{""drone"":2,""index"":7,""launch"":16,""recovery"":14,""customers"":[17]},{""drone"":2,""index"":8,""launch"":14,""recovery"":53,""customers"":[73,79]},{""drone"":2,""index"":9,""launch"":53,""recovery"":46,""customers"":[5,8]},{""drone"":2,""index"":10,""launch"":43,""recovery"":72,""customers"":[42,41]},{""drone"":2,""index"":11,""launch"":94,""recovery"":92,""customers"":[95]},{""drone"":2,""index"":12,""launch"":50,""recovery"":34,""customers"":[33]},{""drone"":2,""index"":13,""launch"":34,""recovery"":29,""customers"":[26]},{""drone"":3,""index"":1,""launch"":80,""recovery"":91,""customers"":[54]},{""drone"":3,""index"":2,""launch"":63,""recovery"":19,""customers"":[85,51]},{""drone"":3,""index"":3,""launch"":16,""recovery"":14,""customers"":[47]},{""drone"":3,""index"":4,""launch"":53,""recovery"":101,""customers"":[52,65,90]},{""drone"":4,""index"":1,""launch"":56,""recovery"":20,""customers"":[66,64]},{""drone"":4,""index"":2,""launch"":24,""recovery"":74,""customers"":[57]},{""drone"":4,""index"":3,""launch"":53,""recovery"":46,""customers"":[7,4,1,3,45]},{""drone"":4,""index"":4,""launch"":44,""recovery"":72,""customers"":[39,38]},{""drone"":4,""index"":5,""launch"":34,""recovery"":29,""customers"":[28,27]}]",,,,,,,,,,,,,,33cae732436e27f2e125a4b852688a3264f8017f2ac4c96951d0a47651527cfc,e2f00c8eb3242f8a8732f6bdc7d6b362e70f0e80bfad98a04f1fc59963ae1fe4,eef623ccc16a2b3104c00cf4bd8c242ae00c09f257217ef55d5e9034a370d616
rc101改100.xlsx,IALNS-final-frozen-20261002,RC,101,100,257053,0.6,,,,,main_fixed8_full_ialns,4500,True,7628.753190771426,True,2347.1094231531783,2304.309277299908,2283.640625,5.772279999917373,5.59375,4.2599975131452084e-05,0.0,2310.0815998998005,2289.234375,180.0,1256.8476624755735,3.932737297622707,889.3964986673302,16.932524712651993,346.6077340225048,723.4148680268636,84.66262356325997,4,36,73,27,2.0277777777777777,14,22.234912466683255,55,4500,6.696710200048983,6.6875,2359.052582296254,2297.612567099859,0.0,"[0, 99, 56, 84, 63, 32, 34, 72, 41, 43, 45, 46, 88, 98, 53, 14, 16, 13, 87, 74, 25, 19, 24, 92, 94, 93, 96, 81, 101]","[{""drone"":1,""index"":1,""launch"":99,""recovery"":56,""customers"":[82,83]},{""drone"":1,""index"":2,""launch"":56,""recovery"":63,""customers"":[64,76]},{""drone"":1,""index"":3,""launch"":63,""recovery"":32,""customers"":[26,30]},{""drone"":1,""index"":4,""launch"":32,""recovery"":34,""customers"":[27,29,31]},{""drone"":1,""index"":5,""launch"":41,""recovery"":43,""customers"":[39,37]},{""drone"":1,""index"":6,""launch"":45,""recovery"":88,""customers"":[7,6]},{""drone"":1,""index"":7,""launch"":88,""recovery"":53,""customers"":[90]},{""drone"":1,""index"":8,""launch"":14,""recovery"":16,""customers"":[17]},{""drone"":1,""index"":9,""launch"":87,""recovery"":74,""customers"":[59,75,58]},{""drone"":1,""index"":10,""launch"":25,""recovery"":19,""customers"":[21,48]},{""drone"":1,""index"":11,""launch"":92,""recovery"":93,""customers"":[95,71]},{""drone"":1,""index"":12,""launch"":93,""recovery"":101,""customers"":[66,65]},{""drone"":2,""index"":1,""launch"":0,""recovery"":56,""customers"":[55]},{""drone"":2,""index"":2,""launch"":56,""recovery"":84,""customers"":[67]},{""drone"":2,""index"":3,""launch"":84,""recovery"":32,""customers"":[62,50]},{""drone"":2,""index"":4,""launch"":32,""recovery"":34,""customers"":[28]},{""drone"":2,""index"":5,""launch"":41,""recovery"":43,""customers"":[38,35,36,40]},{""drone"":2,""index"":6,""launch"":43,""recovery"":45,""customers"":[5]},{""drone"":2,""index"":7,""launch"":45,""recovery"":88,""customers"":[2,70,68]},{""drone"":2,""index"":8,""launch"":88,""recovery"":14,""customers"":[73,47]},{""drone"":2,""index"":9,""launch"":14,""recovery"":87,""customers"":[10,97]},{""drone"":2,""index"":10,""launch"":87,""recovery"":74,""customers"":[52]},{""drone"":2,""index"":11,""launch"":25,""recovery"":19,""customers"":[23,22,20,49]},{""drone"":2,""index"":12,""launch"":81,""recovery"":101,""customers"":[61,100,69]},{""drone"":3,""index"":1,""launch"":0,""recovery"":56,""customers"":[80,54,91]},{""drone"":3,""index"":2,""launch"":56,""recovery"":63,""customers"":[89]},{""drone"":3,""index"":3,""launch"":63,""recovery"":32,""customers"":[51,85]},{""drone"":3,""index"":4,""launch"":32,""recovery"":34,""customers"":[33]},{""drone"":3,""index"":5,""launch"":41,""recovery"":43,""customers"":[44]},{""drone"":3,""index"":6,""launch"":43,""recovery"":45,""customers"":[42,1,3,4]},{""drone"":3,""index"":7,""launch"":45,""recovery"":88,""customers"":[8,79,78]},{""drone"":3,""index"":8,""launch"":88,""recovery"":53,""customers"":[60]},{""drone"":3,""index"":9,""launch"":87,""recovery"":74,""customers"":[77]},{""drone"":3,""index"":10,""launch"":74,""recovery"":24,""customers"":[57]},{""drone"":4,""index"":1,""launch"":99,""recovery"":16,""customers"":[86,9,11,12,15]},{""drone"":4,""index"":2,""launch"":87,""recovery"":19,""customers"":[18]}]",,,,,,,,,,,,,,33cae732436e27f2e125a4b852688a3264f8017f2ac4c96951d0a47651527cfc,e2f00c8eb3242f8a8732f6bdc7d6b362e70f0e80bfad98a04f1fc59963ae1fe4,eef623ccc16a2b3104c00cf4bd8c242ae00c09f257217ef55d5e9034a370d616
rc101改100.xlsx,IALNS-final-frozen-20261002,RC,101,100,282427,0.6,,,,,main_fixed8_full_ialns,4500,True,7335.971446170511,True,1947.0236148387983,2046.1624930999242,2036.859375,5.3477259000064805,5.28125,4.2899977415800095e-05,0.0,2051.510261899908,2042.140625,180.0,1192.0352955720718,10.3728199397952,548.5325047475278,16.082994579403408,330.2550620386942,670.9003648532976,80.41497289701704,4,33,72,28,2.1818181818181817,8,13.713312618688196,57,4500,6.421764300088398,6.359375,1954.0650651399758,2039.7407287998358,0.0,"[0, 80, 84, 63, 19, 23, 25, 24, 74, 59, 13, 16, 14, 53, 98, 88, 6, 46, 45, 43, 44, 42, 81, 92, 50, 34, 31, 93, 96, 101]","[{""drone"":1,""index"":1,""launch"":0,""recovery"":45,""customers"":[5]},{""drone"":1,""index"":2,""launch"":45,""recovery"":42,""customers"":[41,39]},{""drone"":1,""index"":3,""launch"":42,""recovery"":81,""customers"":[72]},{""drone"":1,""index"":4,""launch"":92,""recovery"":101,""customers"":[95,66,65]},{""drone"":2,""index"":1,""launch"":0,""recovery"":80,""customers"":[55]},{""drone"":2,""index"":2,""launch"":84,""recovery"":24,""customers"":[64]},{""drone"":2,""index"":3,""launch"":24,""recovery"":74,""customers"":[57]},{""drone"":2,""index"":4,""launch"":74,""recovery"":59,""customers"":[52]},{""drone"":2,""index"":5,""launch"":59,""recovery"":13,""customers"":[75,97]},{""drone"":2,""index"":6,""launch"":13,""recovery"":16,""customers"":[15]},{""drone"":2,""index"":7,""launch"":16,""recovery"":14,""customers"":[17]},{""drone"":2,""index"":8,""launch"":14,""recovery"":53,""customers"":[73,79]},{""drone"":2,""index"":9,""launch"":53,""recovery"":45,""customers"":[60,7,4,1]},{""drone"":2,""index"":10,""launch"":43,""recovery"":81,""customers"":[36,35,37,38,61]},{""drone"":2,""index"":11,""launch"":50,""recovery"":31,""customers"":[26]},{""drone"":3,""index"":1,""launch"":0,""recovery"":80,""customers"":[54,94]},{""drone"":3,""index"":2,""launch"":80,""recovery"":63,""customers"":[91,67]},{""drone"":3,""index"":3,""launch"":63,""recovery"":23,""customers"":[89,76,21]},{""drone"":3,""index"":4,""launch"":23,""recovery"":24,""customers"":[48,18,49,20,22]},{""drone"":3,""index"":5,""launch"":24,""recovery"":74,""customers"":[83,99,86]},{""drone"":3,""index"":6,""launch"":74,""recovery"":59,""customers"":[77,58]},{""drone"":3,""index"":7,""launch"":59,""recovery"":13,""customers"":[87,9]},{""drone"":3,""index"":8,""launch"":16,""recovery"":14,""customers"":[47]},{""drone"":3,""index"":9,""launch"":14,""recovery"":53,""customers"":[11,10,12,78]},{""drone"":3,""index"":10,""launch"":53,""recovery"":88,""customers"":[82,90,69]},{""drone"":3,""index"":11,""launch"":88,""recovery"":6,""customers"":[100,2]},{""drone"":3,""index"":12,""launch"":6,""recovery"":45,""customers"":[8,3]},{""drone"":3,""index"":13,""launch"":43,""recovery"":42,""customers"":[40]},{""drone"":3,""index"":14,""launch"":42,""recovery"":81,""customers"":[70,68]},{""drone"":3,""index"":15,""launch"":50,""recovery"":31,""customers"":[33,28]},{""drone"":3,""index"":16,""launch"":31,""recovery"":93,""customers"":[29,27,71]},{""drone"":4,""index"":1,""launch"":84,""recovery"":63,""customers"":[56,51]},{""drone"":4,""index"":2,""launch"":63,""recovery"":31,""customers"":[85,62,32,30]}]",,,,,,,,,,,,,,33cae732436e27f2e125a4b852688a3264f8017f2ac4c96951d0a47651527cfc,e2f00c8eb3242f8a8732f6bdc7d6b362e70f0e80bfad98a04f1fc59963ae1fe4,eef623ccc16a2b3104c00cf4bd8c242ae00c09f257217ef55d5e9034a370d616
rc101改100.xlsx,IALNS-final-frozen-20261002,RC,101,100,307831,0.6,,,,,main_fixed8_full_ialns,4500,True,7628.753190771426,True,2026.4352163574408,2181.9172333999304,2145.9375,5.278470600023866,5.1875,8.649996016174555e-05,0.0,2187.1957904999144,2151.125,180.0,1176.4945212602756,13.963246763185285,640.0678135009833,15.909634832996796,328.28647561255224,638.7836480753964,79.54817416498398,4,35,74,26,2.1142857142857143,9,16.001695337524584,91,4500,5.373905799933709,5.28125,2031.3781664374023,2176.5433275999967,-2.2737367544323206e-13,"[0, 98, 14, 16, 47, 78, 7, 46, 1, 43, 41, 93, 94, 92, 50, 34, 63, 20, 22, 24, 19, 25, 58, 74, 52, 65, 81, 101]","[{""drone"":1,""index"":1,""launch"":0,""recovery"":98,""customers"":[99,82]},{""drone"":1,""index"":2,""launch"":98,""recovery"":78,""customers"":[88,53]},{""drone"":1,""index"":3,""launch"":78,""recovery"":7,""customers"":[73,79]},{""drone"":1,""index"":4,""launch"":7,""recovery"":1,""customers"":[2,4,45,3]},{""drone"":1,""index"":5,""launch"":1,""recovery"":43,""customers"":[70,42]},{""drone"":1,""index"":6,""launch"":43,""recovery"":41,""customers"":[40,36,35,37]},{""drone"":1,""index"":7,""launch"":41,""recovery"":93,""customers"":[72]},{""drone"":1,""index"":8,""launch"":93,""recovery"":92,""customers"":[54,80]},{""drone"":1,""index"":9,""launch"":92,""recovery"":50,""customers"":[95,62,85]},{""drone"":1,""index"":10,""launch"":50,""recovery"":34,""customers"":[32,30,28,31]},{""drone"":1,""index"":11,""launch"":34,""recovery"":63,""customers"":[26]},{""drone"":1,""index"":12,""launch"":63,""recovery"":20,""customers"":[18,48,23,49]},{""drone"":1,""index"":13,""launch"":20,""recovery"":58,""customers"":[77]},{""drone"":1,""index"":14,""launch"":58,""recovery"":74,""customers"":[59,87]},{""drone"":1,""index"":15,""launch"":74,""recovery"":52,""customers"":[57]},{""drone"":1,""index"":16,""launch"":81,""recovery"":101,""customers"":[61,100,69]},{""drone"":2,""index"":1,""launch"":14,""recovery"":16,""customers"":[17]},{""drone"":2,""index"":2,""launch"":16,""recovery"":58,""customers"":[13,97,75]},{""drone"":2,""index"":3,""launch"":81,""recovery"":101,""customers"":[68]},{""drone"":3,""index"":1,""launch"":14,""recovery"":16,""customers"":[15]},{""drone"":3,""index"":2,""launch"":16,""recovery"":78,""customers"":[9,10,11,12]},{""drone"":3,""index"":3,""launch"":78,""recovery"":7,""customers"":[60,55]},{""drone"":3,""index"":4,""launch"":7,""recovery"":46,""customers"":[6,8]},{""drone"":3,""index"":5,""launch"":46,""recovery"":1,""customers"":[5]},{""drone"":3,""index"":6,""launch"":1,""recovery"":43,""customers"":[39,38]},{""drone"":3,""index"":7,""launch"":43,""recovery"":41,""customers"":[44]},{""drone"":3,""index"":8,""launch"":41,""recovery"":93,""customers"":[71,67]},{""drone"":3,""index"":9,""launch"":93,""recovery"":94,""customers"":[96]},{""drone"":3,""index"":10,""launch"":92,""recovery"":74,""customers"":[56,66,83,86]},{""drone"":4,""index"":1,""launch"":0,""recovery"":92,""customers"":[90,64,91]},{""drone"":4,""index"":2,""launch"":92,""recovery"":50,""customers"":[84]},{""drone"":4,""index"":3,""launch"":50,""recovery"":34,""customers"":[27,29]},{""drone"":4,""index"":4,""launch"":34,""recovery"":63,""customers"":[33]},{""drone"":4,""index"":5,""launch"":63,""recovery"":20,""customers"":[89,76,51]},{""drone"":4,""index"":6,""launch"":19,""recovery"":25,""customers"":[21]}]",,,,,,,,,,,,,,33cae732436e27f2e125a4b852688a3264f8017f2ac4c96951d0a47651527cfc,e2f00c8eb3242f8a8732f6bdc7d6b362e70f0e80bfad98a04f1fc59963ae1fe4,eef623ccc16a2b3104c00cf4bd8c242ae00c09f257217ef55d5e9034a370d616
rc101改100.xlsx,IALNS-final-frozen-20261002,RC,101,100,333287,0.6,,,,,main_fixed8_full_ialns,4500,True,7455.6990347301935,True,1904.8376091730152,2406.5231686999323,2394.5,5.637286999961361,5.5,4.379998426884413e-05,0.0,2412.160499499878,2400.0,180.0,1164.1807940989736,7.1409046549781685,537.9649805364917,15.550929882571836,312.4832038255639,755.7706087409401,77.75464941285918,4,37,79,21,2.135135135135135,10,13.449124513412292,112,4500,4.461432799929753,4.453125,1926.717933270651,2402.0617359000025,-2.2737367544323206e-13,"[0, 55, 46, 2, 98, 53, 14, 16, 87, 74, 24, 25, 19, 63, 34, 93, 94, 92, 81, 42, 43, 100, 101]","[{""drone"":1,""index"":1,""launch"":0,""recovery"":55,""customers"":[80,54]},{""drone"":1,""index"":2,""launch"":46,""recovery"":53,""customers"":[8,7,79]},{""drone"":1,""index"":3,""launch"":53,""recovery"":14,""customers"":[99,10,11,12]},{""drone"":1,""index"":4,""launch"":14,""recovery"":16,""customers"":[17]},{""drone"":1,""index"":5,""launch"":87,""recovery"":74,""customers"":[75]},{""drone"":1,""index"":6,""launch"":74,""recovery"":25,""customers"":[58,77]},{""drone"":1,""index"":7,""launch"":25,""recovery"":19,""customers"":[21]},{""drone"":1,""index"":8,""launch"":19,""recovery"":63,""customers"":[49,20,76,89]},{""drone"":1,""index"":9,""launch"":63,""recovery"":34,""customers"":[33,29]},{""drone"":1,""index"":10,""launch"":34,""recovery"":93,""customers"":[50]},{""drone"":1,""index"":11,""launch"":93,""recovery"":43,""customers"":[37,36,35,40]},{""drone"":1,""index"":12,""launch"":100,""recovery"":101,""customers"":[6]},{""drone"":2,""index"":1,""launch"":46,""recovery"":2,""customers"":[5]},{""drone"":2,""index"":2,""launch"":98,""recovery"":53,""customers"":[88]},{""drone"":2,""index"":3,""launch"":53,""recovery"":14,""customers"":[60,78,73]},{""drone"":2,""index"":4,""launch"":14,""recovery"":16,""customers"":[47]},{""drone"":2,""index"":5,""launch"":16,""recovery"":87,""customers"":[15,13,9]},{""drone"":2,""index"":6,""launch"":87,""recovery"":74,""customers"":[97,59]},{""drone"":2,""index"":7,""launch"":74,""recovery"":24,""customers"":[57]},{""drone"":2,""index"":8,""launch"":24,""recovery"":63,""customers"":[84]},{""drone"":2,""index"":9,""launch"":63,""recovery"":34,""customers"":[30,26]},{""drone"":2,""index"":10,""launch"":34,""recovery"":93,""customers"":[32,31,71]},{""drone"":2,""index"":11,""launch"":93,""recovery"":81,""customers"":[72]},{""drone"":2,""index"":12,""launch"":81,""recovery"":100,""customers"":[61,70]},{""drone"":2,""index"":13,""launch"":100,""recovery"":101,""customers"":[68,69]},{""drone"":3,""index"":1,""launch"":46,""recovery"":53,""customers"":[4,45,1,3]},{""drone"":3,""index"":2,""launch"":53,""recovery"":74,""customers"":[82,65,86]},{""drone"":3,""index"":3,""launch"":74,""recovery"":24,""customers"":[52,83,22]},{""drone"":3,""index"":4,""launch"":19,""recovery"":63,""customers"":[51,62]},{""drone"":3,""index"":5,""launch"":63,""recovery"":34,""customers"":[85,28,27]},{""drone"":3,""index"":6,""launch"":93,""recovery"":42,""customers"":[41,44]},{""drone"":3,""index"":7,""launch"":42,""recovery"":43,""customers"":[39,38]},{""drone"":4,""index"":1,""launch"":0,""recovery"":24,""customers"":[90,91,64]},{""drone"":4,""index"":2,""launch"":24,""recovery"":19,""customers"":[18,48,23]},{""drone"":4,""index"":3,""launch"":19,""recovery"":94,""customers"":[67]},{""drone"":4,""index"":4,""launch"":94,""recovery"":92,""customers"":[96]},{""drone"":4,""index"":5,""launch"":92,""recovery"":101,""customers"":[95,56,66]}]",,,,,,,,,,,,,,33cae732436e27f2e125a4b852688a3264f8017f2ac4c96951d0a47651527cfc,e2f00c8eb3242f8a8732f6bdc7d6b362e70f0e80bfad98a04f1fc59963ae1fe4,eef623ccc16a2b3104c00cf4bd8c242ae00c09f257217ef55d5e9034a370d616
c102改10.xlsx,IALNS-final-frozen-20261002,C,102,10,104729,0.6,,,,,main_fixed8_full_ialns,4500,True,306.96849634775754,True,245.8046683290213,5.940981199964881,5.90625,0.009361700038425624,0.015625,4.12999652326107e-05,0.0,5.950384199968539,5.921875,120.0,122.34918580453134,1.7454827560857058,0.0,1.7099997684042707,37.71033342856989,30.72728506273891,8.549998842021353,1,3,6,4,2.0,0,0.0,16,3639,0.03463859995827079,0.03125,245.8046683290213,5.90634260000661,-2.842170943040401e-14,"[0, 8, 9, 3, 5, 11]","[{""drone"":1,""index"":1,""launch"":8,""recovery"":3,""customers"":[10,7,4]},{""drone"":1,""index"":2,""launch"":3,""recovery"":5,""customers"":[1]},{""drone"":1,""index"":3,""launch"":5,""recovery"":11,""customers"":[2,6]}]",,,,,,,,,,,,,,33cae732436e27f2e125a4b852688a3264f8017f2ac4c96951d0a47651527cfc,4faeabb23cdd60da715384f7f481de568536065e53fda7c89340b741fe3a462e,d447d73b86e7ad2dad364986a551fdb818ba13cb075979591a5df80d4fa491f7
c102改10.xlsx,IALNS-final-frozen-20261002,C,102,10,130363,0.6,,,,,main_fixed8_full_ialns,4500,True,307.6236119641961,True,245.8046683290213,6.854222399997525,6.765625,0.009518099948763847,0.0,3.700004890561104e-05,0.0,6.863777499995194,6.765625,120.0,122.34918580453134,1.7454827560857058,0.0,1.7099997684042707,37.71033342856989,30.72728506273891,8.549998842021353,1,3,6,4,2.0,0,0.0,12,1898,0.03761040000244975,0.03125,245.8046683290213,6.816611999995075,-2.842170943040401e-14,"[0, 8, 9, 3, 5, 11]","[{""drone"":1,""index"":1,""launch"":8,""recovery"":3,""customers"":[10,7,4]},{""drone"":1,""index"":2,""launch"":3,""recovery"":5,""customers"":[1]},{""drone"":1,""index"":3,""launch"":5,""recovery"":11,""customers"":[2,6]}]",,,,,,,,,,,,,,33cae732436e27f2e125a4b852688a3264f8017f2ac4c96951d0a47651527cfc,4faeabb23cdd60da715384f7f481de568536065e53fda7c89340b741fe3a462e,d447d73b86e7ad2dad364986a551fdb818ba13cb075979591a5df80d4fa491f7
c102改10.xlsx,IALNS-final-frozen-20261002,C,102,10,155921,0.6,,,,,main_fixed8_full_ialns,4500,True,306.96849634775754,True,245.8046683290213,5.382828400004655,4.921875,0.017345800064504147,0.015625,5.910010077059269e-05,0.0,5.40023330016993,4.9375,120.0,122.34918580453134,1.7454827560857058,0.0,1.7099997684042707,37.71033342856989,30.72728506273891,8.549998842021353,1,3,6,4,2.0,0,0.0,17,504,0.035354499937966466,0.03125,245.8046683290213,5.347473900066689,-2.842170943040401e-14,"[0, 8, 9, 3, 5, 11]","[{""drone"":1,""index"":1,""launch"":8,""recovery"":3,""customers"":[10,7,4]},{""drone"":1,""index"":2,""launch"":3,""recovery"":5,""customers"":[1]},{""drone"":1,""index"":3,""launch"":5,""recovery"":11,""customers"":[2,6]}]",,,,,,,,,,,,,,33cae732436e27f2e125a4b852688a3264f8017f2ac4c96951d0a47651527cfc,4faeabb23cdd60da715384f7f481de568536065e53fda7c89340b741fe3a462e,d447d73b86e7ad2dad364986a551fdb818ba13cb075979591a5df80d4fa491f7
c102改10.xlsx,IALNS-final-frozen-20261002,C,102,10,181081,0.6,,,,,main_fixed8_full_ialns,4500,True,307.6236119641961,True,246.08077104660717,6.84505420003552,6.625,0.01108389999717474,0.0,4.1800085455179214e-05,0.0,6.85617990011815,6.625,120.0,122.11476749175225,2.258157309350694,0.0,1.7078462455042065,37.71033342856989,29.94589068680856,8.539231227521032,1,3,6,4,2.0,0,0.0,19,3050,0.043661899981088936,0.03125,246.08077104660717,6.801392300054431,2.842170943040401e-14,"[0, 8, 9, 3, 5, 11]","[{""drone"":1,""index"":1,""launch"":8,""recovery"":3,""customers"":[7,2]},{""drone"":1,""index"":2,""launch"":3,""recovery"":5,""customers"":[1]},{""drone"":1,""index"":3,""launch"":5,""recovery"":11,""customers"":[4,6,10]}]",,,,,,,,,,,,,,33cae732436e27f2e125a4b852688a3264f8017f2ac4c96951d0a47651527cfc,4faeabb23cdd60da715384f7f481de568536065e53fda7c89340b741fe3a462e,d447d73b86e7ad2dad364986a551fdb818ba13cb075979591a5df80d4fa491f7
c102改10.xlsx,IALNS-final-frozen-20261002,C,102,10,206369,0.6,,,,,main_fixed8_full_ialns,4500,True,307.59020228595284,True,245.8046683290213,6.858855600003153,6.609375,0.009377899928949773,0.0,3.9499951526522636e-05,0.0,6.868272999883629,6.609375,120.0,122.34918580453134,1.7454827560857058,0.0,1.7099997684042707,37.71033342856989,30.72728506273891,8.549998842021353,1,3,6,4,2.0,0,0.0,15,3440,0.043869399931281805,0.03125,245.8046683290213,6.814986200071871,-2.842170943040401e-14,"[0, 8, 9, 3, 5, 11]","[{""drone"":1,""index"":1,""launch"":8,""recovery"":3,""customers"":[10,7,4]},{""drone"":1,""index"":2,""launch"":3,""recovery"":5,""customers"":[1]},{""drone"":1,""index"":3,""launch"":5,""recovery"":11,""customers"":[2,6]}]",,,,,,,,,,,,,,33cae732436e27f2e125a4b852688a3264f8017f2ac4c96951d0a47651527cfc,4faeabb23cdd60da715384f7f481de568536065e53fda7c89340b741fe3a462e,d447d73b86e7ad2dad364986a551fdb818ba13cb075979591a5df80d4fa491f7
c102改10.xlsx,IALNS-final-frozen-20261002,C,102,10,231779,0.6,,,,,main_fixed8_full_ialns,4500,True,306.3752019256238,True,246.43451212259458,4.52677350002341,4.515625,0.01071039994712919,0.015625,4.2899977415800095e-05,0.0,4.537526799947955,4.53125,120.0,118.82162739118073,5.932707342961704,0.0,1.680177388452174,37.876621931694146,17.305871986994234,8.40088694226087,1,2,5,5,2.5,0,0.0,16,641,0.17418470000848174,0.1875,246.43451212259458,4.352588800014928,-2.842170943040401e-14,"[0, 8, 9, 6, 3, 5, 11]","[{""drone"":1,""index"":1,""launch"":8,""recovery"":6,""customers"":[10,7,4,2]},{""drone"":1,""index"":2,""launch"":6,""recovery"":3,""customers"":[1]}]",,,,,,,,,,,,,,33cae732436e27f2e125a4b852688a3264f8017f2ac4c96951d0a47651527cfc,4faeabb23cdd60da715384f7f481de568536065e53fda7c89340b741fe3a462e,d447d73b86e7ad2dad364986a551fdb818ba13cb075979591a5df80d4fa491f7
c102改10.xlsx,IALNS-final-frozen-20261002,C,102,10,257053,0.6,,,,,main_fixed8_full_ialns,4500,True,306.3752019256238,True,245.8046683290213,6.178791200043634,6.171875,0.009582100086845458,0.015625,4.190008621662855e-05,0.0,6.188415200216696,6.1875,120.0,122.34918580453134,1.7454827560857058,0.0,1.7099997684042707,37.71033342856989,30.72728506273891,8.549998842021353,1,3,6,4,2.0,0,0.0,14,1246,0.0317049000877887,0.03125,245.8046683290213,6.147086299955845,-2.842170943040401e-14,"[0, 8, 9, 3, 5, 11]","[{""drone"":1,""index"":1,""launch"":8,""recovery"":3,""customers"":[10,7,4]},{""drone"":1,""index"":2,""launch"":3,""recovery"":5,""customers"":[1]},{""drone"":1,""index"":3,""launch"":5,""recovery"":11,""customers"":[2,6]}]",,,,,,,,,,,,,,33cae732436e27f2e125a4b852688a3264f8017f2ac4c96951d0a47651527cfc,4faeabb23cdd60da715384f7f481de568536065e53fda7c89340b741fe3a462e,d447d73b86e7ad2dad364986a551fdb818ba13cb075979591a5df80d4fa491f7
c102改10.xlsx,IALNS-final-frozen-20261002,C,102,10,282427,0.6,,,,,main_fixed8_full_ialns,4500,True,307.6236119641961,True,246.08077104660717,4.624348500045016,4.453125,0.00993099994957447,0.015625,4.229997284710407e-05,0.0,4.634321799967438,4.46875,120.0,122.11476749175225,2.258157309350694,0.0,1.7078462455042065,37.71033342856989,29.94589068680856,8.539231227521032,1,3,6,4,2.0,0,0.0,14,415,0.056934400112368166,0.0625,246.08077104660717,4.567414099932648,2.842170943040401e-14,"[0, 8, 9, 3, 5, 11]","[{""drone"":1,""index"":1,""launch"":8,""recovery"":3,""customers"":[7,2]},{""drone"":1,""index"":2,""launch"":3,""recovery"":5,""customers"":[1]},{""drone"":1,""index"":3,""launch"":5,""recovery"":11,""customers"":[4,6,10]}]",,,,,,,,,,,,,,33cae732436e27f2e125a4b852688a3264f8017f2ac4c96951d0a47651527cfc,4faeabb23cdd60da715384f7f481de568536065e53fda7c89340b741fe3a462e,d447d73b86e7ad2dad364986a551fdb818ba13cb075979591a5df80d4fa491f7
c102改10.xlsx,IALNS-final-frozen-20261002,C,102,10,307831,0.6,,,,,main_fixed8_full_ialns,4500,True,306.96849634775754,True,245.8046683290213,4.359523699968122,3.8125,0.017886599991470575,0.015625,6.430002395063639e-05,0.0,4.377474599983543,3.828125,120.0,122.34918580453134,1.7454827560857058,0.0,1.7099997684042707,37.71033342856989,30.72728506273891,8.549998842021353,1,3,6,4,2.0,0,0.0,14,1574,0.055535599938593805,0.03125,245.8046683290213,4.303988100029528,-2.842170943040401e-14,"[0, 8, 9, 3, 5, 11]","[{""drone"":1,""index"":1,""launch"":8,""recovery"":3,""customers"":[10,7,4]},{""drone"":1,""index"":2,""launch"":3,""recovery"":5,""customers"":[1]},{""drone"":1,""index"":3,""launch"":5,""recovery"":11,""customers"":[2,6]}]",,,,,,,,,,,,,,33cae732436e27f2e125a4b852688a3264f8017f2ac4c96951d0a47651527cfc,4faeabb23cdd60da715384f7f481de568536065e53fda7c89340b741fe3a462e,d447d73b86e7ad2dad364986a551fdb818ba13cb075979591a5df80d4fa491f7
c102改10.xlsx,IALNS-final-frozen-20261002,C,102,10,333287,0.6,,,,,main_fixed8_full_ialns,4500,True,306.96849634775754,True,246.43451212259458,6.434935899917036,6.328125,0.011688499944284558,0.015625,4.8600020818412304e-05,0.0,6.446672999882139,6.34375,120.0,118.82162739118073,5.932707342961704,0.0,1.680177388452174,37.876621931694146,17.305871986994234,8.40088694226087,1,2,5,5,2.5,0,0.0,11,1221,0.15057439997326583,0.15625,246.43451212259458,6.2843614999437705,-2.842170943040401e-14,"[0, 8, 9, 6, 3, 5, 11]","[{""drone"":1,""index"":1,""launch"":8,""recovery"":6,""customers"":[10,7,4,2]},{""drone"":1,""index"":2,""launch"":6,""recovery"":3,""customers"":[1]}]",,,,,,,,,,,,,,33cae732436e27f2e125a4b852688a3264f8017f2ac4c96951d0a47651527cfc,4faeabb23cdd60da715384f7f481de568536065e53fda7c89340b741fe3a462e,d447d73b86e7ad2dad364986a551fdb818ba13cb075979591a5df80d4fa491f7
r102改10.xlsx,IALNS-final-frozen-20261002,R,102,10,104729,0.6,,,,,main_fixed8_full_ialns,4500,True,507.1848534369355,True,412.369193430274,6.320127399987541,6.28125,0.013539999956265092,0.0,4.309997893869877e-05,0.0,6.333710499922745,6.28125,140.0,268.67256159149673,0.0,0.0,3.696631838777229,79.04932901909132,105.081915114076,18.483159193886145,2,4,6,4,1.5,0,0.0,5,102,0.06273499992676079,0.0625,412.369193430274,6.25739240006078,0.0,"[0, 7, 10, 1, 3, 11]","[{""drone"":1,""index"":1,""launch"":0,""recovery"":7,""customers"":[5,8]},{""drone"":1,""index"":2,""launch"":1,""recovery"":3,""customers"":[9]},{""drone"":1,""index"":3,""launch"":3,""recovery"":11,""customers"":[4]},{""drone"":2,""index"":1,""launch"":0,""recovery"":11,""customers"":[6,2]}]",,,,,,,,,,,,,,33cae732436e27f2e125a4b852688a3264f8017f2ac4c96951d0a47651527cfc,e9b1980edac89d164fd184be697674d0123f66e0f4bcf076b52ad3c9aae1338c,0f314cfa4d498b2c8b400cf1a5dc0f58a607fc34fc420a7fe8bb3a3df9a270ad
r102改10.xlsx,IALNS-final-frozen-20261002,R,102,10,130363,0.6,,,,,main_fixed8_full_ialns,4500,True,507.1848534369355,True,412.369193430274,6.328266200027429,6.0625,0.013747300021350384,0.015625,4.23000892624259e-05,0.0,6.342055800138041,6.078125,140.0,268.67256159149673,0.0,0.0,3.696631838777229,79.04932901909132,105.081915114076,18.483159193886145,2,4,6,4,1.5,0,0.0,10,159,0.04484220000449568,0.03125,412.369193430274,6.283424000022933,0.0,"[0, 7, 10, 1, 3, 11]","[{""drone"":1,""index"":1,""launch"":0,""recovery"":11,""customers"":[6,2]},{""drone"":2,""index"":1,""launch"":0,""recovery"":7,""customers"":[5,8]},{""drone"":2,""index"":2,""launch"":1,""recovery"":3,""customers"":[9]},{""drone"":2,""index"":3,""launch"":3,""recovery"":11,""customers"":[4]}]",,,,,,,,,,,,,,33cae732436e27f2e125a4b852688a3264f8017f2ac4c96951d0a47651527cfc,e9b1980edac89d164fd184be697674d0123f66e0f4bcf076b52ad3c9aae1338c,0f314cfa4d498b2c8b400cf1a5dc0f58a607fc34fc420a7fe8bb3a3df9a270ad
r102改10.xlsx,IALNS-final-frozen-20261002,R,102,10,155921,0.6,,,,,main_fixed8_full_ialns,4500,True,507.1848534369355,True,412.369193430274,6.5266003999859095,6.390625,0.014994799974374473,0.015625,4.549999721348286e-05,0.0,6.541640699957497,6.40625,140.0,268.67256159149673,0.0,0.0,3.696631838777229,79.04932901909132,105.081915114076,18.483159193886145,2,4,6,4,1.5,0,0.0,4,75,0.0433367999503389,0.046875,412.369193430274,6.483263600035571,0.0,"[0, 7, 10, 1, 3, 11]","[{""drone"":1,""index"":1,""launch"":0,""recovery"":11,""customers"":[6,2]},{""drone"":2,""index"":1,""launch"":0,""recovery"":7,""customers"":[5,8]},{""drone"":2,""index"":2,""launch"":1,""recovery"":3,""customers"":[9]},{""drone"":2,""index"":3,""launch"":3,""recovery"":11,""customers"":[4]}]",,,,,,,,,,,,,,33cae732436e27f2e125a4b852688a3264f8017f2ac4c96951d0a47651527cfc,e9b1980edac89d164fd184be697674d0123f66e0f4bcf076b52ad3c9aae1338c,0f314cfa4d498b2c8b400cf1a5dc0f58a607fc34fc420a7fe8bb3a3df9a270ad
r102改10.xlsx,IALNS-final-frozen-20261002,R,102,10,181081,0.6,,,,,main_fixed8_full_ialns,4500,True,507.1848534369355,True,412.369193430274,6.2881948000285774,5.640625,0.013090600026771426,0.015625,5.300005432218313e-05,0.0,6.301338400109671,5.65625,140.0,268.67256159149673,0.0,0.0,3.696631838777229,79.04932901909132,105.081915114076,18.483159193886145,2,4,6,4,1.5,0,0.0,6,72,0.03778230003081262,0.015625,412.369193430274,6.250412499997765,0.0,"[0, 7, 10, 1, 3, 11]","[{""drone"":1,""index"":1,""launch"":0,""recovery"":7,""customers"":[5,8]},{""drone"":1,""index"":2,""launch"":1,""recovery"":3,""customers"":[9]},{""drone"":1,""index"":3,""launch"":3,""recovery"":11,""customers"":[4]},{""drone"":2,""index"":1,""launch"":0,""recovery"":11,""customers"":[6,2]}]",,,,,,,,,,,,,,33cae732436e27f2e125a4b852688a3264f8017f2ac4c96951d0a47651527cfc,e9b1980edac89d164fd184be697674d0123f66e0f4bcf076b52ad3c9aae1338c,0f314cfa4d498b2c8b400cf1a5dc0f58a607fc34fc420a7fe8bb3a3df9a270ad
r102改10.xlsx,IALNS-final-frozen-20261002,R,102,10,206369,0.6,,,,,main_fixed8_full_ialns,4500,True,507.1848534369355,True,412.369193430274,5.899244499974884,5.796875,0.012868199963122606,0.015625,4.3599982745945454e-05,0.0,5.912156299920753,5.8125,140.0,268.67256159149673,0.0,0.0,3.696631838777229,79.04932901909132,105.081915114076,18.483159193886145,2,4,6,4,1.5,0,0.0,5,41,0.04224049998447299,0.046875,412.369193430274,5.857003999990411,0.0,"[0, 7, 10, 1, 3, 11]","[{""drone"":1,""index"":1,""launch"":0,""recovery"":11,""customers"":[2,6]},{""drone"":2,""index"":1,""launch"":0,""recovery"":7,""customers"":[5,8]},{""drone"":2,""index"":2,""launch"":1,""recovery"":3,""customers"":[9]},{""drone"":2,""index"":3,""launch"":3,""recovery"":11,""customers"":[4]}]",,,,,,,,,,,,,,33cae732436e27f2e125a4b852688a3264f8017f2ac4c96951d0a47651527cfc,e9b1980edac89d164fd184be697674d0123f66e0f4bcf076b52ad3c9aae1338c,0f314cfa4d498b2c8b400cf1a5dc0f58a607fc34fc420a7fe8bb3a3df9a270ad
r102改10.xlsx,IALNS-final-frozen-20261002,R,102,10,231779,0.6,,,,,main_fixed8_full_ialns,4500,True,507.1848534369355,True,412.369193430274,5.946307600010186,5.875,0.013114499975927174,0.015625,3.9499951526522636e-05,0.0,5.95946159993764,5.890625,140.0,268.67256159149673,0.0,0.0,3.696631838777229,79.04932901909132,105.081915114076,18.483159193886145,2,4,6,4,1.5,0,0.0,9,70,0.04043699998874217,0.046875,412.369193430274,5.905870600021444,0.0,"[0, 7, 10, 1, 3, 11]","[{""drone"":1,""index"":1,""launch"":0,""recovery"":11,""customers"":[2,6]},{""drone"":2,""index"":1,""launch"":0,""recovery"":7,""customers"":[5,8]},{""drone"":2,""index"":2,""launch"":1,""recovery"":3,""customers"":[9]},{""drone"":2,""index"":3,""launch"":3,""recovery"":11,""customers"":[4]}]",,,,,,,,,,,,,,33cae732436e27f2e125a4b852688a3264f8017f2ac4c96951d0a47651527cfc,e9b1980edac89d164fd184be697674d0123f66e0f4bcf076b52ad3c9aae1338c,0f314cfa4d498b2c8b400cf1a5dc0f58a607fc34fc420a7fe8bb3a3df9a270ad
r102改10.xlsx,IALNS-final-frozen-20261002,R,102,10,257053,0.6,,,,,main_fixed8_full_ialns,4500,True,507.1848534369355,True,412.369193430274,6.336913800099865,6.15625,0.012935000006109476,0.015625,4.070007707923651e-05,0.0,6.349889500183053,6.171875,140.0,268.67256159149673,0.0,0.0,3.696631838777229,79.04932901909132,105.081915114076,18.483159193886145,2,4,6,4,1.5,0,0.0,5,75,0.04159159993287176,0.03125,412.369193430274,6.295322200166993,0.0,"[0, 7, 10, 1, 3, 11]","[{""drone"":1,""index"":1,""launch"":0,""recovery"":11,""customers"":[2,6]},{""drone"":2,""index"":1,""launch"":0,""recovery"":7,""customers"":[5,8]},{""drone"":2,""index"":2,""launch"":1,""recovery"":3,""customers"":[9]},{""drone"":2,""index"":3,""launch"":3,""recovery"":11,""customers"":[4]}]",,,,,,,,,,,,,,33cae732436e27f2e125a4b852688a3264f8017f2ac4c96951d0a47651527cfc,e9b1980edac89d164fd184be697674d0123f66e0f4bcf076b52ad3c9aae1338c,0f314cfa4d498b2c8b400cf1a5dc0f58a607fc34fc420a7fe8bb3a3df9a270ad
r102改10.xlsx,IALNS-final-frozen-20261002,R,102,10,282427,0.6,,,,,main_fixed8_full_ialns,4500,True,507.1848534369355,True,412.369193430274,7.3217004999751225,6.9375,0.012920499895699322,0.0,3.970006946474314e-05,0.0,7.334660699940287,6.9375,140.0,268.67256159149673,0.0,0.0,3.696631838777229,79.04932901909132,105.081915114076,18.483159193886145,2,4,6,4,1.5,0,0.0,6,43,0.04251569998450577,0.046875,412.369193430274,7.279184799990617,0.0,"[0, 7, 10, 1, 3, 11]","[{""drone"":1,""index"":1,""launch"":0,""recovery"":11,""customers"":[2,6]},{""drone"":2,""index"":1,""launch"":0,""recovery"":7,""customers"":[5,8]},{""drone"":2,""index"":2,""launch"":1,""recovery"":3,""customers"":[9]},{""drone"":2,""index"":3,""launch"":3,""recovery"":11,""customers"":[4]}]",,,,,,,,,,,,,,33cae732436e27f2e125a4b852688a3264f8017f2ac4c96951d0a47651527cfc,e9b1980edac89d164fd184be697674d0123f66e0f4bcf076b52ad3c9aae1338c,0f314cfa4d498b2c8b400cf1a5dc0f58a607fc34fc420a7fe8bb3a3df9a270ad
r102改10.xlsx,IALNS-final-frozen-20261002,R,102,10,307831,0.6,,,,,main_fixed8_full_ialns,4500,True,507.1848534369355,True,412.369193430274,7.4151150999823585,6.59375,0.03629900002852082,0.015625,6.200000643730164e-05,0.0,7.451476100017317,6.609375,140.0,268.67256159149673,0.0,0.0,3.696631838777229,79.04932901909132,105.081915114076,18.483159193886145,2,4,6,4,1.5,0,0.0,8,79,0.04885899997316301,0.046875,412.369193430274,7.3662561000091955,0.0,"[0, 7, 10, 1, 3, 11]","[{""drone"":1,""index"":1,""launch"":0,""recovery"":11,""customers"":[6,2]},{""drone"":2,""index"":1,""launch"":0,""recovery"":7,""customers"":[5,8]},{""drone"":2,""index"":2,""launch"":1,""recovery"":3,""customers"":[9]},{""drone"":2,""index"":3,""launch"":3,""recovery"":11,""customers"":[4]}]",,,,,,,,,,,,,,33cae732436e27f2e125a4b852688a3264f8017f2ac4c96951d0a47651527cfc,e9b1980edac89d164fd184be697674d0123f66e0f4bcf076b52ad3c9aae1338c,0f314cfa4d498b2c8b400cf1a5dc0f58a607fc34fc420a7fe8bb3a3df9a270ad
r102改10.xlsx,IALNS-final-frozen-20261002,R,102,10,333287,0.6,,,,,main_fixed8_full_ialns,4500,True,507.1848534369355,True,412.369193430274,6.192944500013255,6.046875,0.01921169995330274,0.0,4.309997893869877e-05,0.0,6.212199299945496,6.046875,140.0,268.67256159149673,0.0,0.0,3.696631838777229,79.04932901909132,105.081915114076,18.483159193886145,2,4,6,4,1.5,0,0.0,7,125,0.04060639999806881,0.03125,412.369193430274,6.152338100015186,0.0,"[0, 7, 10, 1, 3, 11]","[{""drone"":1,""index"":1,""launch"":0,""recovery"":11,""customers"":[6,2]},{""drone"":2,""index"":1,""launch"":0,""recovery"":7,""customers"":[5,8]},{""drone"":2,""index"":2,""launch"":1,""recovery"":3,""customers"":[9]},{""drone"":2,""index"":3,""launch"":3,""recovery"":11,""customers"":[4]}]",,,,,,,,,,,,,,33cae732436e27f2e125a4b852688a3264f8017f2ac4c96951d0a47651527cfc,e9b1980edac89d164fd184be697674d0123f66e0f4bcf076b52ad3c9aae1338c,0f314cfa4d498b2c8b400cf1a5dc0f58a607fc34fc420a7fe8bb3a3df9a270ad
rc102改10.xlsx,IALNS-final-frozen-20261002,RC,102,10,104729,0.6,,,,,main_fixed8_full_ialns,4500,True,535.4951376331663,True,465.0085166048276,7.7954051999840885,7.734375,0.010971600073389709,0.0,5.080003757029772e-05,0.0,7.8064276000950485,7.734375,120.0,340.1256295229761,0.0,0.08946754575149818,4.793419536099991,107.38730713527994,59.879027057121,23.967097680499954,1,3,6,4,2.0,1,0.0022366886437874545,16,1781,0.0467577000381425,0.046875,465.0085166048276,7.748647499945946,0.0,"[0, 10, 2, 4, 5, 11]","[{""drone"":1,""index"":1,""launch"":0,""recovery"":10,""customers"":[9]},{""drone"":1,""index"":2,""launch"":10,""recovery"":4,""customers"":[7,6,8]},{""drone"":1,""index"":3,""launch"":4,""recovery"":5,""customers"":[1,3]}]",,,,,,,,,,,,,,33cae732436e27f2e125a4b852688a3264f8017f2ac4c96951d0a47651527cfc,bc161db9ff373edaa622e630b93952f86dec8179578d1b315b0b771bd6d50534,d447d73b86e7ad2dad364986a551fdb818ba13cb075979591a5df80d4fa491f7
rc102改10.xlsx,IALNS-final-frozen-20261002,RC,102,10,130363,0.6,,,,,main_fixed8_full_ialns,4500,True,535.4951376331663,True,465.0085166048276,8.78822680003941,8.296875,0.008481199969537556,0.0,3.9199949242174625e-05,0.0,8.79674719995819,8.296875,120.0,340.1256295229761,0.0,0.08946754575149818,4.793419536099991,107.38730713527994,59.879027057121,23.967097680499954,1,3,6,4,2.0,1,0.0022366886437874545,10,1071,0.04546040005516261,0.046875,465.0085166048276,8.742766399984248,0.0,"[0, 10, 2, 4, 5, 11]","[{""drone"":1,""index"":1,""launch"":0,""recovery"":10,""customers"":[9]},{""drone"":1,""index"":2,""launch"":10,""recovery"":4,""customers"":[7,6,8]},{""drone"":1,""index"":3,""launch"":4,""recovery"":5,""customers"":[1,3]}]",,,,,,,,,,,,,,33cae732436e27f2e125a4b852688a3264f8017f2ac4c96951d0a47651527cfc,bc161db9ff373edaa622e630b93952f86dec8179578d1b315b0b771bd6d50534,d447d73b86e7ad2dad364986a551fdb818ba13cb075979591a5df80d4fa491f7
rc102改10.xlsx,IALNS-final-frozen-20261002,RC,102,10,155921,0.6,,,,,main_fixed8_full_ialns,4500,True,535.4951376331663,True,465.0085166048276,9.671474800095893,9.09375,0.008222599979490042,0.015625,4.0400074794888496e-05,0.0,9.679737800150178,9.109375,120.0,340.1256295229761,0.0,0.08946754575149818,4.793419536099991,107.38730713527994,59.879027057121,23.967097680499954,1,3,6,4,2.0,1,0.0022366886437874545,10,1082,0.04678780003450811,0.03125,465.0085166048276,9.624687000061385,0.0,"[0, 10, 2, 4, 5, 11]","[{""drone"":1,""index"":1,""launch"":0,""recovery"":10,""customers"":[9]},{""drone"":1,""index"":2,""launch"":10,""recovery"":4,""customers"":[7,6,8]},{""drone"":1,""index"":3,""launch"":4,""recovery"":5,""customers"":[1,3]}]",,,,,,,,,,,,,,33cae732436e27f2e125a4b852688a3264f8017f2ac4c96951d0a47651527cfc,bc161db9ff373edaa622e630b93952f86dec8179578d1b315b0b771bd6d50534,d447d73b86e7ad2dad364986a551fdb818ba13cb075979591a5df80d4fa491f7
rc102改10.xlsx,IALNS-final-frozen-20261002,RC,102,10,181081,0.6,,,,,main_fixed8_full_ialns,4500,True,535.4951376331663,True,465.0085166048276,9.733221600065008,9.453125,0.012665800051763654,0.015625,5.5900076404213905e-05,0.0,9.745943300193176,9.46875,120.0,340.1256295229761,0.0,0.08946754575149818,4.793419536099991,107.38730713527994,59.879027057121,23.967097680499954,1,3,6,4,2.0,1,0.0022366886437874545,9,238,0.0423561999341473,0.046875,465.0085166048276,9.69086540013086,0.0,"[0, 10, 2, 4, 5, 11]","[{""drone"":1,""index"":1,""launch"":0,""recovery"":10,""customers"":[9]},{""drone"":1,""index"":2,""launch"":10,""recovery"":4,""customers"":[7,6,8]},{""drone"":1,""index"":3,""launch"":4,""recovery"":5,""customers"":[1,3]}]",,,,,,,,,,,,,,33cae732436e27f2e125a4b852688a3264f8017f2ac4c96951d0a47651527cfc,bc161db9ff373edaa622e630b93952f86dec8179578d1b315b0b771bd6d50534,d447d73b86e7ad2dad364986a551fdb818ba13cb075979591a5df80d4fa491f7
rc102改10.xlsx,IALNS-final-frozen-20261002,RC,102,10,206369,0.6,,,,,main_fixed8_full_ialns,4500,True,535.4951376331663,True,465.0085166048276,9.04597019997891,8.90625,0.012822699965909123,0.0,5.579995922744274e-05,0.0,9.058848699904047,8.90625,120.0,340.1256295229761,0.0,0.08946754575149818,4.793419536099991,107.38730713527994,59.879027057121,23.967097680499954,1,3,6,4,2.0,1,0.0022366886437874545,13,1057,0.05076760007068515,0.046875,465.0085166048276,8.995202599908225,0.0,"[0, 10, 2, 4, 5, 11]","[{""drone"":1,""index"":1,""launch"":0,""recovery"":10,""customers"":[9]},{""drone"":1,""index"":2,""launch"":10,""recovery"":4,""customers"":[7,6,8]},{""drone"":1,""index"":3,""launch"":4,""recovery"":5,""customers"":[1,3]}]",,,,,,,,,,,,,,33cae732436e27f2e125a4b852688a3264f8017f2ac4c96951d0a47651527cfc,bc161db9ff373edaa622e630b93952f86dec8179578d1b315b0b771bd6d50534,d447d73b86e7ad2dad364986a551fdb818ba13cb075979591a5df80d4fa491f7
rc102改10.xlsx,IALNS-final-frozen-20261002,RC,102,10,231779,0.6,,,,,main_fixed8_full_ialns,4500,True,535.4951376331663,True,465.0085166048276,8.013905200059526,7.875,0.008065199945122004,0.015625,3.900006413459778e-05,0.0,8.022009400068782,7.890625,120.0,340.1256295229761,0.0,0.08946754575149818,4.793419536099991,107.38730713527994,59.879027057121,23.967097680499954,1,3,6,4,2.0,1,0.0022366886437874545,15,2329,0.04584939999040216,0.046875,465.0085166048276,7.9680558000691235,0.0,"[0, 10, 2, 4, 5, 11]","[{""drone"":1,""index"":1,""launch"":0,""recovery"":10,""customers"":[9]},{""drone"":1,""index"":2,""launch"":10,""recovery"":4,""customers"":[7,6,8]},{""drone"":1,""index"":3,""launch"":4,""recovery"":5,""customers"":[1,3]}]",,,,,,,,,,,,,,33cae732436e27f2e125a4b852688a3264f8017f2ac4c96951d0a47651527cfc,bc161db9ff373edaa622e630b93952f86dec8179578d1b315b0b771bd6d50534,d447d73b86e7ad2dad364986a551fdb818ba13cb075979591a5df80d4fa491f7
rc102改10.xlsx,IALNS-final-frozen-20261002,RC,102,10,257053,0.6,,,,,main_fixed8_full_ialns,4500,True,535.4951376331663,True,465.0085166048276,8.65147090004757,8.40625,0.008137200027704239,0.015625,3.829994238913059e-05,0.0,8.659646400017664,8.421875,120.0,340.1256295229761,0.0,0.08946754575149818,4.793419536099991,107.38730713527994,59.879027057121,23.967097680499954,1,3,6,4,2.0,1,0.0022366886437874545,16,1625,0.05034650000743568,0.046875,465.0085166048276,8.601124400040135,0.0,"[0, 10, 2, 4, 5, 11]","[{""drone"":1,""index"":1,""launch"":0,""recovery"":10,""customers"":[9]},{""drone"":1,""index"":2,""launch"":10,""recovery"":4,""customers"":[7,6,8]},{""drone"":1,""index"":3,""launch"":4,""recovery"":5,""customers"":[1,3]}]",,,,,,,,,,,,,,33cae732436e27f2e125a4b852688a3264f8017f2ac4c96951d0a47651527cfc,bc161db9ff373edaa622e630b93952f86dec8179578d1b315b0b771bd6d50534,d447d73b86e7ad2dad364986a551fdb818ba13cb075979591a5df80d4fa491f7
rc102改10.xlsx,IALNS-final-frozen-20261002,RC,102,10,282427,0.6,,,,,main_fixed8_full_ialns,4500,True,535.4951376331663,True,465.0085166048276,11.515704300021753,10.53125,0.01151939993724227,0.015625,5.259993486106396e-05,0.0,11.527276299893856,10.546875,120.0,340.1256295229761,0.0,0.08946754575149818,4.793419536099991,107.38730713527994,59.879027057121,23.967097680499954,1,3,6,4,2.0,1,0.0022366886437874545,10,1577,0.03958219999913126,0.03125,465.0085166048276,11.476122100022621,0.0,"[0, 10, 2, 4, 5, 11]","[{""drone"":1,""index"":1,""launch"":0,""recovery"":10,""customers"":[9]},{""drone"":1,""index"":2,""launch"":10,""recovery"":4,""customers"":[7,6,8]},{""drone"":1,""index"":3,""launch"":4,""recovery"":5,""customers"":[1,3]}]",,,,,,,,,,,,,,33cae732436e27f2e125a4b852688a3264f8017f2ac4c96951d0a47651527cfc,bc161db9ff373edaa622e630b93952f86dec8179578d1b315b0b771bd6d50534,d447d73b86e7ad2dad364986a551fdb818ba13cb075979591a5df80d4fa491f7
rc102改10.xlsx,IALNS-final-frozen-20261002,RC,102,10,307831,0.6,,,,,main_fixed8_full_ialns,4500,True,535.4951376331663,True,465.0085166048276,9.421828899998218,8.9375,0.01211520005017519,0.015625,4.1400082409381866e-05,0.0,9.433985500130802,8.953125,120.0,340.1256295229761,0.0,0.08946754575149818,4.793419536099991,107.38730713527994,59.879027057121,23.967097680499954,1,3,6,4,2.0,1,0.0022366886437874545,10,980,0.044567400007508695,0.046875,465.0085166048276,9.37726149999071,0.0,"[0, 10, 2, 4, 5, 11]","[{""drone"":1,""index"":1,""launch"":0,""recovery"":10,""customers"":[9]},{""drone"":1,""index"":2,""launch"":10,""recovery"":4,""customers"":[7,6,8]},{""drone"":1,""index"":3,""launch"":4,""recovery"":5,""customers"":[1,3]}]",,,,,,,,,,,,,,33cae732436e27f2e125a4b852688a3264f8017f2ac4c96951d0a47651527cfc,bc161db9ff373edaa622e630b93952f86dec8179578d1b315b0b771bd6d50534,d447d73b86e7ad2dad364986a551fdb818ba13cb075979591a5df80d4fa491f7
rc102改10.xlsx,IALNS-final-frozen-20261002,RC,102,10,333287,0.6,,,,,main_fixed8_full_ialns,4500,True,535.4951376331663,True,465.0085166048276,8.045265299966559,7.78125,0.008392299991101027,0.015625,3.85999446734786e-05,0.0,8.053696199902333,7.796875,120.0,340.1256295229761,0.0,0.08946754575149818,4.793419536099991,107.38730713527994,59.879027057121,23.967097680499954,1,3,6,4,2.0,1,0.0022366886437874545,13,433,0.038466300000436604,0.03125,465.0085166048276,8.006798999966122,0.0,"[0, 10, 2, 4, 5, 11]","[{""drone"":1,""index"":1,""launch"":0,""recovery"":10,""customers"":[9]},{""drone"":1,""index"":2,""launch"":10,""recovery"":4,""customers"":[7,6,8]},{""drone"":1,""index"":3,""launch"":4,""recovery"":5,""customers"":[1,3]}]",,,,,,,,,,,,,,33cae732436e27f2e125a4b852688a3264f8017f2ac4c96951d0a47651527cfc,bc161db9ff373edaa622e630b93952f86dec8179578d1b315b0b771bd6d50534,d447d73b86e7ad2dad364986a551fdb818ba13cb075979591a5df80d4fa491f7
c102改20.xlsx,IALNS-final-frozen-20261002,C,102,20,104729,0.6,,,,,main_fixed8_full_ialns,4500,True,491.6104683470885,True,316.8153420678496,46.511629199958406,46.140625,0.06284869997762144,0.0625,4.499999340623617e-05,0.0,46.574522899929434,46.203125,140.0,162.46763795353252,12.22395376688661,0.0,2.1237503474304567,40.6186816879454,135.37197629898773,10.618751737152284,2,7,14,6,2.0,0,0.0,33,2604,0.09875580004882067,0.09375,316.8153420678496,46.412873399909586,0.0,"[0, 10, 11, 6, 4, 3, 5, 21]","[{""drone"":1,""index"":1,""launch"":10,""recovery"":11,""customers"":[18,19,13]},{""drone"":1,""index"":2,""launch"":11,""recovery"":6,""customers"":[17,8]},{""drone"":1,""index"":3,""launch"":4,""recovery"":3,""customers"":[1]},{""drone"":1,""index"":4,""launch"":3,""recovery"":21,""customers"":[7,20]},{""drone"":2,""index"":1,""launch"":10,""recovery"":11,""customers"":[15]},{""drone"":2,""index"":2,""launch"":11,""recovery"":6,""customers"":[16,14,12,9]},{""drone"":2,""index"":3,""launch"":6,""recovery"":4,""customers"":[2]}]",,,,,,,,,,,,,,33cae732436e27f2e125a4b852688a3264f8017f2ac4c96951d0a47651527cfc,0fae629312396229347614d9ad17da986653db61006aa8249abd1de00b2b8f68,db70bf887cf90312030ff025e77387ca74480a0fae83c18288a6ffcb0a00ed44
c102改20.xlsx,IALNS-final-frozen-20261002,C,102,20,130363,0.6,,,,,main_fixed8_full_ialns,4500,True,491.6104683470885,True,316.7866184195143,47.848889800021425,47.703125,0.050969299976713955,0.046875,5.0200033001601696e-05,0.0,47.89990930003114,47.75,140.0,162.36576554563763,12.29907042567827,0.0,2.1217824481983985,40.552270402347126,135.6965144619875,10.608912240991993,2,7,14,6,2.0,0,0.0,40,2840,0.10938509996049106,0.109375,316.7866184195143,47.739504700060934,0.0,"[0, 10, 11, 8, 4, 3, 5, 21]","[{""drone"":1,""index"":1,""launch"":10,""recovery"":11,""customers"":[17]},{""drone"":1,""index"":2,""launch"":11,""recovery"":8,""customers"":[15,16,14]},{""drone"":1,""index"":3,""launch"":4,""recovery"":3,""customers"":[1]},{""drone"":1,""index"":4,""launch"":3,""recovery"":21,""customers"":[7,20]},{""drone"":2,""index"":1,""launch"":10,""recovery"":11,""customers"":[18,19,13]},{""drone"":2,""index"":2,""launch"":11,""recovery"":4,""customers"":[12,9,6]},{""drone"":2,""index"":3,""launch"":4,""recovery"":5,""customers"":[2]}]",,,,,,,,,,,,,,33cae732436e27f2e125a4b852688a3264f8017f2ac4c96951d0a47651527cfc,0fae629312396229347614d9ad17da986653db61006aa8249abd1de00b2b8f68,db70bf887cf90312030ff025e77387ca74480a0fae83c18288a6ffcb0a00ed44
c102改20.xlsx,IALNS-final-frozen-20261002,C,102,20,155921,0.6,,,,,main_fixed8_full_ialns,4500,True,491.6104683470885,True,316.9938102330921,43.0795153999934,42.84375,0.05249049991834909,0.0625,4.6600005589425564e-05,0.0,43.132052499917336,42.90625,140.0,163.1624788719824,11.703505434091653,0.0,2.127825927018055,40.47018153887451,139.17311418452945,10.639129635090274,2,7,15,5,2.142857142857143,0,0.0,34,1962,0.09515049995388836,0.09375,316.9938102330921,42.98436490003951,0.0,"[0, 10, 11, 4, 3, 5, 21]","[{""drone"":1,""index"":1,""launch"":10,""recovery"":11,""customers"":[16,14,12]},{""drone"":1,""index"":2,""launch"":11,""recovery"":4,""customers"":[17,8]},{""drone"":1,""index"":3,""launch"":4,""recovery"":5,""customers"":[2]},{""drone"":1,""index"":4,""launch"":5,""recovery"":21,""customers"":[7,20]},{""drone"":2,""index"":1,""launch"":10,""recovery"":11,""customers"":[18,19,13]},{""drone"":2,""index"":2,""launch"":11,""recovery"":4,""customers"":[15,9,6]},{""drone"":2,""index"":3,""launch"":4,""recovery"":3,""customers"":[1]}]",,,,,,,,,,,,,,33cae732436e27f2e125a4b852688a3264f8017f2ac4c96951d0a47651527cfc,0fae629312396229347614d9ad17da986653db61006aa8249abd1de00b2b8f68,db70bf887cf90312030ff025e77387ca74480a0fae83c18288a6ffcb0a00ed44
c102改20.xlsx,IALNS-final-frozen-20261002,C,102,20,181081,0.6,,,,,main_fixed8_full_ialns,4500,True,491.03661850866905,True,316.64982595325034,47.98940160009079,47.515625,0.06718270003329962,0.0625,4.539999645203352e-05,0.0,48.05662970012054,47.578125,140.0,163.04501186684564,11.478067289607173,0.0,2.126746796797532,40.47018153887451,138.78155750074038,10.63373398398766,2,7,15,5,2.142857142857143,0,0.0,31,2846,0.08037650003097951,0.078125,316.64982595325034,47.90902510005981,0.0,"[0, 10, 11, 4, 3, 5, 21]","[{""drone"":1,""index"":1,""launch"":10,""recovery"":11,""customers"":[18,19,13]},{""drone"":1,""index"":2,""launch"":11,""recovery"":4,""customers"":[12,9,6]},{""drone"":1,""index"":3,""launch"":4,""recovery"":3,""customers"":[1]},{""drone"":1,""index"":4,""launch"":3,""recovery"":21,""customers"":[7,20]},{""drone"":2,""index"":1,""launch"":10,""recovery"":11,""customers"":[15,16,14]},{""drone"":2,""index"":2,""launch"":11,""recovery"":4,""customers"":[17,8]},{""drone"":2,""index"":3,""launch"":4,""recovery"":5,""customers"":[2]}]",,,,,,,,,,,,,,33cae732436e27f2e125a4b852688a3264f8017f2ac4c96951d0a47651527cfc,0fae629312396229347614d9ad17da986653db61006aa8249abd1de00b2b8f68,db70bf887cf90312030ff025e77387ca74480a0fae83c18288a6ffcb0a00ed44
c102改20.xlsx,IALNS-final-frozen-20261002,C,102,20,206369,0.6,,,,,main_fixed8_full_ialns,4500,True,491.6104683470885,True,320.524876376358,57.55960190005135,57.359375,0.05878429999575019,0.046875,4.2599975131452084e-05,0.0,57.61842880002223,57.40625,140.0,163.45297247577122,14.94013364472358,0.0,2.131770255863226,40.552270402347126,139.32053756243286,10.65885127931613,2,7,14,6,2.0,0,0.0,45,3791,0.3202596000628546,0.3125,320.524876376358,57.23934229998849,0.0,"[0, 5, 3, 4, 8, 11, 10, 21]","[{""drone"":1,""index"":1,""launch"":5,""recovery"":3,""customers"":[2]},{""drone"":1,""index"":2,""launch"":3,""recovery"":11,""customers"":[7,17]},{""drone"":1,""index"":3,""launch"":11,""recovery"":10,""customers"":[12,14,16]},{""drone"":1,""index"":4,""launch"":10,""recovery"":21,""customers"":[20]},{""drone"":2,""index"":1,""launch"":5,""recovery"":3,""customers"":[1]},{""drone"":2,""index"":2,""launch"":3,""recovery"":11,""customers"":[6,9,15]},{""drone"":2,""index"":3,""launch"":11,""recovery"":10,""customers"":[13,19,18]}]",,,,,,,,,,,,,,33cae732436e27f2e125a4b852688a3264f8017f2ac4c96951d0a47651527cfc,0fae629312396229347614d9ad17da986653db61006aa8249abd1de00b2b8f68,db70bf887cf90312030ff025e77387ca74480a0fae83c18288a6ffcb0a00ed44
c102改20.xlsx,IALNS-final-frozen-20261002,C,102,20,231779,0.6,,,,,main_fixed8_full_ialns,4500,True,487.21916095332784,True,316.6509593547946,49.440619799890555,48.375,0.05991319997701794,0.0625,4.1899969801306725e-05,0.0,49.500574899837375,48.4375,140.0,162.3407953111769,12.188610988639951,0.0,2.1215530549778197,40.552270402347126,135.61328034711835,10.607765274889097,2,7,14,6,2.0,0,0.0,19,1851,0.1100643000099808,0.109375,316.6509593547946,49.330555499880575,-5.684341886080802e-14,"[0, 10, 11, 8, 4, 3, 5, 21]","[{""drone"":1,""index"":1,""launch"":10,""recovery"":11,""customers"":[18,19,13]},{""drone"":1,""index"":2,""launch"":11,""recovery"":4,""customers"":[15,9,6]},{""drone"":1,""index"":3,""launch"":4,""recovery"":3,""customers"":[1]},{""drone"":1,""index"":4,""launch"":3,""recovery"":21,""customers"":[7,20]},{""drone"":2,""index"":1,""launch"":10,""recovery"":11,""customers"":[17]},{""drone"":2,""index"":2,""launch"":11,""recovery"":8,""customers"":[16,14,12]},{""drone"":2,""index"":3,""launch"":4,""recovery"":5,""customers"":[2]}]",,,,,,,,,,,,,,33cae732436e27f2e125a4b852688a3264f8017f2ac4c96951d0a47651527cfc,0fae629312396229347614d9ad17da986653db61006aa8249abd1de00b2b8f68,db70bf887cf90312030ff025e77387ca74480a0fae83c18288a6ffcb0a00ed44
c102改20.xlsx,IALNS-final-frozen-20261002,C,102,20,257053,0.6,,,,,main_fixed8_full_ialns,4500,True,491.6104683470885,True,316.6752425090561,44.83937669999432,44.6875,0.06350270006805658,0.0625,5.5600074119865894e-05,0.0,44.902935000136495,44.75,140.0,163.04501186684564,11.50348384541291,0.0,2.126746796797532,40.47018153887451,138.78155750074038,10.63373398398766,2,7,15,5,2.142857142857143,0,0.0,31,2080,0.0735933999530971,0.078125,316.6752425090561,44.76578330004122,0.0,"[0, 10, 11, 4, 3, 5, 21]","[{""drone"":1,""index"":1,""launch"":10,""recovery"":11,""customers"":[15,16,14]},{""drone"":1,""index"":2,""launch"":11,""recovery"":4,""customers"":[12,9,6]},{""drone"":1,""index"":3,""launch"":4,""recovery"":3,""customers"":[1]},{""drone"":1,""index"":4,""launch"":3,""recovery"":21,""customers"":[7,20]},{""drone"":2,""index"":1,""launch"":10,""recovery"":11,""customers"":[18,19,13]},{""drone"":2,""index"":2,""launch"":11,""recovery"":4,""customers"":[17,8]},{""drone"":2,""index"":3,""launch"":4,""recovery"":5,""customers"":[2]}]",,,,,,,,,,,,,,33cae732436e27f2e125a4b852688a3264f8017f2ac4c96951d0a47651527cfc,0fae629312396229347614d9ad17da986653db61006aa8249abd1de00b2b8f68,db70bf887cf90312030ff025e77387ca74480a0fae83c18288a6ffcb0a00ed44
c102改20.xlsx,IALNS-final-frozen-20261002,C,102,20,282427,0.6,,,,,main_fixed8_full_ialns,4500,True,491.6104683470885,True,316.6752425090561,48.321902099996805,48.15625,0.05984010000247508,0.0625,4.7200010158121586e-05,0.0,48.38178940000944,48.21875,140.0,163.04501186684564,11.50348384541291,0.0,2.126746796797532,40.47018153887451,138.78155750074038,10.63373398398766,2,7,15,5,2.142857142857143,0,0.0,30,989,0.07691689999774098,0.078125,316.6752425090561,48.244985199999064,0.0,"[0, 10, 11, 4, 3, 5, 21]","[{""drone"":1,""index"":1,""launch"":10,""recovery"":11,""customers"":[15,16,14]},{""drone"":1,""index"":2,""launch"":11,""recovery"":4,""customers"":[12,9,6]},{""drone"":1,""index"":3,""launch"":4,""recovery"":3,""customers"":[1]},{""drone"":1,""index"":4,""launch"":3,""recovery"":21,""customers"":[7,20]},{""drone"":2,""index"":1,""launch"":10,""recovery"":11,""customers"":[18,19,13]},{""drone"":2,""index"":2,""launch"":11,""recovery"":4,""customers"":[17,8]},{""drone"":2,""index"":3,""launch"":4,""recovery"":5,""customers"":[2]}]",,,,,,,,,,,,,,33cae732436e27f2e125a4b852688a3264f8017f2ac4c96951d0a47651527cfc,0fae629312396229347614d9ad17da986653db61006aa8249abd1de00b2b8f68,db70bf887cf90312030ff025e77387ca74480a0fae83c18288a6ffcb0a00ed44
c102改20.xlsx,IALNS-final-frozen-20261002,C,102,20,307831,0.6,,,,,main_fixed8_full_ialns,4500,True,491.6104683470885,True,316.7866184195143,49.234053099993616,48.84375,0.058331700041890144,0.0625,4.3400097638368607e-05,0.0,49.292428200133145,48.90625,140.0,162.36576554563763,12.29907042567827,0.0,2.1217824481983985,40.552270402347126,135.6965144619875,10.608912240991993,2,7,14,6,2.0,0,0.0,40,3535,0.15909349999856204,0.140625,316.7866184195143,49.074959599995054,0.0,"[0, 10, 11, 8, 4, 3, 5, 21]","[{""drone"":1,""index"":1,""launch"":10,""recovery"":11,""customers"":[18,19,13]},{""drone"":1,""index"":2,""launch"":11,""recovery"":4,""customers"":[12,9,6]},{""drone"":1,""index"":3,""launch"":4,""recovery"":3,""customers"":[1]},{""drone"":1,""index"":4,""launch"":3,""recovery"":21,""customers"":[7,20]},{""drone"":2,""index"":1,""launch"":10,""recovery"":11,""customers"":[17]},{""drone"":2,""index"":2,""launch"":11,""recovery"":8,""customers"":[15,16,14]},{""drone"":2,""index"":3,""launch"":4,""recovery"":5,""customers"":[2]}]",,,,,,,,,,,,,,33cae732436e27f2e125a4b852688a3264f8017f2ac4c96951d0a47651527cfc,0fae629312396229347614d9ad17da986653db61006aa8249abd1de00b2b8f68,db70bf887cf90312030ff025e77387ca74480a0fae83c18288a6ffcb0a00ed44
c102改20.xlsx,IALNS-final-frozen-20261002,C,102,20,333287,0.6,,,,,main_fixed8_full_ialns,4500,True,491.6104683470885,True,316.64481385012823,52.48117730009835,51.546875,0.053117900039069355,0.046875,4.360009916126728e-05,0.0,52.53433880023658,51.59375,140.0,163.04501186684564,11.473055186485068,0.0,2.126746796797532,40.47018153887451,138.78155750074038,10.63373398398766,2,7,15,5,2.142857142857143,0,0.0,25,3026,0.07951209996826947,0.078125,316.64481385012823,52.40166520013008,0.0,"[0, 10, 11, 4, 3, 5, 21]","[{""drone"":1,""index"":1,""launch"":10,""recovery"":11,""customers"":[18,19,13]},{""drone"":1,""index"":2,""launch"":11,""recovery"":4,""customers"":[17,8]},{""drone"":1,""index"":3,""launch"":4,""recovery"":3,""customers"":[1]},{""drone"":1,""index"":4,""launch"":3,""recovery"":21,""customers"":[7,20]},{""drone"":2,""index"":1,""launch"":10,""recovery"":11,""customers"":[15,16,14]},{""drone"":2,""index"":2,""launch"":11,""recovery"":4,""customers"":[12,9,6]},{""drone"":2,""index"":3,""launch"":4,""recovery"":5,""customers"":[2]}]",,,,,,,,,,,,,,33cae732436e27f2e125a4b852688a3264f8017f2ac4c96951d0a47651527cfc,0fae629312396229347614d9ad17da986653db61006aa8249abd1de00b2b8f68,db70bf887cf90312030ff025e77387ca74480a0fae83c18288a6ffcb0a00ed44
r102改20.xlsx,IALNS-final-frozen-20261002,R,102,20,104729,0.6,,,,,main_fixed8_full_ialns,4500,True,853.7690024405866,True,543.3476402180066,39.960434500011615,39.640625,0.12621650006622076,0.125,4.439998883754015e-05,0.0,40.086695400066674,39.765625,120.0,412.058549561714,0.0,5.614737685880478,5.674352970412123,121.55137892139707,158.01470932507598,28.371764852060615,1,6,12,8,2.0,1,0.14036844214701194,23,494,0.5471050000051036,0.515625,543.3476402180066,39.41332950000651,0.0,"[0, 2, 15, 13, 6, 8, 7, 10, 1, 21]","[{""drone"":1,""index"":1,""launch"":0,""recovery"":2,""customers"":[4]},{""drone"":1,""index"":2,""launch"":2,""recovery"":15,""customers"":[14]},{""drone"":1,""index"":3,""launch"":6,""recovery"":8,""customers"":[5,16,17]},{""drone"":1,""index"":4,""launch"":8,""recovery"":10,""customers"":[18,19,11]},{""drone"":1,""index"":5,""launch"":10,""recovery"":1,""customers"":[20,9]},{""drone"":1,""index"":6,""launch"":1,""recovery"":21,""customers"":[3,12]}]",,,,,,,,,,,,,,33cae732436e27f2e125a4b852688a3264f8017f2ac4c96951d0a47651527cfc,7dcb6b02168cec68a36ee4a8c1bbd091085839be5fa41cf4302093c50dd7ed59,27e26aa2ffc98aa6bf768767244d914aff8cf148c1717ad539cda328cc310827
r102改20.xlsx,IALNS-final-frozen-20261002,R,102,20,130363,0.6,,,,,main_fixed8_full_ialns,4500,True,853.7690024405866,True,543.3476402180066,41.27137090009637,40.84375,0.14956209994852543,0.140625,4.640000406652689e-05,0.0,41.420979400048964,40.984375,120.0,412.058549561714,0.0,5.614737685880478,5.674352970412123,121.55137892139707,158.01470932507598,28.371764852060615,1,6,12,8,2.0,1,0.14036844214701194,33,2500,0.4325023000128567,0.4375,543.3476402180066,40.838868600083515,0.0,"[0, 2, 15, 13, 6, 8, 7, 10, 1, 21]","[{""drone"":1,""index"":1,""launch"":0,""recovery"":2,""customers"":[4]},{""drone"":1,""index"":2,""launch"":2,""recovery"":15,""customers"":[14]},{""drone"":1,""index"":3,""launch"":6,""recovery"":8,""customers"":[5,16,17]},{""drone"":1,""index"":4,""launch"":8,""recovery"":10,""customers"":[18,19,11]},{""drone"":1,""index"":5,""launch"":10,""recovery"":1,""customers"":[20,9]},{""drone"":1,""index"":6,""launch"":1,""recovery"":21,""customers"":[3,12]}]",,,,,,,,,,,,,,33cae732436e27f2e125a4b852688a3264f8017f2ac4c96951d0a47651527cfc,7dcb6b02168cec68a36ee4a8c1bbd091085839be5fa41cf4302093c50dd7ed59,27e26aa2ffc98aa6bf768767244d914aff8cf148c1717ad539cda328cc310827
r102改20.xlsx,IALNS-final-frozen-20261002,R,102,20,155921,0.6,,,,,main_fixed8_full_ialns,4500,True,767.721361700718,True,543.3476402180066,40.00242719997186,39.75,0.18902729998808354,0.1875,6.879994180053473e-05,0.0,40.191523299901746,39.9375,120.0,412.058549561714,0.0,5.614737685880478,5.674352970412123,121.55137892139707,158.01470932507598,28.371764852060615,1,6,12,8,2.0,1,0.14036844214701194,21,2024,0.42090160003863275,0.421875,543.3476402180066,39.58152559993323,0.0,"[0, 2, 15, 13, 6, 8, 7, 10, 1, 21]","[{""drone"":1,""index"":1,""launch"":0,""recovery"":2,""customers"":[4]},{""drone"":1,""index"":2,""launch"":2,""recovery"":15,""customers"":[14]},{""drone"":1,""index"":3,""launch"":6,""recovery"":8,""customers"":[5,16,17]},{""drone"":1,""index"":4,""launch"":8,""recovery"":10,""customers"":[18,19,11]},{""drone"":1,""index"":5,""launch"":10,""recovery"":1,""customers"":[20,9]},{""drone"":1,""index"":6,""launch"":1,""recovery"":21,""customers"":[3,12]}]",,,,,,,,,,,,,,33cae732436e27f2e125a4b852688a3264f8017f2ac4c96951d0a47651527cfc,7dcb6b02168cec68a36ee4a8c1bbd091085839be5fa41cf4302093c50dd7ed59,27e26aa2ffc98aa6bf768767244d914aff8cf148c1717ad539cda328cc310827
r102改20.xlsx,IALNS-final-frozen-20261002,R,102,20,181081,0.6,,,,,main_fixed8_full_ialns,4500,True,847.4105591467381,True,543.3476402180066,39.32620460004546,38.953125,0.15438510000240058,0.15625,4.2899977415800095e-05,0.0,39.480632600025274,39.109375,120.0,412.058549561714,0.0,5.614737685880478,5.674352970412123,121.55137892139707,158.01470932507598,28.371764852060615,1,6,12,8,2.0,1,0.14036844214701194,23,3805,0.4261091999942437,0.421875,543.3476402180066,38.900095400051214,0.0,"[0, 2, 15, 13, 6, 8, 7, 10, 1, 21]","[{""drone"":1,""index"":1,""launch"":0,""recovery"":2,""customers"":[4]},{""drone"":1,""index"":2,""launch"":2,""recovery"":15,""customers"":[14]},{""drone"":1,""index"":3,""launch"":6,""recovery"":8,""customers"":[5,16,17]},{""drone"":1,""index"":4,""launch"":8,""recovery"":10,""customers"":[18,19,11]},{""drone"":1,""index"":5,""launch"":10,""recovery"":1,""customers"":[20,9]},{""drone"":1,""index"":6,""launch"":1,""recovery"":21,""customers"":[3,12]}]",,,,,,,,,,,,,,33cae732436e27f2e125a4b852688a3264f8017f2ac4c96951d0a47651527cfc,7dcb6b02168cec68a36ee4a8c1bbd091085839be5fa41cf4302093c50dd7ed59,27e26aa2ffc98aa6bf768767244d914aff8cf148c1717ad539cda328cc310827
r102改20.xlsx,IALNS-final-frozen-20261002,R,102,20,206369,0.6,,,,,main_fixed8_full_ialns,4500,True,853.7690024405866,True,543.3476402180066,41.01471469993703,40.71875,0.13847629993688315,0.140625,5.6999968364834785e-05,0.0,41.15324799984228,40.859375,120.0,412.058549561714,0.0,5.614737685880478,5.674352970412123,121.55137892139707,158.01470932507598,28.371764852060615,1,6,12,8,2.0,1,0.14036844214701194,26,580,0.5341150999302045,0.546875,543.3476402180066,40.480599600006826,0.0,"[0, 2, 15, 13, 6, 8, 7, 10, 1, 21]","[{""drone"":1,""index"":1,""launch"":0,""recovery"":2,""customers"":[4]},{""drone"":1,""index"":2,""launch"":2,""recovery"":15,""customers"":[14]},{""drone"":1,""index"":3,""launch"":6,""recovery"":8,""customers"":[5,16,17]},{""drone"":1,""index"":4,""launch"":8,""recovery"":10,""customers"":[18,19,11]},{""drone"":1,""index"":5,""launch"":10,""recovery"":1,""customers"":[20,9]},{""drone"":1,""index"":6,""launch"":1,""recovery"":21,""customers"":[3,12]}]",,,,,,,,,,,,,,33cae732436e27f2e125a4b852688a3264f8017f2ac4c96951d0a47651527cfc,7dcb6b02168cec68a36ee4a8c1bbd091085839be5fa41cf4302093c50dd7ed59,27e26aa2ffc98aa6bf768767244d914aff8cf148c1717ad539cda328cc310827
r102改20.xlsx,IALNS-final-frozen-20261002,R,102,20,231779,0.6,,,,,main_fixed8_full_ialns,4500,True,853.7690024405866,True,543.3476402180066,43.61479440005496,43.234375,0.12296629999764264,0.125,4.370009992271662e-05,0.0,43.73780440015253,43.359375,120.0,412.058549561714,0.0,5.614737685880478,5.674352970412123,121.55137892139707,158.01470932507598,28.371764852060615,1,6,12,8,2.0,1,0.14036844214701194,25,636,0.460452500032261,0.453125,543.3476402180066,43.1543419000227,0.0,"[0, 2, 15, 13, 6, 8, 7, 10, 1, 21]","[{""drone"":1,""index"":1,""launch"":0,""recovery"":2,""customers"":[4]},{""drone"":1,""index"":2,""launch"":2,""recovery"":15,""customers"":[14]},{""drone"":1,""index"":3,""launch"":6,""recovery"":8,""customers"":[5,16,17]},{""drone"":1,""index"":4,""launch"":8,""recovery"":10,""customers"":[18,19,11]},{""drone"":1,""index"":5,""launch"":10,""recovery"":1,""customers"":[20,9]},{""drone"":1,""index"":6,""launch"":1,""recovery"":21,""customers"":[3,12]}]",,,,,,,,,,,,,,33cae732436e27f2e125a4b852688a3264f8017f2ac4c96951d0a47651527cfc,7dcb6b02168cec68a36ee4a8c1bbd091085839be5fa41cf4302093c50dd7ed59,27e26aa2ffc98aa6bf768767244d914aff8cf148c1717ad539cda328cc310827
r102改20.xlsx,IALNS-final-frozen-20261002,R,102,20,257053,0.6,,,,,main_fixed8_full_ialns,4500,True,853.7690024405866,True,543.3476402180066,43.472402399987914,43.109375,0.11923240008763969,0.125,4.3199979700148106e-05,0.0,43.59167800005525,43.234375,120.0,412.058549561714,0.0,5.614737685880478,5.674352970412123,121.55137892139707,158.01470932507598,28.371764852060615,1,6,12,8,2.0,1,0.14036844214701194,10,549,0.4830809999257326,0.484375,543.3476402180066,42.98932140006218,0.0,"[0, 2, 15, 13, 6, 8, 7, 10, 1, 21]","[{""drone"":1,""index"":1,""launch"":0,""recovery"":2,""customers"":[4]},{""drone"":1,""index"":2,""launch"":2,""recovery"":15,""customers"":[14]},{""drone"":1,""index"":3,""launch"":6,""recovery"":8,""customers"":[5,16,17]},{""drone"":1,""index"":4,""launch"":8,""recovery"":10,""customers"":[18,19,11]},{""drone"":1,""index"":5,""launch"":10,""recovery"":1,""customers"":[20,9]},{""drone"":1,""index"":6,""launch"":1,""recovery"":21,""customers"":[3,12]}]",,,,,,,,,,,,,,33cae732436e27f2e125a4b852688a3264f8017f2ac4c96951d0a47651527cfc,7dcb6b02168cec68a36ee4a8c1bbd091085839be5fa41cf4302093c50dd7ed59,27e26aa2ffc98aa6bf768767244d914aff8cf148c1717ad539cda328cc310827
r102改20.xlsx,IALNS-final-frozen-20261002,R,102,20,282427,0.6,,,,,main_fixed8_full_ialns,4500,True,833.6873470732717,True,543.3476402180066,37.78316180000547,36.234375,0.12515420001000166,0.109375,4.429998807609081e-05,0.0,37.90836030000355,36.34375,120.0,412.058549561714,0.0,5.614737685880478,5.674352970412123,121.55137892139707,158.01470932507598,28.371764852060615,1,6,12,8,2.0,1,0.14036844214701194,24,834,0.4214572999626398,0.40625,543.3476402180066,37.36170450004283,0.0,"[0, 2, 15, 13, 6, 8, 7, 10, 1, 21]","[{""drone"":1,""index"":1,""launch"":0,""recovery"":2,""customers"":[4]},{""drone"":1,""index"":2,""launch"":2,""recovery"":15,""customers"":[14]},{""drone"":1,""index"":3,""launch"":6,""recovery"":8,""customers"":[5,16,17]},{""drone"":1,""index"":4,""launch"":8,""recovery"":10,""customers"":[18,19,11]},{""drone"":1,""index"":5,""launch"":10,""recovery"":1,""customers"":[20,9]},{""drone"":1,""index"":6,""launch"":1,""recovery"":21,""customers"":[3,12]}]",,,,,,,,,,,,,,33cae732436e27f2e125a4b852688a3264f8017f2ac4c96951d0a47651527cfc,7dcb6b02168cec68a36ee4a8c1bbd091085839be5fa41cf4302093c50dd7ed59,27e26aa2ffc98aa6bf768767244d914aff8cf148c1717ad539cda328cc310827
r102改20.xlsx,IALNS-final-frozen-20261002,R,102,20,307831,0.6,,,,,main_fixed8_full_ialns,4500,True,828.3005683779276,True,543.3476402180066,39.42671130003873,38.953125,0.13047540001571178,0.125,4.2499974370002747e-05,0.0,39.557229200028814,39.078125,120.0,412.058549561714,0.0,5.614737685880478,5.674352970412123,121.55137892139707,158.01470932507598,28.371764852060615,1,6,12,8,2.0,1,0.14036844214701194,22,1000,0.4464614000171423,0.453125,543.3476402180066,38.98024990002159,0.0,"[0, 2, 15, 13, 6, 8, 7, 10, 1, 21]","[{""drone"":1,""index"":1,""launch"":0,""recovery"":2,""customers"":[4]},{""drone"":1,""index"":2,""launch"":2,""recovery"":15,""customers"":[14]},{""drone"":1,""index"":3,""launch"":6,""recovery"":8,""customers"":[5,16,17]},{""drone"":1,""index"":4,""launch"":8,""recovery"":10,""customers"":[18,19,11]},{""drone"":1,""index"":5,""launch"":10,""recovery"":1,""customers"":[20,9]},{""drone"":1,""index"":6,""launch"":1,""recovery"":21,""customers"":[3,12]}]",,,,,,,,,,,,,,33cae732436e27f2e125a4b852688a3264f8017f2ac4c96951d0a47651527cfc,7dcb6b02168cec68a36ee4a8c1bbd091085839be5fa41cf4302093c50dd7ed59,27e26aa2ffc98aa6bf768767244d914aff8cf148c1717ad539cda328cc310827
r102改20.xlsx,IALNS-final-frozen-20261002,R,102,20,333287,0.6,,,,,main_fixed8_full_ialns,4500,True,853.7690024405866,True,543.3476402180066,38.924495400046,37.984375,0.13747620000503957,0.140625,4.409998655319214e-05,0.0,39.06201570003759,38.125,120.0,412.058549561714,0.0,5.614737685880478,5.674352970412123,121.55137892139707,158.01470932507598,28.371764852060615,1,6,12,8,2.0,1,0.14036844214701194,21,2395,0.5063590999925509,0.484375,543.3476402180066,38.41813630005345,0.0,"[0, 2, 15, 13, 6, 8, 7, 10, 1, 21]","[{""drone"":1,""index"":1,""launch"":0,""recovery"":2,""customers"":[4]},{""drone"":1,""index"":2,""launch"":2,""recovery"":15,""customers"":[14]},{""drone"":1,""index"":3,""launch"":6,""recovery"":8,""customers"":[5,16,17]},{""drone"":1,""index"":4,""launch"":8,""recovery"":10,""customers"":[18,19,11]},{""drone"":1,""index"":5,""launch"":10,""recovery"":1,""customers"":[20,9]},{""drone"":1,""index"":6,""launch"":1,""recovery"":21,""customers"":[3,12]}]",,,,,,,,,,,,,,33cae732436e27f2e125a4b852688a3264f8017f2ac4c96951d0a47651527cfc,7dcb6b02168cec68a36ee4a8c1bbd091085839be5fa41cf4302093c50dd7ed59,27e26aa2ffc98aa6bf768767244d914aff8cf148c1717ad539cda328cc310827
rc102改20.xlsx,IALNS-final-frozen-20261002,RC,102,20,104729,0.6,,,,,main_fixed8_full_ialns,4500,True,783.4982292218544,True,660.9389506610894,37.823152699973434,37.578125,0.03255999996326864,0.046875,4.20999713242054e-05,0.0,37.85575479990803,37.625,140.0,505.5726566941368,5.22863154753628,3.0183922605713143,7.1192701588449925,159.24985109490714,92.74367803138423,35.59635079422496,2,6,12,8,2.0,1,0.07545980651428286,25,4495,0.13478350010700524,0.125,660.9389506610894,37.68836919986643,0.0,"[0, 2, 6, 7, 17, 11, 9, 18, 19, 21]","[{""drone"":1,""index"":1,""launch"":2,""recovery"":6,""customers"":[3,4]},{""drone"":1,""index"":2,""launch"":6,""recovery"":7,""customers"":[1,5,8]},{""drone"":1,""index"":3,""launch"":7,""recovery"":17,""customers"":[12,14]},{""drone"":1,""index"":4,""launch"":17,""recovery"":11,""customers"":[16,15,13]},{""drone"":1,""index"":5,""launch"":11,""recovery"":9,""customers"":[10]},{""drone"":2,""index"":1,""launch"":0,""recovery"":19,""customers"":[20]}]",,,,,,,,,,,,,,33cae732436e27f2e125a4b852688a3264f8017f2ac4c96951d0a47651527cfc,f5c2053fd6f6024fec126566011027e653b82ac6ce07673fa9adf866b98458b3,db70bf887cf90312030ff025e77387ca74480a0fae83c18288a6ffcb0a00ed44
rc102改20.xlsx,IALNS-final-frozen-20261002,RC,102,20,130363,0.6,,,,,main_fixed8_full_ialns,4500,True,783.4982292218544,True,659.508836363459,39.32280680001713,38.953125,0.03433209995273501,0.03125,6.779993418604136e-05,0.0,39.357206699904054,38.984375,140.0,506.3634009601709,6.0179612128204845,0.0,7.127474190467511,159.31032262849047,94.77477691566494,35.637370952337555,2,6,12,8,2.0,0,0.0,14,3285,0.11674100009258837,0.125,659.508836363459,39.206065799924545,0.0,"[0, 2, 6, 7, 17, 11, 10, 18, 19, 21]","[{""drone"":1,""index"":1,""launch"":2,""recovery"":6,""customers"":[3,4]},{""drone"":1,""index"":2,""launch"":6,""recovery"":7,""customers"":[1,5,8]},{""drone"":1,""index"":3,""launch"":7,""recovery"":17,""customers"":[12,14]},{""drone"":1,""index"":4,""launch"":17,""recovery"":11,""customers"":[16,15,13]},{""drone"":1,""index"":5,""launch"":11,""recovery"":10,""customers"":[9]},{""drone"":2,""index"":1,""launch"":0,""recovery"":19,""customers"":[20]}]",,,,,,,,,,,,,,33cae732436e27f2e125a4b852688a3264f8017f2ac4c96951d0a47651527cfc,f5c2053fd6f6024fec126566011027e653b82ac6ce07673fa9adf866b98458b3,db70bf887cf90312030ff025e77387ca74480a0fae83c18288a6ffcb0a00ed44
rc102改20.xlsx,IALNS-final-frozen-20261002,RC,102,20,155921,0.6,,,,,main_fixed8_full_ialns,4500,True,783.4982292218544,True,659.508836363459,34.15202220005449,33.875,0.03148639993742108,0.03125,7.419998291879892e-05,0.0,34.18358279997483,33.90625,140.0,506.3634009601709,6.0179612128204845,0.0,7.127474190467511,159.31032262849047,94.77477691566494,35.637370952337555,2,6,12,8,2.0,0,0.0,16,1663,0.12504079996142536,0.125,659.508836363459,34.026981400093064,0.0,"[0, 2, 6, 7, 17, 11, 10, 18, 19, 21]","[{""drone"":1,""index"":1,""launch"":2,""recovery"":6,""customers"":[3,4]},{""drone"":1,""index"":2,""launch"":6,""recovery"":7,""customers"":[1,5,8]},{""drone"":1,""index"":3,""launch"":7,""recovery"":17,""customers"":[12,14]},{""drone"":1,""index"":4,""launch"":17,""recovery"":11,""customers"":[16,15,13]},{""drone"":1,""index"":5,""launch"":11,""recovery"":10,""customers"":[9]},{""drone"":2,""index"":1,""launch"":0,""recovery"":19,""customers"":[20]}]",,,,,,,,,,,,,,33cae732436e27f2e125a4b852688a3264f8017f2ac4c96951d0a47651527cfc,f5c2053fd6f6024fec126566011027e653b82ac6ce07673fa9adf866b98458b3,db70bf887cf90312030ff025e77387ca74480a0fae83c18288a6ffcb0a00ed44
rc102改20.xlsx,IALNS-final-frozen-20261002,RC,102,20,181081,0.6,,,,,main_fixed8_full_ialns,4500,True,783.4982292218544,True,659.508836363459,36.974711399991065,36.453125,0.030034600058570504,0.03125,4.1499966755509377e-05,0.0,37.00478750001639,36.484375,140.0,506.3634009601709,6.0179612128204845,0.0,7.127474190467511,159.31032262849047,94.77477691566494,35.637370952337555,2,6,12,8,2.0,0,0.0,13,900,0.14043769997078925,0.140625,659.508836363459,36.834273700020276,0.0,"[0, 2, 6, 7, 17, 11, 10, 18, 19, 21]","[{""drone"":1,""index"":1,""launch"":0,""recovery"":19,""customers"":[20]},{""drone"":2,""index"":1,""launch"":2,""recovery"":6,""customers"":[3,4]},{""drone"":2,""index"":2,""launch"":6,""recovery"":7,""customers"":[1,5,8]},{""drone"":2,""index"":3,""launch"":7,""recovery"":17,""customers"":[12,14]},{""drone"":2,""index"":4,""launch"":17,""recovery"":11,""customers"":[16,15,13]},{""drone"":2,""index"":5,""launch"":11,""recovery"":10,""customers"":[9]}]",,,,,,,,,,,,,,33cae732436e27f2e125a4b852688a3264f8017f2ac4c96951d0a47651527cfc,f5c2053fd6f6024fec126566011027e653b82ac6ce07673fa9adf866b98458b3,db70bf887cf90312030ff025e77387ca74480a0fae83c18288a6ffcb0a00ed44
rc102改20.xlsx,IALNS-final-frozen-20261002,RC,102,20,206369,0.6,,,,,main_fixed8_full_ialns,4500,True,783.4982292218544,True,659.508836363459,36.77894569991622,36.5625,0.032062800019048154,0.015625,4.0899962186813354e-05,0.0,36.811049399897456,36.578125,140.0,506.3634009601709,6.0179612128204845,0.0,7.127474190467511,159.31032262849047,94.77477691566494,35.637370952337555,2,6,12,8,2.0,0,0.0,24,2728,0.15566400007810444,0.15625,659.508836363459,36.62328169983812,0.0,"[0, 2, 6, 7, 17, 11, 10, 18, 19, 21]","[{""drone"":1,""index"":1,""launch"":0,""recovery"":19,""customers"":[20]},{""drone"":2,""index"":1,""launch"":2,""recovery"":6,""customers"":[3,4]},{""drone"":2,""index"":2,""launch"":6,""recovery"":7,""customers"":[1,5,8]},{""drone"":2,""index"":3,""launch"":7,""recovery"":17,""customers"":[12,14]},{""drone"":2,""index"":4,""launch"":17,""recovery"":11,""customers"":[16,15,13]},{""drone"":2,""index"":5,""launch"":11,""recovery"":10,""customers"":[9]}]",,,,,,,,,,,,,,33cae732436e27f2e125a4b852688a3264f8017f2ac4c96951d0a47651527cfc,f5c2053fd6f6024fec126566011027e653b82ac6ce07673fa9adf866b98458b3,db70bf887cf90312030ff025e77387ca74480a0fae83c18288a6ffcb0a00ed44
rc102改20.xlsx,IALNS-final-frozen-20261002,RC,102,20,231779,0.6,,,,,main_fixed8_full_ialns,4500,True,783.4982292218544,True,659.508836363459,37.10885590000544,36.828125,0.029004400013945997,0.03125,4.279997665435076e-05,0.0,37.13790309999604,36.859375,140.0,506.3634009601709,6.0179612128204845,0.0,7.127474190467511,159.31032262849047,94.77477691566494,35.637370952337555,2,6,12,8,2.0,0,0.0,19,1909,0.1277229000115767,0.125,659.508836363459,36.98113299999386,0.0,"[0, 2, 6, 7, 17, 11, 10, 18, 19, 21]","[{""drone"":1,""index"":1,""launch"":2,""recovery"":6,""customers"":[3,4]},{""drone"":1,""index"":2,""launch"":6,""recovery"":7,""customers"":[1,5,8]},{""drone"":1,""index"":3,""launch"":7,""recovery"":17,""customers"":[12,14]},{""drone"":1,""index"":4,""launch"":17,""recovery"":11,""customers"":[16,15,13]},{""drone"":1,""index"":5,""launch"":11,""recovery"":10,""customers"":[9]},{""drone"":2,""index"":1,""launch"":0,""recovery"":19,""customers"":[20]}]",,,,,,,,,,,,,,33cae732436e27f2e125a4b852688a3264f8017f2ac4c96951d0a47651527cfc,f5c2053fd6f6024fec126566011027e653b82ac6ce07673fa9adf866b98458b3,db70bf887cf90312030ff025e77387ca74480a0fae83c18288a6ffcb0a00ed44
rc102改20.xlsx,IALNS-final-frozen-20261002,RC,102,20,257053,0.6,,,,,main_fixed8_full_ialns,4500,True,783.4982292218544,True,659.508836363459,36.40741079999134,36.015625,0.03258909995201975,0.046875,5.000003147870302e-05,0.0,36.44004989997484,36.0625,140.0,506.3634009601709,6.0179612128204845,0.0,7.127474190467511,159.31032262849047,94.77477691566494,35.637370952337555,2,6,12,8,2.0,0,0.0,21,4173,0.12076429999433458,0.109375,659.508836363459,36.286646499997005,0.0,"[0, 2, 6, 7, 17, 11, 10, 18, 19, 21]","[{""drone"":1,""index"":1,""launch"":2,""recovery"":6,""customers"":[3,4]},{""drone"":1,""index"":2,""launch"":6,""recovery"":7,""customers"":[1,5,8]},{""drone"":1,""index"":3,""launch"":7,""recovery"":17,""customers"":[12,14]},{""drone"":1,""index"":4,""launch"":17,""recovery"":11,""customers"":[16,15,13]},{""drone"":1,""index"":5,""launch"":11,""recovery"":10,""customers"":[9]},{""drone"":2,""index"":1,""launch"":0,""recovery"":19,""customers"":[20]}]",,,,,,,,,,,,,,33cae732436e27f2e125a4b852688a3264f8017f2ac4c96951d0a47651527cfc,f5c2053fd6f6024fec126566011027e653b82ac6ce07673fa9adf866b98458b3,db70bf887cf90312030ff025e77387ca74480a0fae83c18288a6ffcb0a00ed44
rc102改20.xlsx,IALNS-final-frozen-20261002,RC,102,20,282427,0.6,,,,,main_fixed8_full_ialns,4500,True,783.4982292218544,True,659.508836363459,37.21712839999236,36.9375,0.029799000010825694,0.015625,4.549999721348286e-05,0.0,37.2469729000004,36.953125,140.0,506.3634009601709,6.0179612128204845,0.0,7.127474190467511,159.31032262849047,94.77477691566494,35.637370952337555,2,6,12,8,2.0,0,0.0,18,2438,0.11637270008213818,0.109375,659.508836363459,37.10075569991022,0.0,"[0, 2, 6, 7, 17, 11, 10, 18, 19, 21]","[{""drone"":1,""index"":1,""launch"":2,""recovery"":6,""customers"":[3,4]},{""drone"":1,""index"":2,""launch"":6,""recovery"":7,""customers"":[1,5,8]},{""drone"":1,""index"":3,""launch"":7,""recovery"":17,""customers"":[12,14]},{""drone"":1,""index"":4,""launch"":17,""recovery"":11,""customers"":[16,15,13]},{""drone"":1,""index"":5,""launch"":11,""recovery"":10,""customers"":[9]},{""drone"":2,""index"":1,""launch"":0,""recovery"":19,""customers"":[20]}]",,,,,,,,,,,,,,33cae732436e27f2e125a4b852688a3264f8017f2ac4c96951d0a47651527cfc,f5c2053fd6f6024fec126566011027e653b82ac6ce07673fa9adf866b98458b3,db70bf887cf90312030ff025e77387ca74480a0fae83c18288a6ffcb0a00ed44
rc102改20.xlsx,IALNS-final-frozen-20261002,RC,102,20,307831,0.6,,,,,main_fixed8_full_ialns,4500,True,783.4982292218544,True,659.508836363459,39.06086940004025,37.34375,0.034253900055773556,0.03125,4.429998807609081e-05,0.0,39.095167600084096,37.375,140.0,506.3634009601709,6.0179612128204845,0.0,7.127474190467511,159.31032262849047,94.77477691566494,35.637370952337555,2,6,12,8,2.0,0,0.0,17,1575,0.12046340003143996,0.125,659.508836363459,38.94040600000881,0.0,"[0, 2, 6, 7, 17, 11, 10, 18, 19, 21]","[{""drone"":1,""index"":1,""launch"":2,""recovery"":6,""customers"":[3,4]},{""drone"":1,""index"":2,""launch"":6,""recovery"":7,""customers"":[1,5,8]},{""drone"":1,""index"":3,""launch"":7,""recovery"":17,""customers"":[12,14]},{""drone"":1,""index"":4,""launch"":17,""recovery"":11,""customers"":[16,15,13]},{""drone"":1,""index"":5,""launch"":11,""recovery"":10,""customers"":[9]},{""drone"":2,""index"":1,""launch"":0,""recovery"":19,""customers"":[20]}]",,,,,,,,,,,,,,33cae732436e27f2e125a4b852688a3264f8017f2ac4c96951d0a47651527cfc,f5c2053fd6f6024fec126566011027e653b82ac6ce07673fa9adf866b98458b3,db70bf887cf90312030ff025e77387ca74480a0fae83c18288a6ffcb0a00ed44
rc102改20.xlsx,IALNS-final-frozen-20261002,RC,102,20,333287,0.6,,,,,main_fixed8_full_ialns,4500,True,783.4982292218544,True,659.508836363459,34.88472589990124,34.125,0.03121289995033294,0.03125,6.009999196976423e-05,0.0,34.915998899843544,34.15625,140.0,506.3634009601709,6.0179612128204845,0.0,7.127474190467511,159.31032262849047,94.77477691566494,35.637370952337555,2,6,12,8,2.0,0,0.0,31,1795,0.11842309997882694,0.125,659.508836363459,34.766302799922414,0.0,"[0, 2, 6, 7, 17, 11, 10, 18, 19, 21]","[{""drone"":1,""index"":1,""launch"":0,""recovery"":19,""customers"":[20]},{""drone"":2,""index"":1,""launch"":2,""recovery"":6,""customers"":[3,4]},{""drone"":2,""index"":2,""launch"":6,""recovery"":7,""customers"":[1,5,8]},{""drone"":2,""index"":3,""launch"":7,""recovery"":17,""customers"":[12,14]},{""drone"":2,""index"":4,""launch"":17,""recovery"":11,""customers"":[16,15,13]},{""drone"":2,""index"":5,""launch"":11,""recovery"":10,""customers"":[9]}]",,,,,,,,,,,,,,33cae732436e27f2e125a4b852688a3264f8017f2ac4c96951d0a47651527cfc,f5c2053fd6f6024fec126566011027e653b82ac6ce07673fa9adf866b98458b3,db70bf887cf90312030ff025e77387ca74480a0fae83c18288a6ffcb0a00ed44
c102改50.xlsx,IALNS-final-frozen-20261002,C,102,50,104729,0.6,,,,,main_fixed8_full_ialns,4500,True,1047.3741400002027,True,642.8587153040249,367.1946783999447,364.4375,0.5161620000144467,0.515625,6.089999806135893e-05,0.0,367.7109012999572,364.953125,160.0,471.6004665821429,2.94400415404013,1.8599931305221595,6.4542514373197,136.53894150483143,206.61214022549527,32.2712571865985,3,16,34,16,2.125,1,0.04649982826305399,39,3917,0.5413374999770895,0.53125,642.8587153040249,366.6533408999676,1.1368683772161603e-13,"[0, 3, 6, 8, 10, 13, 36, 37, 33, 32, 50, 46, 42, 43, 20, 22, 23, 51]","[{""drone"":1,""index"":1,""launch"":3,""recovery"":6,""customers"":[4]},{""drone"":1,""index"":2,""launch"":10,""recovery"":13,""customers"":[15]},{""drone"":1,""index"":3,""launch"":36,""recovery"":37,""customers"":[39,38]},{""drone"":1,""index"":4,""launch"":33,""recovery"":22,""customers"":[35,31,29,27,24,21]},{""drone"":1,""index"":5,""launch"":22,""recovery"":23,""customers"":[26]},{""drone"":1,""index"":6,""launch"":23,""recovery"":51,""customers"":[28,30,7]},{""drone"":2,""index"":1,""launch"":3,""recovery"":6,""customers"":[2,1]},{""drone"":2,""index"":2,""launch"":10,""recovery"":13,""customers"":[11,19,18,17]},{""drone"":2,""index"":3,""launch"":36,""recovery"":33,""customers"":[34]},{""drone"":2,""index"":4,""launch"":50,""recovery"":46,""customers"":[49,47]},{""drone"":2,""index"":5,""launch"":46,""recovery"":42,""customers"":[48,45,44]},{""drone"":2,""index"":6,""launch"":42,""recovery"":43,""customers"":[40,41]},{""drone"":2,""index"":7,""launch"":22,""recovery"":23,""customers"":[25]},{""drone"":2,""index"":8,""launch"":23,""recovery"":51,""customers"":[9,5]},{""drone"":3,""index"":1,""launch"":8,""recovery"":13,""customers"":[12]},{""drone"":3,""index"":2,""launch"":13,""recovery"":23,""customers"":[16,14]}]",,,,,,,,,,,,,,33cae732436e27f2e125a4b852688a3264f8017f2ac4c96951d0a47651527cfc,516e3a0e2b4401dede18b28e0ba612cf3e61ecf1bcde1e895d52a579aaeaf122,057686e3053ab6b8f3ed3ab4b4ddfa34278ac1f018a0cf85fdef457cfd336ac1
c102改50.xlsx,IALNS-final-frozen-20261002,C,102,50,130363,0.6,,,,,main_fixed8_full_ialns,4500,True,1047.3741400002027,True,617.8274793017495,386.1314865000313,384.6875,0.494969499995932,0.5,5.339994095265865e-05,0.0,386.6265093999682,385.1875,160.0,398.3415704934975,25.348804551618873,28.714117361439193,5.4229868951938585,113.48492069456859,192.95602803263895,27.114934475969292,3,14,33,17,2.357142857142857,1,0.7178529340359798,49,4015,0.6142245000228286,0.609375,617.8274793017495,385.5172620000085,0.0,"[0, 7, 6, 8, 11, 10, 23, 22, 25, 29, 34, 36, 37, 33, 32, 50, 42, 43, 51]","[{""drone"":1,""index"":1,""launch"":7,""recovery"":6,""customers"":[3]},{""drone"":1,""index"":2,""launch"":6,""recovery"":11,""customers"":[12]},{""drone"":1,""index"":3,""launch"":11,""recovery"":10,""customers"":[15,19]},{""drone"":1,""index"":4,""launch"":23,""recovery"":25,""customers"":[26]},{""drone"":1,""index"":5,""launch"":25,""recovery"":29,""customers"":[27,28,30]},{""drone"":1,""index"":6,""launch"":36,""recovery"":32,""customers"":[39,38,35,31]},{""drone"":1,""index"":7,""launch"":42,""recovery"":43,""customers"":[40,41]},{""drone"":2,""index"":1,""launch"":7,""recovery"":6,""customers"":[5,1,2]},{""drone"":2,""index"":2,""launch"":6,""recovery"":8,""customers"":[4,9]},{""drone"":2,""index"":3,""launch"":11,""recovery"":10,""customers"":[13,17,18]},{""drone"":2,""index"":4,""launch"":23,""recovery"":22,""customers"":[21,20]},{""drone"":2,""index"":5,""launch"":25,""recovery"":42,""customers"":[24,46,48,45,44]},{""drone"":3,""index"":1,""launch"":11,""recovery"":10,""customers"":[16,14]},{""drone"":3,""index"":2,""launch"":22,""recovery"":43,""customers"":[49,47]}]",,,,,,,,,,,,,,33cae732436e27f2e125a4b852688a3264f8017f2ac4c96951d0a47651527cfc,516e3a0e2b4401dede18b28e0ba612cf3e61ecf1bcde1e895d52a579aaeaf122,057686e3053ab6b8f3ed3ab4b4ddfa34278ac1f018a0cf85fdef457cfd336ac1
c102改50.xlsx,IALNS-final-frozen-20261002,C,102,50,155921,0.6,,,,,main_fixed8_full_ialns,4500,True,1047.3741400002027,True,617.3501076421062,371.50847779994365,368.6875,0.5961670000106096,0.609375,4.409998655319214e-05,0.0,372.1046888999408,369.296875,160.0,397.66835784937143,25.563911195959687,28.714117361439193,5.403721235335837,112.6431523740634,199.12966909060393,27.018606176679185,3,15,35,15,2.3333333333333335,1,0.7178529340359798,70,4500,1.1372206000378355,1.140625,617.6805615546359,370.3712571999058,0.0,"[0, 7, 6, 11, 10, 23, 22, 25, 29, 34, 36, 37, 33, 32, 42, 43, 51]","[{""drone"":1,""index"":1,""launch"":7,""recovery"":6,""customers"":[5,1,2]},{""drone"":1,""index"":2,""launch"":6,""recovery"":11,""customers"":[9,8]},{""drone"":1,""index"":3,""launch"":11,""recovery"":10,""customers"":[16,14]},{""drone"":1,""index"":4,""launch"":23,""recovery"":25,""customers"":[21,20,24]},{""drone"":1,""index"":5,""launch"":36,""recovery"":32,""customers"":[39,38,35,31]},{""drone"":1,""index"":6,""launch"":42,""recovery"":43,""customers"":[40,41]},{""drone"":2,""index"":1,""launch"":7,""recovery"":6,""customers"":[3]},{""drone"":2,""index"":2,""launch"":6,""recovery"":11,""customers"":[12]},{""drone"":2,""index"":3,""launch"":11,""recovery"":10,""customers"":[15,19]},{""drone"":2,""index"":4,""launch"":23,""recovery"":25,""customers"":[26]},{""drone"":2,""index"":5,""launch"":29,""recovery"":43,""customers"":[49,47]},{""drone"":3,""index"":1,""launch"":7,""recovery"":6,""customers"":[4]},{""drone"":3,""index"":2,""launch"":11,""recovery"":10,""customers"":[13,17,18]},{""drone"":3,""index"":3,""launch"":23,""recovery"":25,""customers"":[28,30,27]},{""drone"":3,""index"":4,""launch"":29,""recovery"":42,""customers"":[50,48,45,46,44]}]",,,,,,,,,,,,,,33cae732436e27f2e125a4b852688a3264f8017f2ac4c96951d0a47651527cfc,516e3a0e2b4401dede18b28e0ba612cf3e61ecf1bcde1e895d52a579aaeaf122,057686e3053ab6b8f3ed3ab4b4ddfa34278ac1f018a0cf85fdef457cfd336ac1
c102改50.xlsx,IALNS-final-frozen-20261002,C,102,50,181081,0.6,,,,,main_fixed8_full_ialns,4500,True,1047.3741400002027,True,607.8166444143332,413.67006249993574,410.40625,0.4814681001007557,0.421875,4.680000711232424e-05,0.0,414.1515774000436,410.828125,140.0,401.58131359016943,26.535688418715083,34.25440288795231,5.445239517496396,113.00166344796476,208.5877441542505,27.226197587481977,2,15,34,16,2.2666666666666666,3,0.8563600721988078,47,3574,0.4557226999895647,0.453125,607.8166444143332,413.2143397999462,-1.1368683772161603e-13,"[0, 7, 6, 8, 11, 10, 23, 22, 25, 29, 34, 36, 37, 33, 32, 42, 43, 51]","[{""drone"":1,""index"":1,""launch"":7,""recovery"":8,""customers"":[2,1,5]},{""drone"":1,""index"":2,""launch"":8,""recovery"":11,""customers"":[15,19]},{""drone"":1,""index"":3,""launch"":11,""recovery"":10,""customers"":[12]},{""drone"":1,""index"":4,""launch"":23,""recovery"":25,""customers"":[26]},{""drone"":1,""index"":5,""launch"":25,""recovery"":29,""customers"":[27,28,30]},{""drone"":1,""index"":6,""launch"":36,""recovery"":33,""customers"":[39,38,35,31]},{""drone"":1,""index"":7,""launch"":33,""recovery"":42,""customers"":[49,50,45]},{""drone"":1,""index"":8,""launch"":42,""recovery"":43,""customers"":[40,41]},{""drone"":2,""index"":1,""launch"":7,""recovery"":6,""customers"":[3]},{""drone"":2,""index"":2,""launch"":6,""recovery"":8,""customers"":[4,9]},{""drone"":2,""index"":3,""launch"":8,""recovery"":11,""customers"":[16,14]},{""drone"":2,""index"":4,""launch"":11,""recovery"":23,""customers"":[13,17,18]},{""drone"":2,""index"":5,""launch"":22,""recovery"":25,""customers"":[24]},{""drone"":2,""index"":6,""launch"":25,""recovery"":42,""customers"":[21,20,47,48,46]},{""drone"":2,""index"":7,""launch"":42,""recovery"":43,""customers"":[44]}]",,,,,,,,,,,,,,33cae732436e27f2e125a4b852688a3264f8017f2ac4c96951d0a47651527cfc,516e3a0e2b4401dede18b28e0ba612cf3e61ecf1bcde1e895d52a579aaeaf122,057686e3053ab6b8f3ed3ab4b4ddfa34278ac1f018a0cf85fdef457cfd336ac1
c102改50.xlsx,IALNS-final-frozen-20261002,C,102,50,206369,0.6,,,,,main_fixed8_full_ialns,4500,True,938.3928952909412,True,642.1727335290738,400.34715809999034,397.0625,0.5587689999956638,0.5625,4.290009383112192e-05,0.0,400.90597000007983,397.625,160.0,471.42360123064253,2.9323950356358464,1.3693700670618725,6.447367195733474,136.20049629523618,209.40704114977981,32.236835978667365,3,16,35,15,2.1875,1,0.03423425167654681,54,4500,1.029741600039415,1.03125,642.242700102883,399.3174164999509,0.0,"[0, 3, 6, 8, 10, 13, 36, 37, 33, 32, 49, 42, 43, 20, 22, 23, 51]","[{""drone"":1,""index"":1,""launch"":3,""recovery"":6,""customers"":[4]},{""drone"":1,""index"":2,""launch"":10,""recovery"":13,""customers"":[11,19,18,17]},{""drone"":1,""index"":3,""launch"":36,""recovery"":37,""customers"":[39,38]},{""drone"":1,""index"":4,""launch"":49,""recovery"":42,""customers"":[50,48,46,45,44]},{""drone"":1,""index"":5,""launch"":42,""recovery"":43,""customers"":[40,41]},{""drone"":1,""index"":6,""launch"":20,""recovery"":22,""customers"":[21]},{""drone"":1,""index"":7,""launch"":22,""recovery"":23,""customers"":[25]},{""drone"":1,""index"":8,""launch"":23,""recovery"":51,""customers"":[28,30,7]},{""drone"":2,""index"":1,""launch"":3,""recovery"":6,""customers"":[2,1]},{""drone"":2,""index"":2,""launch"":10,""recovery"":13,""customers"":[15]},{""drone"":2,""index"":3,""launch"":13,""recovery"":23,""customers"":[16,14]},{""drone"":2,""index"":4,""launch"":23,""recovery"":51,""customers"":[9,5]},{""drone"":3,""index"":1,""launch"":8,""recovery"":13,""customers"":[12]},{""drone"":3,""index"":2,""launch"":36,""recovery"":32,""customers"":[34,35,31]},{""drone"":3,""index"":3,""launch"":49,""recovery"":22,""customers"":[47,29,27,24]},{""drone"":3,""index"":4,""launch"":22,""recovery"":23,""customers"":[26]}]",,,,,,,,,,,,,,33cae732436e27f2e125a4b852688a3264f8017f2ac4c96951d0a47651527cfc,516e3a0e2b4401dede18b28e0ba612cf3e61ecf1bcde1e895d52a579aaeaf122,057686e3053ab6b8f3ed3ab4b4ddfa34278ac1f018a0cf85fdef457cfd336ac1
c102改50.xlsx,IALNS-final-frozen-20261002,C,102,50,231779,0.6,,,,,main_fixed8_full_ialns,4500,True,1047.3741400002027,True,645.7050139613419,385.4753194999648,378.34375,0.5491687000030652,0.53125,4.650000482797623e-05,0.0,386.0245346999727,378.875,160.0,475.3904611630602,2.665763943087013,1.142074820352157,6.506714034842564,137.67441001445195,207.8907703990145,32.53357017421282,3,15,35,15,2.3333333333333335,1,0.028551870508803923,41,4164,0.47995790001004934,0.46875,645.7050139613419,384.9953615999548,0.0,"[0, 3, 6, 8, 10, 17, 36, 37, 33, 32, 49, 42, 43, 20, 22, 23, 51]","[{""drone"":1,""index"":1,""launch"":3,""recovery"":6,""customers"":[2]},{""drone"":1,""index"":2,""launch"":8,""recovery"":10,""customers"":[11]},{""drone"":1,""index"":3,""launch"":10,""recovery"":17,""customers"":[15,19]},{""drone"":1,""index"":4,""launch"":17,""recovery"":36,""customers"":[18,30,29,34]},{""drone"":1,""index"":5,""launch"":36,""recovery"":32,""customers"":[39,38,35,31]},{""drone"":1,""index"":6,""launch"":49,""recovery"":42,""customers"":[50,48,46,45,44]},{""drone"":1,""index"":7,""launch"":42,""recovery"":43,""customers"":[40,41]},{""drone"":1,""index"":8,""launch"":20,""recovery"":22,""customers"":[21,26]},{""drone"":1,""index"":9,""launch"":22,""recovery"":23,""customers"":[25]},{""drone"":1,""index"":10,""launch"":23,""recovery"":51,""customers"":[9,5]},{""drone"":2,""index"":1,""launch"":8,""recovery"":17,""customers"":[12]},{""drone"":2,""index"":2,""launch"":49,""recovery"":22,""customers"":[47,24]},{""drone"":2,""index"":3,""launch"":22,""recovery"":23,""customers"":[27,28]},{""drone"":3,""index"":1,""launch"":3,""recovery"":17,""customers"":[1,4,7,13]},{""drone"":3,""index"":2,""launch"":17,""recovery"":23,""customers"":[16,14]}]",,,,,,,,,,,,,,33cae732436e27f2e125a4b852688a3264f8017f2ac4c96951d0a47651527cfc,516e3a0e2b4401dede18b28e0ba612cf3e61ecf1bcde1e895d52a579aaeaf122,057686e3053ab6b8f3ed3ab4b4ddfa34278ac1f018a0cf85fdef457cfd336ac1
c102改50.xlsx,IALNS-final-frozen-20261002,C,102,50,257053,0.6,,,,,main_fixed8_full_ialns,4500,True,1047.3741400002027,True,618.0135534233227,388.41969299991615,387.484375,0.5534364000195637,0.5625,6.079999729990959e-05,0.0,388.973190199933,388.046875,160.0,398.53339223032737,25.348804551618873,28.714117361439193,5.417239279937313,113.00166344796476,198.4280062881102,27.086196399686564,3,16,34,16,2.125,1,0.7178529340359798,50,4500,1.0374941000482067,1.046875,618.083519997132,387.38219889986794,0.0,"[0, 7, 6, 9, 11, 10, 23, 22, 25, 29, 34, 36, 37, 33, 32, 42, 43, 51]","[{""drone"":1,""index"":1,""launch"":7,""recovery"":6,""customers"":[5,1,2]},{""drone"":1,""index"":2,""launch"":6,""recovery"":9,""customers"":[8]},{""drone"":1,""index"":3,""launch"":9,""recovery"":11,""customers"":[12]},{""drone"":1,""index"":4,""launch"":11,""recovery"":23,""customers"":[13,17,18]},{""drone"":1,""index"":5,""launch"":23,""recovery"":25,""customers"":[26]},{""drone"":1,""index"":6,""launch"":36,""recovery"":32,""customers"":[39,38,35,31]},{""drone"":1,""index"":7,""launch"":42,""recovery"":43,""customers"":[40,41]},{""drone"":2,""index"":1,""launch"":7,""recovery"":6,""customers"":[3]},{""drone"":2,""index"":2,""launch"":11,""recovery"":10,""customers"":[15,19]},{""drone"":2,""index"":3,""launch"":23,""recovery"":22,""customers"":[21,20]},{""drone"":2,""index"":4,""launch"":22,""recovery"":43,""customers"":[49,47]},{""drone"":3,""index"":1,""launch"":7,""recovery"":6,""customers"":[4]},{""drone"":3,""index"":2,""launch"":11,""recovery"":10,""customers"":[16,14]},{""drone"":3,""index"":3,""launch"":23,""recovery"":25,""customers"":[28,30,27]},{""drone"":3,""index"":4,""launch"":25,""recovery"":42,""customers"":[24,50,48,45,46]},{""drone"":3,""index"":5,""launch"":42,""recovery"":43,""customers"":[44]}]",,,,,,,,,,,,,,33cae732436e27f2e125a4b852688a3264f8017f2ac4c96951d0a47651527cfc,516e3a0e2b4401dede18b28e0ba612cf3e61ecf1bcde1e895d52a579aaeaf122,057686e3053ab6b8f3ed3ab4b4ddfa34278ac1f018a0cf85fdef457cfd336ac1
c102改50.xlsx,IALNS-final-frozen-20261002,C,102,50,282427,0.6,,,,,main_fixed8_full_ialns,4500,True,1047.3741400002027,True,617.6680149645845,419.33052120008506,416.921875,0.4742016000673175,0.46875,4.3100095354020596e-05,0.0,419.80476590024773,417.390625,160.0,398.19099922202525,25.348804551618873,28.714117361439193,5.414093829501045,113.00166344796476,197.28669626043649,27.07046914750522,3,15,34,16,2.2666666666666666,1,0.7178529340359798,68,4464,0.6698858999880031,0.671875,617.6680149645845,418.66063530009706,1.1368683772161603e-13,"[0, 7, 6, 9, 11, 10, 23, 22, 25, 29, 34, 36, 37, 33, 32, 42, 43, 51]","[{""drone"":1,""index"":1,""launch"":7,""recovery"":6,""customers"":[5,1,2]},{""drone"":1,""index"":2,""launch"":6,""recovery"":9,""customers"":[8]},{""drone"":1,""index"":3,""launch"":11,""recovery"":10,""customers"":[15,19]},{""drone"":1,""index"":4,""launch"":10,""recovery"":23,""customers"":[13,17,18]},{""drone"":1,""index"":5,""launch"":23,""recovery"":25,""customers"":[21,20,24]},{""drone"":1,""index"":6,""launch"":25,""recovery"":29,""customers"":[27,28,30]},{""drone"":1,""index"":7,""launch"":29,""recovery"":42,""customers"":[50,48,45,46,44]},{""drone"":1,""index"":8,""launch"":42,""recovery"":43,""customers"":[40,41]},{""drone"":2,""index"":1,""launch"":7,""recovery"":6,""customers"":[3]},{""drone"":2,""index"":2,""launch"":9,""recovery"":11,""customers"":[12]},{""drone"":2,""index"":3,""launch"":23,""recovery"":25,""customers"":[26]},{""drone"":2,""index"":4,""launch"":36,""recovery"":32,""customers"":[39,38,35,31]},{""drone"":3,""index"":1,""launch"":7,""recovery"":6,""customers"":[4]},{""drone"":3,""index"":2,""launch"":11,""recovery"":10,""customers"":[16,14]},{""drone"":3,""index"":3,""launch"":22,""recovery"":43,""customers"":[49,47]}]",,,,,,,,,,,,,,33cae732436e27f2e125a4b852688a3264f8017f2ac4c96951d0a47651527cfc,516e3a0e2b4401dede18b28e0ba612cf3e61ecf1bcde1e895d52a579aaeaf122,057686e3053ab6b8f3ed3ab4b4ddfa34278ac1f018a0cf85fdef457cfd336ac1
c102改50.xlsx,IALNS-final-frozen-20261002,C,102,50,307831,0.6,,,,,main_fixed8_full_ialns,4500,True,1047.3741400002027,True,633.9836424059649,389.1679025000194,376.234375,0.5717400000430644,0.546875,4.449998959898949e-05,0.0,389.7396870000521,376.78125,160.0,452.04536140690885,5.321221548311901,10.400701628827651,6.216357821916684,132.7907186910263,178.9106844460997,31.081789109583422,3,14,33,17,2.357142857142857,1,0.2600175407206913,80,4500,0.9252393000060692,0.875,634.121678085221,388.24266320001334,-1.1368683772161603e-13,"[0, 3, 6, 8, 10, 13, 23, 22, 25, 29, 34, 36, 37, 33, 32, 49, 42, 43, 51]","[{""drone"":1,""index"":1,""launch"":3,""recovery"":6,""customers"":[1,2]},{""drone"":1,""index"":2,""launch"":8,""recovery"":13,""customers"":[7,11,18,17]},{""drone"":1,""index"":3,""launch"":13,""recovery"":23,""customers"":[15,19]},{""drone"":1,""index"":4,""launch"":22,""recovery"":25,""customers"":[24]},{""drone"":1,""index"":5,""launch"":25,""recovery"":29,""customers"":[27,28,30]},{""drone"":1,""index"":6,""launch"":36,""recovery"":32,""customers"":[39,38,35,31]},{""drone"":1,""index"":7,""launch"":42,""recovery"":43,""customers"":[40,41]},{""drone"":2,""index"":1,""launch"":3,""recovery"":6,""customers"":[4]},{""drone"":2,""index"":2,""launch"":8,""recovery"":23,""customers"":[9,5,21]},{""drone"":2,""index"":3,""launch"":23,""recovery"":25,""customers"":[26]},{""drone"":2,""index"":4,""launch"":42,""recovery"":43,""customers"":[44]},{""drone"":3,""index"":1,""launch"":8,""recovery"":13,""customers"":[12]},{""drone"":3,""index"":2,""launch"":13,""recovery"":25,""customers"":[16,14]},{""drone"":3,""index"":3,""launch"":25,""recovery"":49,""customers"":[20,47,46,45,48,50]}]",,,,,,,,,,,,,,33cae732436e27f2e125a4b852688a3264f8017f2ac4c96951d0a47651527cfc,516e3a0e2b4401dede18b28e0ba612cf3e61ecf1bcde1e895d52a579aaeaf122,057686e3053ab6b8f3ed3ab4b4ddfa34278ac1f018a0cf85fdef457cfd336ac1
c102改50.xlsx,IALNS-final-frozen-20261002,C,102,50,333287,0.6,,,,,main_fixed8_full_ialns,4500,True,1047.3741400002027,True,618.5051285522477,392.2181672999868,388.234375,0.5265077999792993,0.5,4.409998655319214e-05,0.0,392.74471919995267,388.734375,160.0,398.65000917046154,25.381806862868313,29.051919592877766,5.421392926040069,113.2000112694613,196.83325120692547,27.10696463020034,3,16,33,17,2.0625,1,0.7262979898219442,47,3708,0.6675010999897495,0.65625,618.5051285522477,391.55066619999707,0.0,"[0, 7, 6, 9, 11, 10, 23, 22, 25, 27, 29, 34, 36, 37, 33, 32, 42, 43, 51]","[{""drone"":1,""index"":1,""launch"":7,""recovery"":6,""customers"":[5,1,2]},{""drone"":1,""index"":2,""launch"":6,""recovery"":9,""customers"":[8]},{""drone"":1,""index"":3,""launch"":11,""recovery"":10,""customers"":[16,14]},{""drone"":1,""index"":4,""launch"":23,""recovery"":25,""customers"":[26]},{""drone"":1,""index"":5,""launch"":27,""recovery"":29,""customers"":[28,30]},{""drone"":1,""index"":6,""launch"":29,""recovery"":42,""customers"":[49,46]},{""drone"":1,""index"":7,""launch"":42,""recovery"":43,""customers"":[40,41]},{""drone"":2,""index"":1,""launch"":7,""recovery"":6,""customers"":[3]},{""drone"":2,""index"":2,""launch"":6,""recovery"":11,""customers"":[12]},{""drone"":2,""index"":3,""launch"":11,""recovery"":10,""customers"":[13,17,18]},{""drone"":2,""index"":4,""launch"":23,""recovery"":22,""customers"":[21,20]},{""drone"":2,""index"":5,""launch"":25,""recovery"":27,""customers"":[24]},{""drone"":2,""index"":6,""launch"":36,""recovery"":32,""customers"":[39,38,35,31]},{""drone"":3,""index"":1,""launch"":7,""recovery"":6,""customers"":[4]},{""drone"":3,""index"":2,""launch"":11,""recovery"":10,""customers"":[15,19]},{""drone"":3,""index"":3,""launch"":22,""recovery"":42,""customers"":[47,50,48,45,44]}]",,,,,,,,,,,,,,33cae732436e27f2e125a4b852688a3264f8017f2ac4c96951d0a47651527cfc,516e3a0e2b4401dede18b28e0ba612cf3e61ecf1bcde1e895d52a579aaeaf122,057686e3053ab6b8f3ed3ab4b4ddfa34278ac1f018a0cf85fdef457cfd336ac1
r102改50.xlsx,IALNS-final-frozen-20261002,R,102,50,104729,0.6,,,,,main_fixed8_full_ialns,4500,True,1587.330932245533,True,905.5731735942084,369.7241062000394,367.96875,1.8809484000084922,1.75,4.1800085455179214e-05,0.0,371.60509640013333,369.71875,160.0,730.3948330061357,3.841002967963766,1.4096713380881987,9.927666282020692,207.0638620423203,364.01082293058266,49.638331410103454,3,19,34,16,1.7894736842105263,1,0.03524178345220497,51,4402,0.5435876999981701,0.53125,905.5731735942084,369.1805185000412,0.0,"[0, 1, 30, 34, 3, 12, 21, 22, 15, 42, 13, 6, 8, 36, 47, 48, 7, 51]","[{""drone"":1,""index"":1,""launch"":1,""recovery"":30,""customers"":[32]},{""drone"":1,""index"":2,""launch"":34,""recovery"":3,""customers"":[35,9,33]},{""drone"":1,""index"":3,""launch"":3,""recovery"":21,""customers"":[50,28,26,40]},{""drone"":1,""index"":4,""launch"":21,""recovery"":22,""customers"":[39]},{""drone"":1,""index"":5,""launch"":22,""recovery"":15,""customers"":[23]},{""drone"":1,""index"":6,""launch"":15,""recovery"":42,""customers"":[38,14]},{""drone"":1,""index"":7,""launch"":42,""recovery"":13,""customers"":[37]},{""drone"":1,""index"":8,""launch"":6,""recovery"":8,""customers"":[18,17]},{""drone"":1,""index"":9,""launch"":8,""recovery"":47,""customers"":[45,46]},{""drone"":1,""index"":10,""launch"":7,""recovery"":51,""customers"":[27]},{""drone"":2,""index"":1,""launch"":1,""recovery"":30,""customers"":[20]},{""drone"":2,""index"":2,""launch"":30,""recovery"":47,""customers"":[10,11,19]},{""drone"":3,""index"":1,""launch"":1,""recovery"":30,""customers"":[31]},{""drone"":3,""index"":2,""launch"":34,""recovery"":3,""customers"":[29]},{""drone"":3,""index"":3,""launch"":3,""recovery"":21,""customers"":[24,25,4]},{""drone"":3,""index"":4,""launch"":21,""recovery"":22,""customers"":[41]},{""drone"":3,""index"":5,""launch"":22,""recovery"":15,""customers"":[2,43]},{""drone"":3,""index"":6,""launch"":42,""recovery"":6,""customers"":[44,16,5]},{""drone"":3,""index"":7,""launch"":36,""recovery"":47,""customers"":[49]}]",,,,,,,,,,,,,,33cae732436e27f2e125a4b852688a3264f8017f2ac4c96951d0a47651527cfc,fc862a68403939dce1b36d01e68186f0aeb18e31842677e67059d10257fd1f35,6d6539ba9500deab3ca8a88b36bcc4df5e207c22d080150539c196fbe413204c
r102改50.xlsx,IALNS-final-frozen-20261002,R,102,50,130363,0.6,,,,,main_fixed8_full_ialns,4500,True,1587.330932245533,True,867.7743663482752,390.39985190005973,386.953125,1.244633199996315,1.203125,5.3299940191209316e-05,0.0,391.64453839999624,388.15625,160.0,687.9671970968783,10.004679088335342,0.5573315442517313,9.245158618809773,188.22608117630517,410.9631785598762,46.22579309404886,3,19,35,15,1.8421052631578947,1,0.013933288606293281,36,2856,0.5100152000086382,0.484375,867.7743663482752,389.8898367000511,0.0,"[0, 13, 42, 15, 41, 22, 21, 12, 34, 9, 30, 10, 19, 36, 47, 18, 51]","[{""drone"":1,""index"":1,""launch"":13,""recovery"":42,""customers"":[16]},{""drone"":1,""index"":2,""launch"":42,""recovery"":15,""customers"":[38,43]},{""drone"":1,""index"":3,""launch"":15,""recovery"":41,""customers"":[14]},{""drone"":1,""index"":4,""launch"":22,""recovery"":21,""customers"":[23]},{""drone"":1,""index"":5,""launch"":21,""recovery"":12,""customers"":[4,25,24]},{""drone"":1,""index"":6,""launch"":34,""recovery"":9,""customers"":[35]},{""drone"":1,""index"":7,""launch"":9,""recovery"":10,""customers"":[32]},{""drone"":1,""index"":8,""launch"":19,""recovery"":18,""customers"":[48,46,45]},{""drone"":1,""index"":9,""launch"":18,""recovery"":51,""customers"":[17,5,6]},{""drone"":2,""index"":1,""launch"":13,""recovery"":42,""customers"":[37]},{""drone"":2,""index"":2,""launch"":42,""recovery"":22,""customers"":[44,2]},{""drone"":2,""index"":3,""launch"":22,""recovery"":21,""customers"":[39]},{""drone"":2,""index"":4,""launch"":21,""recovery"":12,""customers"":[40,26]},{""drone"":2,""index"":5,""launch"":12,""recovery"":9,""customers"":[29,3,50,33]},{""drone"":2,""index"":6,""launch"":9,""recovery"":30,""customers"":[20,1]},{""drone"":2,""index"":7,""launch"":19,""recovery"":36,""customers"":[49]},{""drone"":2,""index"":8,""launch"":18,""recovery"":51,""customers"":[27]},{""drone"":3,""index"":1,""launch"":0,""recovery"":19,""customers"":[28,31,11]},{""drone"":3,""index"":2,""launch"":19,""recovery"":18,""customers"":[7,8]}]",,,,,,,,,,,,,,33cae732436e27f2e125a4b852688a3264f8017f2ac4c96951d0a47651527cfc,fc862a68403939dce1b36d01e68186f0aeb18e31842677e67059d10257fd1f35,6d6539ba9500deab3ca8a88b36bcc4df5e207c22d080150539c196fbe413204c
r102改50.xlsx,IALNS-final-frozen-20261002,R,102,50,155921,0.6,,,,,main_fixed8_full_ialns,4500,True,1587.330932245533,True,872.011105587253,386.0727069999557,384.234375,1.273170700063929,1.265625,6.0200109146535397e-05,0.0,387.3459379001288,385.5,180.0,679.14448749142,3.6983769520441623,0.0,9.168241143788809,188.49209258049956,378.8940324997379,45.84120571894404,4,17,34,16,2.0,0,0.0,40,4500,0.7562796000856906,0.75,872.033741768871,385.31642739987,0.0,"[0, 13, 42, 15, 41, 22, 21, 12, 34, 9, 30, 10, 19, 36, 47, 48, 18, 51]","[{""drone"":1,""index"":1,""launch"":42,""recovery"":21,""customers"":[14]},{""drone"":1,""index"":2,""launch"":21,""recovery"":12,""customers"":[4,25,24]},{""drone"":1,""index"":3,""launch"":12,""recovery"":34,""customers"":[50,33,3,29]},{""drone"":1,""index"":4,""launch"":9,""recovery"":30,""customers"":[35,20]},{""drone"":1,""index"":5,""launch"":30,""recovery"":10,""customers"":[1]},{""drone"":1,""index"":6,""launch"":19,""recovery"":36,""customers"":[49]},{""drone"":1,""index"":7,""launch"":47,""recovery"":18,""customers"":[46,45,5]},{""drone"":1,""index"":8,""launch"":18,""recovery"":51,""customers"":[27]},{""drone"":2,""index"":1,""launch"":42,""recovery"":15,""customers"":[38,43]},{""drone"":2,""index"":2,""launch"":15,""recovery"":22,""customers"":[39]},{""drone"":2,""index"":3,""launch"":22,""recovery"":21,""customers"":[23]},{""drone"":2,""index"":4,""launch"":21,""recovery"":12,""customers"":[2,40,26]},{""drone"":2,""index"":5,""launch"":30,""recovery"":10,""customers"":[32]},{""drone"":2,""index"":6,""launch"":18,""recovery"":51,""customers"":[37,6]},{""drone"":3,""index"":1,""launch"":0,""recovery"":19,""customers"":[28,31,11]},{""drone"":3,""index"":2,""launch"":48,""recovery"":18,""customers"":[7,8]},{""drone"":4,""index"":1,""launch"":42,""recovery"":18,""customers"":[44,16,17]}]",,,,,,,,,,,,,,33cae732436e27f2e125a4b852688a3264f8017f2ac4c96951d0a47651527cfc,fc862a68403939dce1b36d01e68186f0aeb18e31842677e67059d10257fd1f35,6d6539ba9500deab3ca8a88b36bcc4df5e207c22d080150539c196fbe413204c
r102改50.xlsx,IALNS-final-frozen-20261002,R,102,50,181081,0.6,,,,,main_fixed8_full_ialns,4500,True,1587.330932245533,True,867.6076419553829,410.8395242000697,408.703125,1.5585577000165358,1.484375,5.630007945001125e-05,0.0,412.3981382001657,410.1875,180.0,672.7839364581391,5.709386473113936,0.0,9.114319024129797,188.78232054060646,354.7899161210655,45.57159512064898,4,17,33,17,1.9411764705882353,0,0.0,60,4500,1.0861504999920726,1.078125,867.7974359899739,409.75337370007765,0.0,"[0, 13, 42, 15, 41, 22, 21, 12, 3, 34, 9, 30, 10, 19, 36, 47, 48, 18, 51]","[{""drone"":1,""index"":1,""launch"":42,""recovery"":15,""customers"":[38,43]},{""drone"":1,""index"":2,""launch"":41,""recovery"":22,""customers"":[23]},{""drone"":1,""index"":3,""launch"":22,""recovery"":21,""customers"":[39]},{""drone"":1,""index"":4,""launch"":21,""recovery"":3,""customers"":[4,25,24]},{""drone"":1,""index"":5,""launch"":3,""recovery"":34,""customers"":[29]},{""drone"":1,""index"":6,""launch"":9,""recovery"":30,""customers"":[33,50,1]},{""drone"":1,""index"":7,""launch"":30,""recovery"":10,""customers"":[32]},{""drone"":1,""index"":8,""launch"":19,""recovery"":36,""customers"":[49]},{""drone"":1,""index"":9,""launch"":18,""recovery"":51,""customers"":[27]},{""drone"":2,""index"":1,""launch"":0,""recovery"":19,""customers"":[28,31,11]},{""drone"":2,""index"":2,""launch"":47,""recovery"":18,""customers"":[46,45,5]},{""drone"":2,""index"":3,""launch"":18,""recovery"":51,""customers"":[37,6]},{""drone"":3,""index"":1,""launch"":42,""recovery"":21,""customers"":[14]},{""drone"":3,""index"":2,""launch"":21,""recovery"":12,""customers"":[2,40,26]},{""drone"":3,""index"":3,""launch"":9,""recovery"":30,""customers"":[35,20]},{""drone"":3,""index"":4,""launch"":48,""recovery"":18,""customers"":[7,8]},{""drone"":4,""index"":1,""launch"":42,""recovery"":18,""customers"":[44,16,17]}]",,,,,,,,,,,,,,33cae732436e27f2e125a4b852688a3264f8017f2ac4c96951d0a47651527cfc,fc862a68403939dce1b36d01e68186f0aeb18e31842677e67059d10257fd1f35,6d6539ba9500deab3ca8a88b36bcc4df5e207c22d080150539c196fbe413204c
r102改50.xlsx,IALNS-final-frozen-20261002,R,102,50,206369,0.6,,,,,main_fixed8_full_ialns,4500,True,1587.330932245533,True,869.65268376572,411.46405760000926,398.140625,1.2844809000380337,1.234375,5.4299947805702686e-05,0.0,412.7485927999951,399.375,160.0,686.7507215319758,10.845823360130455,2.8135116506056335,9.242627223008109,188.78232054060646,401.3458663671879,46.21313611504054,3,19,33,17,1.736842105263158,1,0.07033779126514084,27,4500,1.7545683999778703,1.65625,870.3186464732761,409.7094892000314,0.0,"[0, 13, 42, 15, 41, 22, 21, 12, 3, 34, 9, 30, 10, 19, 36, 47, 48, 18, 51]","[{""drone"":1,""index"":1,""launch"":13,""recovery"":42,""customers"":[37]},{""drone"":1,""index"":2,""launch"":42,""recovery"":15,""customers"":[38,43]},{""drone"":1,""index"":3,""launch"":15,""recovery"":41,""customers"":[14]},{""drone"":1,""index"":4,""launch"":41,""recovery"":22,""customers"":[23]},{""drone"":1,""index"":5,""launch"":22,""recovery"":21,""customers"":[39]},{""drone"":1,""index"":6,""launch"":21,""recovery"":3,""customers"":[4,25,24]},{""drone"":1,""index"":7,""launch"":34,""recovery"":9,""customers"":[35]},{""drone"":1,""index"":8,""launch"":9,""recovery"":30,""customers"":[32]},{""drone"":1,""index"":9,""launch"":19,""recovery"":47,""customers"":[49,46]},{""drone"":1,""index"":10,""launch"":48,""recovery"":18,""customers"":[8,45]},{""drone"":1,""index"":11,""launch"":18,""recovery"":51,""customers"":[17,5,6]},{""drone"":2,""index"":1,""launch"":0,""recovery"":19,""customers"":[28,31,11]},{""drone"":2,""index"":2,""launch"":48,""recovery"":18,""customers"":[7]},{""drone"":2,""index"":3,""launch"":18,""recovery"":51,""customers"":[27]},{""drone"":3,""index"":1,""launch"":13,""recovery"":42,""customers"":[16]},{""drone"":3,""index"":2,""launch"":42,""recovery"":21,""customers"":[44,2]},{""drone"":3,""index"":3,""launch"":21,""recovery"":3,""customers"":[40,26,29]},{""drone"":3,""index"":4,""launch"":3,""recovery"":30,""customers"":[50,33,20]},{""drone"":3,""index"":5,""launch"":30,""recovery"":51,""customers"":[1]}]",,,,,,,,,,,,,,33cae732436e27f2e125a4b852688a3264f8017f2ac4c96951d0a47651527cfc,fc862a68403939dce1b36d01e68186f0aeb18e31842677e67059d10257fd1f35,6d6539ba9500deab3ca8a88b36bcc4df5e207c22d080150539c196fbe413204c
r102改50.xlsx,IALNS-final-frozen-20261002,R,102,50,231779,0.6,,,,,main_fixed8_full_ialns,4500,True,1587.330932245533,True,873.9963615396762,390.0131284999661,387.921875,1.5494379999581724,1.5,4.1899969801306725e-05,0.0,391.5626083998941,389.421875,180.0,674.3913392013095,10.492866959286529,0.0,9.112155379080098,187.6928534717332,371.0425959536998,45.56077689540049,4,17,33,17,1.9411764705882353,0,0.0,51,4500,1.1955380999715999,1.1875,875.5943755293628,388.8175903999945,0.0,"[0, 13, 42, 15, 41, 22, 21, 12, 3, 34, 9, 30, 10, 19, 36, 47, 48, 7, 51]","[{""drone"":1,""index"":1,""launch"":42,""recovery"":15,""customers"":[38,43]},{""drone"":1,""index"":2,""launch"":41,""recovery"":22,""customers"":[23]},{""drone"":1,""index"":3,""launch"":22,""recovery"":21,""customers"":[39]},{""drone"":1,""index"":4,""launch"":21,""recovery"":12,""customers"":[2,40,26]},{""drone"":1,""index"":5,""launch"":3,""recovery"":30,""customers"":[29,33,50,1]},{""drone"":1,""index"":6,""launch"":30,""recovery"":10,""customers"":[32]},{""drone"":1,""index"":7,""launch"":19,""recovery"":36,""customers"":[49]},{""drone"":1,""index"":8,""launch"":48,""recovery"":7,""customers"":[8,17]},{""drone"":1,""index"":9,""launch"":7,""recovery"":51,""customers"":[18,5]},{""drone"":2,""index"":1,""launch"":13,""recovery"":42,""customers"":[37]},{""drone"":2,""index"":2,""launch"":42,""recovery"":21,""customers"":[14]},{""drone"":2,""index"":3,""launch"":21,""recovery"":3,""customers"":[4,25,24]},{""drone"":2,""index"":4,""launch"":9,""recovery"":30,""customers"":[35,20]},{""drone"":2,""index"":5,""launch"":47,""recovery"":48,""customers"":[46,45]},{""drone"":2,""index"":6,""launch"":7,""recovery"":51,""customers"":[27]},{""drone"":3,""index"":1,""launch"":42,""recovery"":51,""customers"":[44,16,6]},{""drone"":4,""index"":1,""launch"":0,""recovery"":19,""customers"":[28,31,11]}]",,,,,,,,,,,,,,33cae732436e27f2e125a4b852688a3264f8017f2ac4c96951d0a47651527cfc,fc862a68403939dce1b36d01e68186f0aeb18e31842677e67059d10257fd1f35,6d6539ba9500deab3ca8a88b36bcc4df5e207c22d080150539c196fbe413204c
r102改50.xlsx,IALNS-final-frozen-20261002,R,102,50,257053,0.6,,,,,main_fixed8_full_ialns,4500,True,1587.330932245533,True,865.1786496086631,378.96936799993273,377.84375,1.3448168999748304,1.34375,4.429998807609081e-05,0.0,380.31422919989564,379.1875,180.0,670.3865518834598,5.709386473113936,0.0,9.082711252089391,188.16560245302495,352.965815081283,45.41355626044695,4,16,34,16,2.125,0,0.0,52,4500,0.7490734000457451,0.75,865.7963340784695,378.220294599887,0.0,"[0, 13, 42, 15, 41, 22, 21, 12, 3, 34, 30, 10, 19, 36, 47, 48, 18, 51]","[{""drone"":1,""index"":1,""launch"":42,""recovery"":15,""customers"":[38,43]},{""drone"":1,""index"":2,""launch"":41,""recovery"":22,""customers"":[23]},{""drone"":1,""index"":3,""launch"":22,""recovery"":21,""customers"":[39]},{""drone"":1,""index"":4,""launch"":21,""recovery"":3,""customers"":[4,25,24]},{""drone"":1,""index"":5,""launch"":34,""recovery"":30,""customers"":[35,9,20]},{""drone"":1,""index"":6,""launch"":30,""recovery"":10,""customers"":[32]},{""drone"":1,""index"":7,""launch"":19,""recovery"":36,""customers"":[49]},{""drone"":1,""index"":8,""launch"":48,""recovery"":18,""customers"":[7,8]},{""drone"":1,""index"":9,""launch"":18,""recovery"":51,""customers"":[27]},{""drone"":2,""index"":1,""launch"":42,""recovery"":21,""customers"":[14]},{""drone"":2,""index"":2,""launch"":21,""recovery"":12,""customers"":[2,40,26]},{""drone"":2,""index"":3,""launch"":3,""recovery"":30,""customers"":[29,33,50,1]},{""drone"":2,""index"":4,""launch"":47,""recovery"":18,""customers"":[46,45,5]},{""drone"":2,""index"":5,""launch"":18,""recovery"":51,""customers"":[37,6]},{""drone"":3,""index"":1,""launch"":0,""recovery"":19,""customers"":[28,31,11]},{""drone"":4,""index"":1,""launch"":42,""recovery"":18,""customers"":[44,16,17]}]",,,,,,,,,,,,,,33cae732436e27f2e125a4b852688a3264f8017f2ac4c96951d0a47651527cfc,fc862a68403939dce1b36d01e68186f0aeb18e31842677e67059d10257fd1f35,6d6539ba9500deab3ca8a88b36bcc4df5e207c22d080150539c196fbe413204c
r102改50.xlsx,IALNS-final-frozen-20261002,R,102,50,282427,0.6,,,,,main_fixed8_full_ialns,4500,True,1587.330932245533,True,879.0003788444867,384.418212999939,380.734375,1.4369739999528974,1.4375,4.539999645203352e-05,0.0,385.85523239988834,382.171875,160.0,688.3255526580762,13.423770225625699,8.002229515049617,9.248826445735135,188.25025967286203,411.9159121316333,46.244132228675674,3,20,35,15,1.75,3,0.20005573787624042,41,3877,0.8423268999904394,0.84375,879.0003788444867,383.57588609994855,1.1368683772161603e-13,"[0, 13, 42, 15, 41, 22, 4, 34, 9, 30, 10, 19, 36, 47, 48, 18, 51]","[{""drone"":1,""index"":1,""launch"":0,""recovery"":13,""customers"":[28,26]},{""drone"":1,""index"":2,""launch"":13,""recovery"":42,""customers"":[37]},{""drone"":1,""index"":3,""launch"":42,""recovery"":15,""customers"":[38,14]},{""drone"":1,""index"":4,""launch"":22,""recovery"":4,""customers"":[39]},{""drone"":1,""index"":5,""launch"":4,""recovery"":34,""customers"":[25,24,29]},{""drone"":1,""index"":6,""launch"":34,""recovery"":30,""customers"":[33,50,20]},{""drone"":1,""index"":7,""launch"":30,""recovery"":10,""customers"":[1]},{""drone"":1,""index"":8,""launch"":19,""recovery"":36,""customers"":[49]},{""drone"":1,""index"":9,""launch"":36,""recovery"":18,""customers"":[46,45]},{""drone"":1,""index"":10,""launch"":18,""recovery"":51,""customers"":[27]},{""drone"":2,""index"":1,""launch"":13,""recovery"":42,""customers"":[16]},{""drone"":2,""index"":2,""launch"":42,""recovery"":41,""customers"":[44,43]},{""drone"":2,""index"":3,""launch"":22,""recovery"":4,""customers"":[23,21]},{""drone"":2,""index"":4,""launch"":4,""recovery"":34,""customers"":[12,3]},{""drone"":2,""index"":5,""launch"":34,""recovery"":9,""customers"":[35]},{""drone"":2,""index"":6,""launch"":9,""recovery"":30,""customers"":[32]},{""drone"":2,""index"":7,""launch"":48,""recovery"":18,""customers"":[8,17,5]},{""drone"":2,""index"":8,""launch"":18,""recovery"":51,""customers"":[6,2,40]},{""drone"":3,""index"":1,""launch"":0,""recovery"":19,""customers"":[31,11]},{""drone"":3,""index"":2,""launch"":48,""recovery"":18,""customers"":[7]}]",,,,,,,,,,,,,,33cae732436e27f2e125a4b852688a3264f8017f2ac4c96951d0a47651527cfc,fc862a68403939dce1b36d01e68186f0aeb18e31842677e67059d10257fd1f35,6d6539ba9500deab3ca8a88b36bcc4df5e207c22d080150539c196fbe413204c
r102改50.xlsx,IALNS-final-frozen-20261002,R,102,50,307831,0.6,,,,,main_fixed8_full_ialns,4500,True,1587.330932245533,True,865.0714176756583,392.7848002000246,390.46875,1.4558388999430463,1.453125,5.579995922744274e-05,0.0,394.2406948999269,391.921875,180.0,670.2802960870381,5.709386473113936,0.0,9.081735115506264,188.16560245302495,352.61162909321075,45.40867557753132,4,17,34,16,2.0,0,0.0,48,4238,0.5425037000095472,0.53125,865.0714176756583,392.2422965000151,0.0,"[0, 13, 42, 15, 41, 22, 21, 12, 3, 34, 30, 10, 19, 36, 47, 48, 18, 51]","[{""drone"":1,""index"":1,""launch"":13,""recovery"":42,""customers"":[37]},{""drone"":1,""index"":2,""launch"":42,""recovery"":21,""customers"":[14]},{""drone"":1,""index"":3,""launch"":21,""recovery"":3,""customers"":[4,25,24]},{""drone"":1,""index"":4,""launch"":34,""recovery"":30,""customers"":[35,9,20]},{""drone"":1,""index"":5,""launch"":30,""recovery"":10,""customers"":[32]},{""drone"":1,""index"":6,""launch"":19,""recovery"":36,""customers"":[49]},{""drone"":1,""index"":7,""launch"":36,""recovery"":48,""customers"":[46,8]},{""drone"":1,""index"":8,""launch"":48,""recovery"":18,""customers"":[7]},{""drone"":1,""index"":9,""launch"":18,""recovery"":51,""customers"":[45,5,6]},{""drone"":2,""index"":1,""launch"":0,""recovery"":19,""customers"":[28,31,11]},{""drone"":2,""index"":2,""launch"":18,""recovery"":51,""customers"":[27]},{""drone"":3,""index"":1,""launch"":42,""recovery"":15,""customers"":[38,43]},{""drone"":3,""index"":2,""launch"":41,""recovery"":22,""customers"":[23]},{""drone"":3,""index"":3,""launch"":22,""recovery"":21,""customers"":[39]},{""drone"":3,""index"":4,""launch"":21,""recovery"":12,""customers"":[2,40,26]},{""drone"":3,""index"":5,""launch"":3,""recovery"":30,""customers"":[29,33,50,1]},{""drone"":4,""index"":1,""launch"":42,""recovery"":18,""customers"":[44,16,17]}]",,,,,,,,,,,,,,33cae732436e27f2e125a4b852688a3264f8017f2ac4c96951d0a47651527cfc,fc862a68403939dce1b36d01e68186f0aeb18e31842677e67059d10257fd1f35,6d6539ba9500deab3ca8a88b36bcc4df5e207c22d080150539c196fbe413204c
r102改50.xlsx,IALNS-final-frozen-20261002,R,102,50,333287,0.6,,,,,main_fixed8_full_ialns,4500,True,1587.330932245533,True,867.6076419553829,387.27397290000226,380.859375,1.528545199893415,1.453125,4.630000330507755e-05,0.0,388.802564399899,382.3125,180.0,672.7839364581391,5.709386473113936,0.0,9.114319024129797,188.78232054060646,354.7899161210655,45.57159512064898,4,17,33,17,1.9411764705882353,0,0.0,39,4475,0.4839092999463901,0.484375,867.6076419553829,386.7900636000559,0.0,"[0, 13, 42, 15, 41, 22, 21, 12, 3, 34, 9, 30, 10, 19, 36, 47, 48, 18, 51]","[{""drone"":1,""index"":1,""launch"":42,""recovery"":15,""customers"":[38,43]},{""drone"":1,""index"":2,""launch"":41,""recovery"":22,""customers"":[23]},{""drone"":1,""index"":3,""launch"":22,""recovery"":21,""customers"":[39]},{""drone"":1,""index"":4,""launch"":21,""recovery"":12,""customers"":[2,40,26]},{""drone"":1,""index"":5,""launch"":3,""recovery"":34,""customers"":[29]},{""drone"":1,""index"":6,""launch"":9,""recovery"":30,""customers"":[33,50,1]},{""drone"":1,""index"":7,""launch"":30,""recovery"":10,""customers"":[32]},{""drone"":1,""index"":8,""launch"":19,""recovery"":36,""customers"":[49]},{""drone"":1,""index"":9,""launch"":47,""recovery"":18,""customers"":[46,45,5]},{""drone"":1,""index"":10,""launch"":18,""recovery"":51,""customers"":[37,6]},{""drone"":2,""index"":1,""launch"":0,""recovery"":19,""customers"":[28,31,11]},{""drone"":2,""index"":2,""launch"":48,""recovery"":18,""customers"":[7,8]},{""drone"":2,""index"":3,""launch"":18,""recovery"":51,""customers"":[27]},{""drone"":3,""index"":1,""launch"":42,""recovery"":21,""customers"":[14]},{""drone"":3,""index"":2,""launch"":21,""recovery"":3,""customers"":[4,25,24]},{""drone"":3,""index"":3,""launch"":9,""recovery"":30,""customers"":[35,20]},{""drone"":4,""index"":1,""launch"":42,""recovery"":18,""customers"":[44,16,17]}]",,,,,,,,,,,,,,33cae732436e27f2e125a4b852688a3264f8017f2ac4c96951d0a47651527cfc,fc862a68403939dce1b36d01e68186f0aeb18e31842677e67059d10257fd1f35,6d6539ba9500deab3ca8a88b36bcc4df5e207c22d080150539c196fbe413204c
rc102改50.xlsx,IALNS-final-frozen-20261002,RC,102,50,104729,0.6,,,,,main_fixed8_full_ialns,4500,True,1979.376052065317,True,1338.1561325835744,295.6846888998989,294.828125,1.7719788000686094,1.765625,5.1600043661892414e-05,0.0,297.4567193000112,296.59375,180.0,871.7918205520236,6.716555095300894,267.6043811127067,12.043375823543007,259.6212976451147,309.7597587222655,60.21687911771503,4,16,33,17,2.0625,8,6.6901095278176665,53,4500,1.3953883999492973,1.375,1338.376068025091,294.2893004999496,2.2737367544323206e-13,"[0, 20, 49, 19, 50, 32, 30, 28, 31, 37, 39, 42, 1, 3, 45, 17, 47, 14, 51]","[{""drone"":1,""index"":1,""launch"":0,""recovery"":45,""customers"":[2,8,46,4]},{""drone"":1,""index"":2,""launch"":45,""recovery"":17,""customers"":[6,12]},{""drone"":1,""index"":3,""launch"":17,""recovery"":14,""customers"":[13,11,10]},{""drone"":2,""index"":1,""launch"":0,""recovery"":17,""customers"":[9,15,16]},{""drone"":3,""index"":1,""launch"":20,""recovery"":49,""customers"":[24]},{""drone"":3,""index"":2,""launch"":19,""recovery"":50,""customers"":[18]},{""drone"":3,""index"":3,""launch"":50,""recovery"":32,""customers"":[34,33]},{""drone"":3,""index"":4,""launch"":28,""recovery"":31,""customers"":[26,27,29]},{""drone"":3,""index"":5,""launch"":37,""recovery"":42,""customers"":[40,43,44]},{""drone"":3,""index"":6,""launch"":42,""recovery"":3,""customers"":[5]},{""drone"":4,""index"":1,""launch"":20,""recovery"":19,""customers"":[22,25,23]},{""drone"":4,""index"":2,""launch"":19,""recovery"":50,""customers"":[21,48]},{""drone"":4,""index"":3,""launch"":50,""recovery"":37,""customers"":[38]},{""drone"":4,""index"":4,""launch"":37,""recovery"":39,""customers"":[35,36]},{""drone"":4,""index"":5,""launch"":39,""recovery"":42,""customers"":[41]},{""drone"":4,""index"":6,""launch"":42,""recovery"":45,""customers"":[7]}]",,,,,,,,,,,,,,33cae732436e27f2e125a4b852688a3264f8017f2ac4c96951d0a47651527cfc,80cb250a4b103bdb8aade620eae93506728bb8cf1d22e0ceaa059025431959af,057686e3053ab6b8f3ed3ab4b4ddfa34278ac1f018a0cf85fdef457cfd336ac1
rc102改50.xlsx,IALNS-final-frozen-20261002,RC,102,50,130363,0.6,,,,,main_fixed8_full_ialns,4500,True,1979.376052065317,True,1401.4393515458798,339.9910980000859,337.140625,1.7942959000356495,1.78125,4.339998122304678e-05,0.0,341.7854373001028,338.921875,180.0,860.0875705444889,8.190556881019187,341.2916879094584,11.86953621091325,255.35382214786858,313.42034700294374,59.347681054566245,4,17,35,15,2.0588235294117645,10,8.53229219773646,34,4113,0.3910726000322029,0.390625,1401.4393515458798,339.6000254000537,0.0,"[0, 20, 49, 19, 50, 32, 30, 28, 31, 37, 39, 42, 45, 6, 47, 14, 51]","[{""drone"":1,""index"":1,""launch"":20,""recovery"":19,""customers"":[24,25,23]},{""drone"":1,""index"":2,""launch"":19,""recovery"":50,""customers"":[18]},{""drone"":1,""index"":3,""launch"":50,""recovery"":32,""customers"":[34,33]},{""drone"":1,""index"":4,""launch"":28,""recovery"":31,""customers"":[26,27,29]},{""drone"":1,""index"":5,""launch"":37,""recovery"":39,""customers"":[35,36]},{""drone"":1,""index"":6,""launch"":39,""recovery"":45,""customers"":[5]},{""drone"":1,""index"":7,""launch"":45,""recovery"":6,""customers"":[3,1]},{""drone"":1,""index"":8,""launch"":6,""recovery"":47,""customers"":[12,15,16]},{""drone"":1,""index"":9,""launch"":47,""recovery"":14,""customers"":[13,9,10,11]},{""drone"":2,""index"":1,""launch"":0,""recovery"":39,""customers"":[41]},{""drone"":2,""index"":2,""launch"":39,""recovery"":6,""customers"":[7]},{""drone"":2,""index"":3,""launch"":47,""recovery"":14,""customers"":[17]},{""drone"":3,""index"":1,""launch"":20,""recovery"":49,""customers"":[22]},{""drone"":3,""index"":2,""launch"":19,""recovery"":50,""customers"":[21,48]},{""drone"":3,""index"":3,""launch"":50,""recovery"":37,""customers"":[38]},{""drone"":3,""index"":4,""launch"":37,""recovery"":42,""customers"":[40,43,44]},{""drone"":4,""index"":1,""launch"":0,""recovery"":45,""customers"":[2,8,46,4]}]",,,,,,,,,,,,,,33cae732436e27f2e125a4b852688a3264f8017f2ac4c96951d0a47651527cfc,80cb250a4b103bdb8aade620eae93506728bb8cf1d22e0ceaa059025431959af,057686e3053ab6b8f3ed3ab4b4ddfa34278ac1f018a0cf85fdef457cfd336ac1
rc102改50.xlsx,IALNS-final-frozen-20261002,RC,102,50,155921,0.6,,,,,main_fixed8_full_ialns,4500,True,1979.376052065317,True,1464.6645159138839,310.86311010003556,309.734375,1.8054082000162452,1.8125,4.5599997974932194e-05,0.0,312.6685639000498,311.546875,180.0,866.5550334933354,8.510419780070492,397.5828128332208,12.016249807256926,260.97152935852534,278.8014847258648,60.08124903628463,4,15,33,17,2.2,8,9.939570320830521,27,3055,0.42496879992540926,0.421875,1464.6645159138839,310.43814130011015,2.2737367544323206e-13,"[0, 22, 20, 49, 50, 32, 30, 28, 31, 38, 37, 40, 1, 45, 6, 47, 11, 10, 51]","[{""drone"":1,""index"":1,""launch"":0,""recovery"":45,""customers"":[2,8,46,4]},{""drone"":1,""index"":2,""launch"":45,""recovery"":6,""customers"":[7]},{""drone"":1,""index"":3,""launch"":6,""recovery"":47,""customers"":[12,14,16]},{""drone"":2,""index"":1,""launch"":22,""recovery"":20,""customers"":[24]},{""drone"":2,""index"":2,""launch"":20,""recovery"":49,""customers"":[19,48,25,23,21]},{""drone"":2,""index"":3,""launch"":49,""recovery"":50,""customers"":[18]},{""drone"":2,""index"":4,""launch"":50,""recovery"":32,""customers"":[34,29,27,26]},{""drone"":2,""index"":5,""launch"":32,""recovery"":28,""customers"":[33]},{""drone"":2,""index"":6,""launch"":38,""recovery"":40,""customers"":[39,44,43]},{""drone"":2,""index"":7,""launch"":40,""recovery"":1,""customers"":[35]},{""drone"":2,""index"":8,""launch"":1,""recovery"":45,""customers"":[3]},{""drone"":2,""index"":9,""launch"":47,""recovery"":11,""customers"":[17]},{""drone"":3,""index"":1,""launch"":0,""recovery"":47,""customers"":[9,13,15]},{""drone"":4,""index"":1,""launch"":0,""recovery"":38,""customers"":[41,36]},{""drone"":4,""index"":2,""launch"":38,""recovery"":45,""customers"":[42,5]}]",,,,,,,,,,,,,,33cae732436e27f2e125a4b852688a3264f8017f2ac4c96951d0a47651527cfc,80cb250a4b103bdb8aade620eae93506728bb8cf1d22e0ceaa059025431959af,057686e3053ab6b8f3ed3ab4b4ddfa34278ac1f018a0cf85fdef457cfd336ac1
rc102改50.xlsx,IALNS-final-frozen-20261002,RC,102,50,181081,0.6,,,,,main_fixed8_full_ialns,4500,True,1979.376052065317,True,1495.1962456564077,342.23430969996843,341.453125,1.6851068000542,1.6875,4.2899977415800095e-05,0.0,343.91945940000005,343.140625,180.0,919.9279441836895,9.088225267681658,373.39827043770924,12.781805767327027,278.6830364710124,279.59611590217463,63.90902883663513,4,18,34,16,1.8888888888888888,8,9.334956760942731,25,4500,0.9094985999399796,0.90625,1495.9997538030668,341.32481110002846,2.2737367544323206e-13,"[0, 2, 46, 45, 42, 39, 37, 31, 28, 50, 48, 19, 20, 10, 47, 17, 14, 51]","[{""drone"":1,""index"":1,""launch"":2,""recovery"":46,""customers"":[7]},{""drone"":1,""index"":2,""launch"":46,""recovery"":45,""customers"":[3]},{""drone"":1,""index"":3,""launch"":45,""recovery"":42,""customers"":[4,1,43,44]},{""drone"":1,""index"":4,""launch"":42,""recovery"":39,""customers"":[40,38]},{""drone"":1,""index"":5,""launch"":31,""recovery"":50,""customers"":[27,29,34]},{""drone"":1,""index"":6,""launch"":50,""recovery"":19,""customers"":[22,49]},{""drone"":1,""index"":7,""launch"":20,""recovery"":14,""customers"":[12]},{""drone"":2,""index"":1,""launch"":0,""recovery"":17,""customers"":[9,15,16]},{""drone"":3,""index"":1,""launch"":2,""recovery"":46,""customers"":[6,8]},{""drone"":3,""index"":2,""launch"":46,""recovery"":45,""customers"":[5]},{""drone"":3,""index"":3,""launch"":42,""recovery"":39,""customers"":[41]},{""drone"":3,""index"":4,""launch"":39,""recovery"":37,""customers"":[36,35]},{""drone"":3,""index"":5,""launch"":31,""recovery"":28,""customers"":[32]},{""drone"":3,""index"":6,""launch"":28,""recovery"":50,""customers"":[26,30,33]},{""drone"":3,""index"":7,""launch"":50,""recovery"":48,""customers"":[18]},{""drone"":3,""index"":8,""launch"":48,""recovery"":19,""customers"":[21,25]},{""drone"":3,""index"":9,""launch"":10,""recovery"":14,""customers"":[11,13]},{""drone"":4,""index"":1,""launch"":0,""recovery"":48,""customers"":[24,23]}]",,,,,,,,,,,,,,33cae732436e27f2e125a4b852688a3264f8017f2ac4c96951d0a47651527cfc,80cb250a4b103bdb8aade620eae93506728bb8cf1d22e0ceaa059025431959af,057686e3053ab6b8f3ed3ab4b4ddfa34278ac1f018a0cf85fdef457cfd336ac1
rc102改50.xlsx,IALNS-final-frozen-20261002,RC,102,50,206369,0.6,,,,,main_fixed8_full_ialns,4500,True,1979.376052065317,True,1353.1696475200501,316.87522879999597,314.140625,1.7364535999950022,1.703125,4.229997284710407e-05,0.0,318.6117246999638,315.84375,180.0,862.076642229272,6.691279526645875,292.5139166146746,11.887809149457457,255.35382214786858,320.05058595222084,59.43904574728728,4,18,35,15,1.9444444444444444,9,7.312847915366865,55,3213,0.41694669995922595,0.421875,1353.1696475200501,316.45828210003674,2.2737367544323206e-13,"[0, 20, 49, 19, 50, 32, 30, 28, 31, 37, 39, 42, 45, 6, 47, 14, 51]","[{""drone"":1,""index"":1,""launch"":0,""recovery"":45,""customers"":[2,8,46,4]},{""drone"":1,""index"":2,""launch"":45,""recovery"":6,""customers"":[3,1]},{""drone"":1,""index"":3,""launch"":6,""recovery"":47,""customers"":[12,16]},{""drone"":1,""index"":4,""launch"":47,""recovery"":14,""customers"":[11,10]},{""drone"":2,""index"":1,""launch"":0,""recovery"":47,""customers"":[9,13,15]},{""drone"":2,""index"":2,""launch"":47,""recovery"":14,""customers"":[17]},{""drone"":3,""index"":1,""launch"":20,""recovery"":49,""customers"":[22]},{""drone"":3,""index"":2,""launch"":19,""recovery"":50,""customers"":[21,48]},{""drone"":3,""index"":3,""launch"":50,""recovery"":32,""customers"":[34,33]},{""drone"":3,""index"":4,""launch"":28,""recovery"":31,""customers"":[26,27,29]},{""drone"":3,""index"":5,""launch"":37,""recovery"":39,""customers"":[40,43,44]},{""drone"":3,""index"":6,""launch"":39,""recovery"":42,""customers"":[41]},{""drone"":3,""index"":7,""launch"":42,""recovery"":6,""customers"":[7]},{""drone"":4,""index"":1,""launch"":20,""recovery"":19,""customers"":[24,25,23]},{""drone"":4,""index"":2,""launch"":19,""recovery"":50,""customers"":[18]},{""drone"":4,""index"":3,""launch"":50,""recovery"":37,""customers"":[38]},{""drone"":4,""index"":4,""launch"":37,""recovery"":39,""customers"":[35,36]},{""drone"":4,""index"":5,""launch"":39,""recovery"":45,""customers"":[5]}]",,,,,,,,,,,,,,33cae732436e27f2e125a4b852688a3264f8017f2ac4c96951d0a47651527cfc,80cb250a4b103bdb8aade620eae93506728bb8cf1d22e0ceaa059025431959af,057686e3053ab6b8f3ed3ab4b4ddfa34278ac1f018a0cf85fdef457cfd336ac1
rc102改50.xlsx,IALNS-final-frozen-20261002,RC,102,50,231779,0.6,,,,,main_fixed8_full_ialns,4500,True,1979.376052065317,True,1359.9071745500385,325.06154310004786,321.734375,1.6738014000002295,1.65625,4.3800100684165955e-05,0.0,326.73538830014877,323.390625,180.0,881.5493113055913,3.4337413724905264,282.8078430157781,12.1162788561785,258.54434896939944,353.05421465797656,60.581394280892496,4,18,35,15,1.9444444444444444,9,7.070196075394453,30,4500,0.8628416999708861,0.859375,1360.7147677793544,324.19870140007697,0.0,"[0, 20, 22, 19, 50, 32, 30, 28, 31, 37, 39, 42, 1, 45, 6, 47, 51]","[{""drone"":1,""index"":1,""launch"":20,""recovery"":22,""customers"":[24]},{""drone"":1,""index"":2,""launch"":19,""recovery"":50,""customers"":[21,48]},{""drone"":1,""index"":3,""launch"":50,""recovery"":32,""customers"":[34,33]},{""drone"":1,""index"":4,""launch"":28,""recovery"":31,""customers"":[26,27,29]},{""drone"":1,""index"":5,""launch"":37,""recovery"":42,""customers"":[40,43,44]},{""drone"":1,""index"":6,""launch"":42,""recovery"":6,""customers"":[7]},{""drone"":1,""index"":7,""launch"":6,""recovery"":47,""customers"":[16,17]},{""drone"":1,""index"":8,""launch"":47,""recovery"":51,""customers"":[11,10]},{""drone"":2,""index"":1,""launch"":0,""recovery"":47,""customers"":[9,13,15]},{""drone"":3,""index"":1,""launch"":20,""recovery"":19,""customers"":[49,25,23]},{""drone"":3,""index"":2,""launch"":19,""recovery"":50,""customers"":[18]},{""drone"":3,""index"":3,""launch"":50,""recovery"":37,""customers"":[38]},{""drone"":3,""index"":4,""launch"":37,""recovery"":39,""customers"":[35,36]},{""drone"":3,""index"":5,""launch"":39,""recovery"":42,""customers"":[41]},{""drone"":3,""index"":6,""launch"":42,""recovery"":1,""customers"":[5]},{""drone"":3,""index"":7,""launch"":1,""recovery"":47,""customers"":[12,14]},{""drone"":4,""index"":1,""launch"":0,""recovery"":45,""customers"":[2,8,46,4]},{""drone"":4,""index"":2,""launch"":45,""recovery"":6,""customers"":[3]}]",,,,,,,,,,,,,,33cae732436e27f2e125a4b852688a3264f8017f2ac4c96951d0a47651527cfc,80cb250a4b103bdb8aade620eae93506728bb8cf1d22e0ceaa059025431959af,057686e3053ab6b8f3ed3ab4b4ddfa34278ac1f018a0cf85fdef457cfd336ac1
rc102改50.xlsx,IALNS-final-frozen-20261002,RC,102,50,257053,0.6,,,,,main_fixed8_full_ialns,4500,True,1979.376052065317,True,1492.37519004596,335.24973279994447,329.8125,1.9140931000001729,1.8125,5.209993105381727e-05,0.0,337.1638779998757,331.625,180.0,911.2323835642095,8.97980671961401,379.5203562044051,12.64264355773112,274.86842947584176,288.7569837889476,63.2132177886556,4,18,35,15,1.9444444444444444,8,9.488008905110128,49,3607,0.3827310000779107,0.375,1492.37519004596,334.86700179986656,2.2737367544323206e-13,"[0, 2, 46, 45, 44, 37, 31, 28, 30, 50, 20, 19, 25, 13, 47, 14, 51]","[{""drone"":1,""index"":1,""launch"":2,""recovery"":46,""customers"":[7]},{""drone"":1,""index"":2,""launch"":46,""recovery"":45,""customers"":[5]},{""drone"":1,""index"":3,""launch"":45,""recovery"":44,""customers"":[4,1,40]},{""drone"":1,""index"":4,""launch"":44,""recovery"":37,""customers"":[43,36,35]},{""drone"":1,""index"":5,""launch"":31,""recovery"":30,""customers"":[32]},{""drone"":1,""index"":6,""launch"":30,""recovery"":50,""customers"":[33,34]},{""drone"":1,""index"":7,""launch"":50,""recovery"":20,""customers"":[49,22]},{""drone"":1,""index"":8,""launch"":20,""recovery"":13,""customers"":[9]},{""drone"":1,""index"":9,""launch"":47,""recovery"":14,""customers"":[17]},{""drone"":2,""index"":1,""launch"":2,""recovery"":45,""customers"":[6,8,3]},{""drone"":2,""index"":2,""launch"":45,""recovery"":44,""customers"":[41,42]},{""drone"":2,""index"":3,""launch"":44,""recovery"":37,""customers"":[39,38]},{""drone"":2,""index"":4,""launch"":31,""recovery"":28,""customers"":[29,27,26]},{""drone"":2,""index"":5,""launch"":50,""recovery"":19,""customers"":[18]},{""drone"":2,""index"":6,""launch"":19,""recovery"":25,""customers"":[48,21]},{""drone"":3,""index"":1,""launch"":0,""recovery"":25,""customers"":[24,23]},{""drone"":3,""index"":2,""launch"":13,""recovery"":14,""customers"":[11,10]},{""drone"":4,""index"":1,""launch"":0,""recovery"":47,""customers"":[12,15,16]}]",,,,,,,,,,,,,,33cae732436e27f2e125a4b852688a3264f8017f2ac4c96951d0a47651527cfc,80cb250a4b103bdb8aade620eae93506728bb8cf1d22e0ceaa059025431959af,057686e3053ab6b8f3ed3ab4b4ddfa34278ac1f018a0cf85fdef457cfd336ac1
rc102改50.xlsx,IALNS-final-frozen-20261002,RC,102,50,282427,0.6,,,,,main_fixed8_full_ialns,4500,True,1979.376052065317,True,1358.7775140624594,321.21702680003364,320.40625,1.948260800098069,1.953125,4.239997360855341e-05,0.0,323.1653300001053,322.359375,180.0,878.9814589698589,4.721730368343158,282.9715613966182,12.102763327639181,259.19264207868355,338.01177577936113,60.513816638195905,4,18,33,17,1.8333333333333333,9,7.074289034915456,58,4500,1.193459799978882,1.203125,1359.9723062204025,320.02356700005475,0.0,"[0, 20, 49, 19, 50, 32, 30, 28, 31, 37, 39, 42, 1, 45, 6, 47, 11, 10, 51]","[{""drone"":1,""index"":1,""launch"":0,""recovery"":45,""customers"":[2,8,46,4]},{""drone"":1,""index"":2,""launch"":45,""recovery"":6,""customers"":[3]},{""drone"":1,""index"":3,""launch"":6,""recovery"":47,""customers"":[14,16]},{""drone"":1,""index"":4,""launch"":47,""recovery"":11,""customers"":[17]},{""drone"":2,""index"":1,""launch"":0,""recovery"":47,""customers"":[9,13,15]},{""drone"":3,""index"":1,""launch"":20,""recovery"":49,""customers"":[22]},{""drone"":3,""index"":2,""launch"":19,""recovery"":50,""customers"":[18]},{""drone"":3,""index"":3,""launch"":50,""recovery"":32,""customers"":[34,33]},{""drone"":3,""index"":4,""launch"":28,""recovery"":31,""customers"":[26,27,29]},{""drone"":3,""index"":5,""launch"":37,""recovery"":42,""customers"":[40,43,44]},{""drone"":3,""index"":6,""launch"":42,""recovery"":1,""customers"":[5]},{""drone"":3,""index"":7,""launch"":1,""recovery"":10,""customers"":[12]},{""drone"":4,""index"":1,""launch"":20,""recovery"":19,""customers"":[24,25,23]},{""drone"":4,""index"":2,""launch"":19,""recovery"":50,""customers"":[21,48]},{""drone"":4,""index"":3,""launch"":50,""recovery"":37,""customers"":[38]},{""drone"":4,""index"":4,""launch"":37,""recovery"":39,""customers"":[35,36]},{""drone"":4,""index"":5,""launch"":39,""recovery"":42,""customers"":[41]},{""drone"":4,""index"":6,""launch"":42,""recovery"":45,""customers"":[7]}]",,,,,,,,,,,,,,33cae732436e27f2e125a4b852688a3264f8017f2ac4c96951d0a47651527cfc,80cb250a4b103bdb8aade620eae93506728bb8cf1d22e0ceaa059025431959af,057686e3053ab6b8f3ed3ab4b4ddfa34278ac1f018a0cf85fdef457cfd336ac1
rc102改50.xlsx,IALNS-final-frozen-20261002,RC,102,50,307831,0.6,,,,,main_fixed8_full_ialns,4500,True,1979.376052065317,True,1415.955701879186,302.7043578000739,300.125,2.050289300037548,2.015625,4.6900007873773575e-05,0.0,304.75469400011934,302.140625,180.0,856.6030870769857,8.190556881019187,359.3246321835614,11.837425737619938,255.3474074006454,301.86954958349855,59.18712868809969,4,17,36,14,2.1176470588235294,9,8.983115804589035,48,4260,0.42215609992854297,0.40625,1415.955701879186,302.2822017001454,-2.2737367544323206e-13,"[0, 20, 49, 19, 50, 32, 30, 28, 31, 37, 39, 45, 6, 47, 14, 51]","[{""drone"":1,""index"":1,""launch"":0,""recovery"":45,""customers"":[2,8,46,4]},{""drone"":1,""index"":2,""launch"":45,""recovery"":6,""customers"":[7]},{""drone"":1,""index"":3,""launch"":6,""recovery"":47,""customers"":[12,15,16]},{""drone"":1,""index"":4,""launch"":47,""recovery"":14,""customers"":[17]},{""drone"":2,""index"":1,""launch"":20,""recovery"":19,""customers"":[24,25,23]},{""drone"":2,""index"":2,""launch"":19,""recovery"":50,""customers"":[18]},{""drone"":2,""index"":3,""launch"":50,""recovery"":32,""customers"":[34,33]},{""drone"":2,""index"":4,""launch"":28,""recovery"":31,""customers"":[26,27,29]},{""drone"":2,""index"":5,""launch"":37,""recovery"":45,""customers"":[5]},{""drone"":2,""index"":6,""launch"":45,""recovery"":6,""customers"":[3,1]},{""drone"":2,""index"":7,""launch"":47,""recovery"":14,""customers"":[13,9,10,11]},{""drone"":3,""index"":1,""launch"":0,""recovery"":37,""customers"":[42,44,43,40]},{""drone"":3,""index"":2,""launch"":37,""recovery"":39,""customers"":[41]},{""drone"":4,""index"":1,""launch"":20,""recovery"":49,""customers"":[22]},{""drone"":4,""index"":2,""launch"":19,""recovery"":50,""customers"":[21,48]},{""drone"":4,""index"":3,""launch"":50,""recovery"":37,""customers"":[38]},{""drone"":4,""index"":4,""launch"":37,""recovery"":39,""customers"":[35,36]}]",,,,,,,,,,,,,,33cae732436e27f2e125a4b852688a3264f8017f2ac4c96951d0a47651527cfc,80cb250a4b103bdb8aade620eae93506728bb8cf1d22e0ceaa059025431959af,057686e3053ab6b8f3ed3ab4b4ddfa34278ac1f018a0cf85fdef457cfd336ac1
rc102改50.xlsx,IALNS-final-frozen-20261002,RC,102,50,333287,0.6,,,,,main_fixed8_full_ialns,4500,True,1979.376052065317,True,1409.0653193034261,341.0619915999705,328.03125,2.1074589000782,1.984375,4.309997893869877e-05,0.0,343.16949360002764,330.015625,180.0,860.9774038011602,8.510419780070492,347.7180538190838,11.85944190311163,254.1782166575485,328.14251276171603,59.297209515558144,4,17,35,15,2.0588235294117645,10,8.692951345477095,31,4380,0.4168614000082016,0.421875,1409.0653193034261,340.6451301999623,0.0,"[0, 22, 20, 49, 50, 32, 30, 28, 31, 37, 39, 42, 45, 6, 47, 14, 51]","[{""drone"":1,""index"":1,""launch"":22,""recovery"":20,""customers"":[24]},{""drone"":1,""index"":2,""launch"":20,""recovery"":49,""customers"":[19,48,23,25,21]},{""drone"":1,""index"":3,""launch"":49,""recovery"":50,""customers"":[18]},{""drone"":1,""index"":4,""launch"":50,""recovery"":32,""customers"":[34,33]},{""drone"":1,""index"":5,""launch"":28,""recovery"":31,""customers"":[26,27,29]},{""drone"":1,""index"":6,""launch"":37,""recovery"":39,""customers"":[36,35]},{""drone"":1,""index"":7,""launch"":39,""recovery"":42,""customers"":[41]},{""drone"":1,""index"":8,""launch"":42,""recovery"":45,""customers"":[5]},{""drone"":1,""index"":9,""launch"":45,""recovery"":6,""customers"":[3,1]},{""drone"":1,""index"":10,""launch"":14,""recovery"":51,""customers"":[11,10]},{""drone"":2,""index"":1,""launch"":0,""recovery"":45,""customers"":[2,8,46,4]},{""drone"":2,""index"":2,""launch"":6,""recovery"":47,""customers"":[16,17]},{""drone"":3,""index"":1,""launch"":50,""recovery"":37,""customers"":[38]},{""drone"":3,""index"":2,""launch"":37,""recovery"":42,""customers"":[40,43,44]},{""drone"":3,""index"":3,""launch"":42,""recovery"":45,""customers"":[7]},{""drone"":3,""index"":4,""launch"":45,""recovery"":14,""customers"":[12]},{""drone"":4,""index"":1,""launch"":0,""recovery"":47,""customers"":[9,13,15]}]",,,,,,,,,,,,,,33cae732436e27f2e125a4b852688a3264f8017f2ac4c96951d0a47651527cfc,80cb250a4b103bdb8aade620eae93506728bb8cf1d22e0ceaa059025431959af,057686e3053ab6b8f3ed3ab4b4ddfa34278ac1f018a0cf85fdef457cfd336ac1
c102改100.xlsx,IALNS-final-frozen-20261002,C,102,100,104729,0.6,,,,,main_fixed8_full_ialns,4500,True,5416.424590254999,True,1581.0686882680181,2152.619496900006,2144.9375,6.124317800044082,6.078125,4.279997665435076e-05,0.0,2158.743857500027,2151.015625,180.0,1140.2689855983226,13.094773154510634,232.1222051216908,15.582724393494113,328.6649493220197,514.2471254408789,77.91362196747056,4,32,68,32,2.125,8,5.80305512804227,62,4500,6.842693899990991,6.8125,1591.6972256797383,2145.776803000015,0.0,"[0, 29, 34, 37, 33, 32, 52, 49, 47, 42, 69, 66, 62, 74, 79, 77, 76, 82, 85, 94, 95, 98, 2, 3, 7, 8, 16, 19, 17, 25, 27, 59, 57, 101]","[{""drone"":1,""index"":1,""launch"":0,""recovery"":29,""customers"":[1,23]},{""drone"":1,""index"":2,""launch"":37,""recovery"":32,""customers"":[35,31]},{""drone"":1,""index"":3,""launch"":52,""recovery"":42,""customers"":[50,48]},{""drone"":1,""index"":4,""launch"":42,""recovery"":69,""customers"":[46,41,68]},{""drone"":1,""index"":5,""launch"":69,""recovery"":66,""customers"":[64]},{""drone"":1,""index"":6,""launch"":66,""recovery"":62,""customers"":[67,65,63]},{""drone"":1,""index"":7,""launch"":74,""recovery"":79,""customers"":[61,72,81]},{""drone"":1,""index"":8,""launch"":77,""recovery"":76,""customers"":[70]},{""drone"":1,""index"":9,""launch"":76,""recovery"":82,""customers"":[71]},{""drone"":1,""index"":10,""launch"":82,""recovery"":85,""customers"":[83,87,91]},{""drone"":1,""index"":11,""launch"":85,""recovery"":94,""customers"":[99,97,93,92]},{""drone"":1,""index"":12,""launch"":94,""recovery"":95,""customers"":[96]},{""drone"":1,""index"":13,""launch"":95,""recovery"":7,""customers"":[6,9,11]},{""drone"":1,""index"":14,""launch"":7,""recovery"":8,""customers"":[10]},{""drone"":1,""index"":15,""launch"":27,""recovery"":101,""customers"":[24,21]},{""drone"":2,""index"":1,""launch"":0,""recovery"":29,""customers"":[5,4]},{""drone"":2,""index"":2,""launch"":34,""recovery"":37,""customers"":[39,38]},{""drone"":2,""index"":3,""launch"":52,""recovery"":47,""customers"":[51]},{""drone"":2,""index"":4,""launch"":42,""recovery"":74,""customers"":[44,40,43]},{""drone"":2,""index"":5,""launch"":74,""recovery"":79,""customers"":[80,78]},{""drone"":2,""index"":6,""launch"":77,""recovery"":76,""customers"":[73]},{""drone"":2,""index"":7,""launch"":76,""recovery"":82,""customers"":[86,89,84]},{""drone"":2,""index"":8,""launch"":82,""recovery"":85,""customers"":[90]},{""drone"":2,""index"":9,""launch"":85,""recovery"":94,""customers"":[88]},{""drone"":2,""index"":10,""launch"":95,""recovery"":98,""customers"":[100]},{""drone"":2,""index"":11,""launch"":2,""recovery"":3,""customers"":[75]},{""drone"":2,""index"":12,""launch"":8,""recovery"":16,""customers"":[12,14]},{""drone"":2,""index"":13,""launch"":25,""recovery"":27,""customers"":[36]},{""drone"":2,""index"":14,""launch"":59,""recovery"":57,""customers"":[58,53]},{""drone"":3,""index"":1,""launch"":29,""recovery"":17,""customers"":[30,28,13,15,18]},{""drone"":4,""index"":1,""launch"":29,""recovery"":47,""customers"":[26,22,20]},{""drone"":4,""index"":2,""launch"":42,""recovery"":59,""customers"":[45,60,56,54,55]}]",,,,,,,,,,,,,,33cae732436e27f2e125a4b852688a3264f8017f2ac4c96951d0a47651527cfc,9c5d52750feddfc0eb8e81ee37f63f5f45dd042187cac5263112c8717b3c22e8,eef623ccc16a2b3104c00cf4bd8c242ae00c09f257217ef55d5e9034a370d616
c102改100.xlsx,IALNS-final-frozen-20261002,C,102,100,130363,0.6,,,,,main_fixed8_full_ialns,4500,True,5677.480203292063,True,1778.0967765064113,2421.8620682000183,2355.40625,7.394936999888159,7.28125,4.579999949783087e-05,0.0,2429.257050999906,2362.6875,180.0,1181.1479471730813,0.34611827036430265,400.284570950455,16.31814011251079,351.82288531622163,418.9309707480543,81.59070056255395,4,30,69,31,2.3,8,10.007114273761376,93,4500,5.230637799948454,5.171875,1778.4608632671186,2416.63143040007,-2.2737367544323206e-13,"[0, 61, 77, 81, 83, 84, 85, 88, 2, 4, 7, 23, 25, 29, 34, 37, 52, 49, 46, 42, 57, 64, 62, 63, 95, 94, 100, 12, 14, 16, 19, 17, 101]","[{""drone"":1,""index"":1,""launch"":0,""recovery"":61,""customers"":[50]},{""drone"":1,""index"":2,""launch"":77,""recovery"":81,""customers"":[71]},{""drone"":1,""index"":3,""launch"":83,""recovery"":84,""customers"":[82]},{""drone"":1,""index"":4,""launch"":84,""recovery"":88,""customers"":[86,87]},{""drone"":1,""index"":5,""launch"":2,""recovery"":4,""customers"":[1,75]},{""drone"":1,""index"":6,""launch"":4,""recovery"":7,""customers"":[8]},{""drone"":1,""index"":7,""launch"":23,""recovery"":25,""customers"":[26,28]},{""drone"":1,""index"":8,""launch"":25,""recovery"":46,""customers"":[22,21,20,43,41]},{""drone"":1,""index"":9,""launch"":46,""recovery"":57,""customers"":[40,68,72,55]},{""drone"":1,""index"":10,""launch"":57,""recovery"":64,""customers"":[59,54,53]},{""drone"":1,""index"":11,""launch"":62,""recovery"":63,""customers"":[74,67,65]},{""drone"":1,""index"":12,""launch"":95,""recovery"":94,""customers"":[96]},{""drone"":1,""index"":13,""launch"":94,""recovery"":100,""customers"":[92,93,97]},{""drone"":2,""index"":1,""launch"":77,""recovery"":81,""customers"":[70]},{""drone"":2,""index"":2,""launch"":81,""recovery"":88,""customers"":[76,79]},{""drone"":2,""index"":3,""launch"":88,""recovery"":2,""customers"":[89,91,5,3]},{""drone"":2,""index"":4,""launch"":2,""recovery"":7,""customers"":[6,9,11]},{""drone"":2,""index"":5,""launch"":23,""recovery"":25,""customers"":[24]},{""drone"":2,""index"":6,""launch"":25,""recovery"":34,""customers"":[31,35,32,33,36]},{""drone"":2,""index"":7,""launch"":52,""recovery"":57,""customers"":[56,58,60]},{""drone"":2,""index"":8,""launch"":62,""recovery"":63,""customers"":[66,69]},{""drone"":3,""index"":1,""launch"":77,""recovery"":88,""customers"":[73]},{""drone"":3,""index"":2,""launch"":88,""recovery"":2,""customers"":[98,99]},{""drone"":3,""index"":3,""launch"":2,""recovery"":17,""customers"":[10,13,15,18]},{""drone"":4,""index"":1,""launch"":77,""recovery"":81,""customers"":[80,78]},{""drone"":4,""index"":2,""launch"":84,""recovery"":88,""customers"":[90]},{""drone"":4,""index"":3,""launch"":25,""recovery"":29,""customers"":[27,30]},{""drone"":4,""index"":4,""launch"":34,""recovery"":37,""customers"":[39,38]},{""drone"":4,""index"":5,""launch"":52,""recovery"":46,""customers"":[51,48,47]},{""drone"":4,""index"":6,""launch"":46,""recovery"":42,""customers"":[45,44]}]",,,,,,,,,,,,,,33cae732436e27f2e125a4b852688a3264f8017f2ac4c96951d0a47651527cfc,9c5d52750feddfc0eb8e81ee37f63f5f45dd042187cac5263112c8717b3c22e8,eef623ccc16a2b3104c00cf4bd8c242ae00c09f257217ef55d5e9034a370d616
c102改100.xlsx,IALNS-final-frozen-20261002,C,102,100,155921,0.6,,,,,main_fixed8_full_ialns,4500,True,5524.264685266207,True,1662.784191256921,2040.2851926001022,2003.671875,7.288124599959701,7.203125,4.4899992644786835e-05,0.0,2047.5733621000545,2010.875,180.0,1069.529404389469,18.955838161310727,379.65245173697446,14.64649696916705,310.237248445461,462.7255301769528,73.23248484583524,4,31,68,32,2.193548387096774,10,9.491311293424362,112,4500,5.843913899967447,5.765625,1667.192301632955,2034.4412787001347,0.0,"[0, 22, 25, 29, 27, 26, 10, 7, 4, 2, 99, 96, 95, 94, 88, 87, 81, 77, 79, 74, 62, 64, 57, 40, 42, 49, 52, 37, 36, 18, 19, 16, 17, 101]","[{""drone"":1,""index"":1,""launch"":22,""recovery"":25,""customers"":[23]},{""drone"":1,""index"":2,""launch"":25,""recovery"":26,""customers"":[24,21]},{""drone"":1,""index"":3,""launch"":26,""recovery"":10,""customers"":[28,13,15]},{""drone"":1,""index"":4,""launch"":10,""recovery"":7,""customers"":[8]},{""drone"":1,""index"":5,""launch"":7,""recovery"":99,""customers"":[9,6,75]},{""drone"":1,""index"":6,""launch"":99,""recovery"":96,""customers"":[100,97]},{""drone"":1,""index"":7,""launch"":96,""recovery"":94,""customers"":[93,92]},{""drone"":1,""index"":8,""launch"":94,""recovery"":88,""customers"":[91,83,82,84]},{""drone"":1,""index"":9,""launch"":88,""recovery"":87,""customers"":[90]},{""drone"":1,""index"":10,""launch"":87,""recovery"":81,""customers"":[71]},{""drone"":1,""index"":11,""launch"":81,""recovery"":77,""customers"":[73]},{""drone"":1,""index"":12,""launch"":77,""recovery"":74,""customers"":[80,72,61]},{""drone"":1,""index"":13,""launch"":74,""recovery"":57,""customers"":[56,53,54]},{""drone"":1,""index"":14,""launch"":57,""recovery"":40,""customers"":[55,58,60,59]},{""drone"":1,""index"":15,""launch"":42,""recovery"":49,""customers"":[44,45,48,47]},{""drone"":1,""index"":16,""launch"":37,""recovery"":36,""customers"":[35,33]},{""drone"":1,""index"":17,""launch"":19,""recovery"":16,""customers"":[12,14]},{""drone"":2,""index"":1,""launch"":25,""recovery"":29,""customers"":[20,50]},{""drone"":2,""index"":2,""launch"":29,""recovery"":42,""customers"":[32,31,51,43,41]},{""drone"":3,""index"":1,""launch"":29,""recovery"":27,""customers"":[34]},{""drone"":3,""index"":2,""launch"":10,""recovery"":4,""customers"":[11]},{""drone"":3,""index"":3,""launch"":4,""recovery"":2,""customers"":[3,5,1]},{""drone"":3,""index"":4,""launch"":99,""recovery"":96,""customers"":[98]},{""drone"":3,""index"":5,""launch"":95,""recovery"":88,""customers"":[89,85]},{""drone"":3,""index"":6,""launch"":88,""recovery"":87,""customers"":[86]},{""drone"":3,""index"":7,""launch"":87,""recovery"":81,""customers"":[78,76]},{""drone"":3,""index"":8,""launch"":81,""recovery"":79,""customers"":[70]},{""drone"":3,""index"":9,""launch"":74,""recovery"":62,""customers"":[66]},{""drone"":3,""index"":10,""launch"":62,""recovery"":64,""customers"":[63,65,67]},{""drone"":3,""index"":11,""launch"":64,""recovery"":42,""customers"":[68,69,46]},{""drone"":4,""index"":1,""launch"":29,""recovery"":37,""customers"":[30,39,38]}]",,,,,,,,,,,,,,33cae732436e27f2e125a4b852688a3264f8017f2ac4c96951d0a47651527cfc,9c5d52750feddfc0eb8e81ee37f63f5f45dd042187cac5263112c8717b3c22e8,eef623ccc16a2b3104c00cf4bd8c242ae00c09f257217ef55d5e9034a370d616
c102改100.xlsx,IALNS-final-frozen-20261002,C,102,100,181081,0.6,,,,,main_fixed8_full_ialns,4500,True,5677.480203292063,True,1769.1787754829609,2394.49621890008,2365.984375,7.358360799960792,7.21875,4.67000063508749e-05,0.0,2401.854626400047,2373.203125,180.0,1187.4186201243929,2.3494001325478484,383.13325279195,16.277502434070055,345.5008608232926,503.0534588483838,81.38751217035028,4,32,72,28,2.25,9,9.57833131979875,90,4500,5.717887399950996,5.625,1770.9372067330655,2388.778331500129,0.0,"[0, 61, 77, 78, 86, 91, 2, 16, 19, 17, 26, 25, 29, 37, 33, 32, 52, 49, 42, 40, 59, 64, 62, 63, 95, 94, 96, 3, 7, 101]","[{""drone"":1,""index"":1,""launch"":0,""recovery"":61,""customers"":[51]},{""drone"":1,""index"":2,""launch"":77,""recovery"":78,""customers"":[80,81,76]},{""drone"":1,""index"":3,""launch"":78,""recovery"":86,""customers"":[71,82]},{""drone"":1,""index"":4,""launch"":86,""recovery"":91,""customers"":[83,84,88]},{""drone"":1,""index"":5,""launch"":91,""recovery"":2,""customers"":[98,99]},{""drone"":1,""index"":6,""launch"":2,""recovery"":16,""customers"":[9,15,14]},{""drone"":1,""index"":7,""launch"":19,""recovery"":17,""customers"":[18]},{""drone"":1,""index"":8,""launch"":17,""recovery"":26,""customers"":[13,10,21,20,22,28]},{""drone"":1,""index"":9,""launch"":26,""recovery"":25,""customers"":[23]},{""drone"":1,""index"":10,""launch"":25,""recovery"":29,""customers"":[27,30]},{""drone"":1,""index"":11,""launch"":40,""recovery"":59,""customers"":[57]},{""drone"":1,""index"":12,""launch"":59,""recovery"":64,""customers"":[60,58,53]},{""drone"":1,""index"":13,""launch"":64,""recovery"":63,""customers"":[68,69,67,65]},{""drone"":1,""index"":14,""launch"":94,""recovery"":96,""customers"":[92,93]},{""drone"":1,""index"":15,""launch"":3,""recovery"":7,""customers"":[8]},{""drone"":2,""index"":1,""launch"":0,""recovery"":61,""customers"":[50]},{""drone"":2,""index"":2,""launch"":77,""recovery"":86,""customers"":[79,87]},{""drone"":2,""index"":3,""launch"":86,""recovery"":91,""customers"":[85,89]},{""drone"":2,""index"":4,""launch"":91,""recovery"":2,""customers"":[5,4,1]},{""drone"":2,""index"":5,""launch"":2,""recovery"":16,""customers"":[6,11,12]},{""drone"":2,""index"":6,""launch"":26,""recovery"":25,""customers"":[24]},{""drone"":2,""index"":7,""launch"":25,""recovery"":37,""customers"":[34,36,39]},{""drone"":2,""index"":8,""launch"":52,""recovery"":59,""customers"":[45,54,56]},{""drone"":2,""index"":9,""launch"":95,""recovery"":96,""customers"":[97,100]},{""drone"":2,""index"":10,""launch"":3,""recovery"":7,""customers"":[75]},{""drone"":3,""index"":1,""launch"":77,""recovery"":78,""customers"":[70]},{""drone"":3,""index"":2,""launch"":78,""recovery"":86,""customers"":[73]},{""drone"":3,""index"":3,""launch"":86,""recovery"":91,""customers"":[90]},{""drone"":3,""index"":4,""launch"":26,""recovery"":37,""customers"":[31,35,38]},{""drone"":3,""index"":5,""launch"":49,""recovery"":42,""customers"":[47,46,48,44]},{""drone"":3,""index"":6,""launch"":40,""recovery"":62,""customers"":[66,74]},{""drone"":4,""index"":1,""launch"":61,""recovery"":42,""customers"":[72,55,41,43]}]",,,,,,,,,,,,,,33cae732436e27f2e125a4b852688a3264f8017f2ac4c96951d0a47651527cfc,9c5d52750feddfc0eb8e81ee37f63f5f45dd042187cac5263112c8717b3c22e8,eef623ccc16a2b3104c00cf4bd8c242ae00c09f257217ef55d5e9034a370d616
c102改100.xlsx,IALNS-final-frozen-20261002,C,102,100,206369,0.6,,,,,main_fixed8_full_ialns,4500,True,5677.480203292063,True,1687.3679049034497,2038.303052400006,2000.515625,6.616059500025585,6.40625,4.299997817724943e-05,0.0,2044.9191549000097,2006.921875,180.0,1170.0884259835912,21.359265766170203,299.9793705159893,15.94084263769903,334.0817437363645,559.4773159149923,79.70421318849515,4,33,74,26,2.242424242424242,8,7.499484262899732,60,4500,6.365206699934788,6.171875,1718.552984524427,2031.9378457000712,0.0,"[0, 25, 24, 29, 49, 42, 66, 62, 72, 79, 77, 81, 83, 85, 94, 95, 98, 2, 7, 8, 16, 19, 17, 36, 37, 53, 57, 101]","[{""drone"":1,""index"":1,""launch"":0,""recovery"":25,""customers"":[5,1,4]},{""drone"":1,""index"":2,""launch"":25,""recovery"":24,""customers"":[23]},{""drone"":1,""index"":3,""launch"":24,""recovery"":29,""customers"":[38]},{""drone"":1,""index"":4,""launch"":29,""recovery"":49,""customers"":[27]},{""drone"":1,""index"":5,""launch"":49,""recovery"":42,""customers"":[50,44]},{""drone"":1,""index"":6,""launch"":42,""recovery"":66,""customers"":[41,69]},{""drone"":1,""index"":7,""launch"":66,""recovery"":72,""customers"":[64]},{""drone"":1,""index"":8,""launch"":72,""recovery"":79,""customers"":[80,78]},{""drone"":1,""index"":9,""launch"":77,""recovery"":81,""customers"":[76]},{""drone"":1,""index"":10,""launch"":81,""recovery"":83,""customers"":[84,90]},{""drone"":1,""index"":11,""launch"":83,""recovery"":85,""customers"":[86,87]},{""drone"":1,""index"":12,""launch"":85,""recovery"":94,""customers"":[91,99,97,93,92]},{""drone"":1,""index"":13,""launch"":94,""recovery"":95,""customers"":[96]},{""drone"":1,""index"":14,""launch"":95,""recovery"":98,""customers"":[100]},{""drone"":1,""index"":15,""launch"":98,""recovery"":2,""customers"":[10,3]},{""drone"":1,""index"":16,""launch"":2,""recovery"":7,""customers"":[75]},{""drone"":1,""index"":17,""launch"":7,""recovery"":17,""customers"":[9,12,14,18]},{""drone"":1,""index"":18,""launch"":53,""recovery"":57,""customers"":[58]},{""drone"":2,""index"":1,""launch"":24,""recovery"":49,""customers"":[22,21,20,52]},{""drone"":2,""index"":2,""launch"":49,""recovery"":42,""customers"":[47]},{""drone"":2,""index"":3,""launch"":42,""recovery"":72,""customers"":[48,45,68,61]},{""drone"":2,""index"":4,""launch"":72,""recovery"":79,""customers"":[70]},{""drone"":2,""index"":5,""launch"":79,""recovery"":81,""customers"":[71]},{""drone"":2,""index"":6,""launch"":81,""recovery"":83,""customers"":[73,82]},{""drone"":2,""index"":7,""launch"":83,""recovery"":85,""customers"":[89,88]},{""drone"":2,""index"":8,""launch"":85,""recovery"":2,""customers"":[6,11]},{""drone"":3,""index"":1,""launch"":24,""recovery"":29,""customers"":[34,39]},{""drone"":3,""index"":2,""launch"":29,""recovery"":16,""customers"":[30,13,15]},{""drone"":4,""index"":1,""launch"":25,""recovery"":29,""customers"":[26,28]},{""drone"":4,""index"":2,""launch"":29,""recovery"":49,""customers"":[32,33,35,31,51]},{""drone"":4,""index"":3,""launch"":42,""recovery"":62,""customers"":[46,43,40]},{""drone"":4,""index"":4,""launch"":62,""recovery"":72,""customers"":[67,65,63,74]},{""drone"":4,""index"":5,""launch"":72,""recovery"":53,""customers"":[55,59,54,60,56]}]",,,,,,,,,,,,,,33cae732436e27f2e125a4b852688a3264f8017f2ac4c96951d0a47651527cfc,9c5d52750feddfc0eb8e81ee37f63f5f45dd042187cac5263112c8717b3c22e8,eef623ccc16a2b3104c00cf4bd8c242ae00c09f257217ef55d5e9034a370d616
c102改100.xlsx,IALNS-final-frozen-20261002,C,102,100,231779,0.6,,,,,main_fixed8_full_ialns,4500,True,5464.709609390125,True,1706.4703154264905,2350.5576950999675,2309.9375,6.538813500083052,6.390625,4.800001624971628e-05,0.0,2357.096556600067,2316.328125,180.0,1187.4749828605811,20.13220727631183,302.63334111120565,16.22978417839191,342.396868458561,534.2812582829941,81.14892089195955,4,33,68,32,2.0606060606060606,7,7.565833527780141,72,4500,6.557866999995895,6.453125,1719.5061484866703,2343.9998280999716,0.0,"[0, 8, 2, 99, 96, 95, 94, 88, 83, 81, 77, 79, 74, 62, 66, 69, 42, 49, 52, 32, 33, 37, 29, 27, 25, 17, 19, 16, 14, 7, 3, 59, 68, 101]","[{""drone"":1,""index"":1,""launch"":0,""recovery"":42,""customers"":[43,50]},{""drone"":1,""index"":2,""launch"":42,""recovery"":25,""customers"":[21,22,30,28]},{""drone"":1,""index"":3,""launch"":17,""recovery"":14,""customers"":[18,12]},{""drone"":1,""index"":4,""launch"":7,""recovery"":3,""customers"":[75]},{""drone"":1,""index"":5,""launch"":59,""recovery"":68,""customers"":[57,67,65,63]},{""drone"":2,""index"":1,""launch"":8,""recovery"":2,""customers"":[4]},{""drone"":2,""index"":2,""launch"":2,""recovery"":96,""customers"":[9,11]},{""drone"":2,""index"":3,""launch"":95,""recovery"":88,""customers"":[98,89]},{""drone"":2,""index"":4,""launch"":88,""recovery"":83,""customers"":[85,84]},{""drone"":2,""index"":5,""launch"":83,""recovery"":81,""customers"":[76,80]},{""drone"":2,""index"":6,""launch"":81,""recovery"":79,""customers"":[70]},{""drone"":2,""index"":7,""launch"":62,""recovery"":69,""customers"":[64]},{""drone"":2,""index"":8,""launch"":42,""recovery"":49,""customers"":[45,46,47]},{""drone"":2,""index"":9,""launch"":49,""recovery"":32,""customers"":[34,36,39,35]},{""drone"":2,""index"":10,""launch"":29,""recovery"":25,""customers"":[23]},{""drone"":2,""index"":11,""launch"":25,""recovery"":101,""customers"":[24]},{""drone"":3,""index"":1,""launch"":8,""recovery"":2,""customers"":[13,15]},{""drone"":3,""index"":2,""launch"":99,""recovery"":96,""customers"":[100,97]},{""drone"":3,""index"":3,""launch"":95,""recovery"":94,""customers"":[93,92]},{""drone"":3,""index"":4,""launch"":88,""recovery"":83,""customers"":[90]},{""drone"":3,""index"":5,""launch"":83,""recovery"":77,""customers"":[82,71]},{""drone"":3,""index"":6,""launch"":74,""recovery"":42,""customers"":[41]},{""drone"":3,""index"":7,""launch"":42,""recovery"":59,""customers"":[60,56,54,55]},{""drone"":4,""index"":1,""launch"":8,""recovery"":2,""customers"":[10,20,5]},{""drone"":4,""index"":2,""launch"":96,""recovery"":88,""customers"":[6,1,91]},{""drone"":4,""index"":3,""launch"":88,""recovery"":83,""customers"":[87,86]},{""drone"":4,""index"":4,""launch"":83,""recovery"":81,""customers"":[78]},{""drone"":4,""index"":5,""launch"":81,""recovery"":77,""customers"":[73]},{""drone"":4,""index"":6,""launch"":74,""recovery"":66,""customers"":[72,61]},{""drone"":4,""index"":7,""launch"":69,""recovery"":42,""customers"":[40,44,48,51]},{""drone"":4,""index"":8,""launch"":42,""recovery"":37,""customers"":[31,38]},{""drone"":4,""index"":9,""launch"":37,""recovery"":25,""customers"":[26]},{""drone"":4,""index"":10,""launch"":59,""recovery"":68,""customers"":[58,53]}]",,,,,,,,,,,,,,33cae732436e27f2e125a4b852688a3264f8017f2ac4c96951d0a47651527cfc,9c5d52750feddfc0eb8e81ee37f63f5f45dd042187cac5263112c8717b3c22e8,eef623ccc16a2b3104c00cf4bd8c242ae00c09f257217ef55d5e9034a370d616
c102改100.xlsx,IALNS-final-frozen-20261002,C,102,100,257053,0.6,,,,,main_fixed8_full_ialns,4500,True,5334.472510212394,True,1786.5770290839482,1992.6797704999335,1983.21875,6.726515999995172,6.640625,5.030003376305103e-05,0.0,1999.4063367999624,1989.859375,180.0,1065.8014582744386,6.375125119254482,519.7753560969749,14.625089593280258,311.06350471465544,442.03648043490784,73.12544796640128,4,30,68,32,2.2666666666666666,10,12.99438390242437,93,4500,8.042597600026056,7.96875,1789.487114392645,1984.6371728999075,0.0,"[0, 5, 10, 23, 25, 29, 37, 33, 32, 52, 49, 42, 57, 64, 62, 74, 79, 77, 81, 83, 85, 94, 95, 96, 12, 14, 16, 19, 17, 8, 7, 2, 75, 101]","[{""drone"":1,""index"":1,""launch"":5,""recovery"":10,""customers"":[4]},{""drone"":1,""index"":2,""launch"":10,""recovery"":23,""customers"":[15,13]},{""drone"":1,""index"":3,""launch"":23,""recovery"":25,""customers"":[26,28]},{""drone"":1,""index"":4,""launch"":25,""recovery"":52,""customers"":[27]},{""drone"":1,""index"":5,""launch"":52,""recovery"":49,""customers"":[50]},{""drone"":1,""index"":6,""launch"":49,""recovery"":42,""customers"":[47,43,41,44]},{""drone"":1,""index"":7,""launch"":42,""recovery"":57,""customers"":[40,60,56,54,55]},{""drone"":1,""index"":8,""launch"":57,""recovery"":64,""customers"":[59,58,53]},{""drone"":1,""index"":9,""launch"":64,""recovery"":74,""customers"":[67,65,63]},{""drone"":1,""index"":10,""launch"":79,""recovery"":81,""customers"":[70]},{""drone"":1,""index"":11,""launch"":83,""recovery"":85,""customers"":[82,86]},{""drone"":1,""index"":12,""launch"":85,""recovery"":94,""customers"":[88,99]},{""drone"":1,""index"":13,""launch"":94,""recovery"":96,""customers"":[100]},{""drone"":1,""index"":14,""launch"":19,""recovery"":17,""customers"":[18]},{""drone"":1,""index"":15,""launch"":7,""recovery"":2,""customers"":[3]},{""drone"":2,""index"":1,""launch"":25,""recovery"":29,""customers"":[24]},{""drone"":2,""index"":2,""launch"":37,""recovery"":33,""customers"":[38,39]},{""drone"":2,""index"":3,""launch"":33,""recovery"":49,""customers"":[36,34,30]},{""drone"":2,""index"":4,""launch"":49,""recovery"":42,""customers"":[51,48,45,46]},{""drone"":2,""index"":5,""launch"":64,""recovery"":62,""customers"":[66]},{""drone"":2,""index"":6,""launch"":74,""recovery"":79,""customers"":[61,72,80]},{""drone"":2,""index"":7,""launch"":79,""recovery"":81,""customers"":[71]},{""drone"":2,""index"":8,""launch"":85,""recovery"":75,""customers"":[90]},{""drone"":3,""index"":1,""launch"":23,""recovery"":37,""customers"":[22,21,20,31,35]},{""drone"":3,""index"":2,""launch"":64,""recovery"":62,""customers"":[68,69]},{""drone"":3,""index"":3,""launch"":62,""recovery"":77,""customers"":[78,76]},{""drone"":3,""index"":4,""launch"":77,""recovery"":81,""customers"":[73]},{""drone"":3,""index"":5,""launch"":83,""recovery"":7,""customers"":[6,9,11]},{""drone"":4,""index"":1,""launch"":5,""recovery"":85,""customers"":[1,91,89,87,84]},{""drone"":4,""index"":2,""launch"":94,""recovery"":2,""customers"":[92,93,97,98]}]",,,,,,,,,,,,,,33cae732436e27f2e125a4b852688a3264f8017f2ac4c96951d0a47651527cfc,9c5d52750feddfc0eb8e81ee37f63f5f45dd042187cac5263112c8717b3c22e8,eef623ccc16a2b3104c00cf4bd8c242ae00c09f257217ef55d5e9034a370d616
c102改100.xlsx,IALNS-final-frozen-20261002,C,102,100,282427,0.6,,,,,main_fixed8_full_ialns,4500,True,5162.37682433978,True,1898.2146719317395,2010.164424900082,1943.125,6.651619600015692,6.34375,4.3500098399817944e-05,0.0,2016.816088000196,1949.46875,180.0,1111.899398278016,14.149039827667355,576.8906548178236,15.275579008232729,325.6711627661104,449.61969993228234,76.37789504116364,4,31,69,31,2.225806451612903,7,14.422266370445591,62,4500,7.673932299949229,7.34375,1904.992178328747,2002.4904926001327,0.0,"[0, 89, 91, 2, 4, 7, 23, 25, 29, 37, 33, 32, 52, 49, 42, 57, 64, 62, 74, 79, 77, 81, 82, 85, 94, 95, 96, 12, 14, 16, 19, 17, 101]","[{""drone"":1,""index"":1,""launch"":89,""recovery"":91,""customers"":[86,84]},{""drone"":1,""index"":2,""launch"":4,""recovery"":7,""customers"":[1,99,3,5]},{""drone"":1,""index"":3,""launch"":7,""recovery"":25,""customers"":[6,10,21,22]},{""drone"":1,""index"":4,""launch"":25,""recovery"":29,""customers"":[20,24]},{""drone"":1,""index"":5,""launch"":37,""recovery"":32,""customers"":[38,35,31]},{""drone"":1,""index"":6,""launch"":49,""recovery"":42,""customers"":[51,48,45,44]},{""drone"":1,""index"":7,""launch"":42,""recovery"":57,""customers"":[55,58]},{""drone"":1,""index"":8,""launch"":57,""recovery"":64,""customers"":[59,60,56,53,54]},{""drone"":1,""index"":9,""launch"":64,""recovery"":62,""customers"":[66]},{""drone"":1,""index"":10,""launch"":79,""recovery"":81,""customers"":[71]},{""drone"":1,""index"":11,""launch"":82,""recovery"":85,""customers"":[83,87,88]},{""drone"":1,""index"":12,""launch"":94,""recovery"":96,""customers"":[97,100]},{""drone"":1,""index"":13,""launch"":19,""recovery"":17,""customers"":[18]},{""drone"":1,""index"":14,""launch"":17,""recovery"":101,""customers"":[9,75]},{""drone"":2,""index"":1,""launch"":4,""recovery"":7,""customers"":[15,11]},{""drone"":2,""index"":2,""launch"":7,""recovery"":23,""customers"":[8,13]},{""drone"":2,""index"":3,""launch"":23,""recovery"":25,""customers"":[26,28]},{""drone"":2,""index"":4,""launch"":25,""recovery"":29,""customers"":[27,30]},{""drone"":2,""index"":5,""launch"":37,""recovery"":33,""customers"":[39,36,34]},{""drone"":2,""index"":6,""launch"":49,""recovery"":42,""customers"":[47,43]},{""drone"":2,""index"":7,""launch"":42,""recovery"":64,""customers"":[41,69,61]},{""drone"":2,""index"":8,""launch"":64,""recovery"":77,""customers"":[72,80]},{""drone"":2,""index"":9,""launch"":77,""recovery"":81,""customers"":[73]},{""drone"":2,""index"":10,""launch"":81,""recovery"":85,""customers"":[90]},{""drone"":2,""index"":11,""launch"":94,""recovery"":96,""customers"":[98]},{""drone"":3,""index"":1,""launch"":29,""recovery"":52,""customers"":[50]},{""drone"":3,""index"":2,""launch"":49,""recovery"":42,""customers"":[46,40]},{""drone"":3,""index"":3,""launch"":42,""recovery"":62,""customers"":[68,67,65,63]},{""drone"":3,""index"":4,""launch"":79,""recovery"":81,""customers"":[70]},{""drone"":3,""index"":5,""launch"":94,""recovery"":95,""customers"":[92,93]},{""drone"":4,""index"":1,""launch"":89,""recovery"":81,""customers"":[76,78]}]",,,,,,,,,,,,,,33cae732436e27f2e125a4b852688a3264f8017f2ac4c96951d0a47651527cfc,9c5d52750feddfc0eb8e81ee37f63f5f45dd042187cac5263112c8717b3c22e8,eef623ccc16a2b3104c00cf4bd8c242ae00c09f257217ef55d5e9034a370d616
c102改100.xlsx,IALNS-final-frozen-20261002,C,102,100,307831,0.6,,,,,main_fixed8_full_ialns,4500,True,5141.188010609783,True,1739.0750384537612,2367.205636199913,2355.359375,6.415371299954131,6.359375,4.409998655319214e-05,0.0,2373.6210515998537,2361.71875,180.0,1177.505769060916,14.921535320700869,350.4420425946432,16.205691477500917,346.7399278675228,457.61995152782487,81.02845738750459,4,29,67,33,2.310344827586207,10,8.76105106486608,52,4500,6.462515400024131,6.4375,1742.306775971829,2360.743120799889,2.2737367544323206e-13,"[0, 22, 25, 29, 34, 49, 42, 41, 69, 66, 62, 72, 79, 77, 73, 78, 86, 87, 85, 98, 95, 94, 96, 2, 7, 8, 16, 19, 17, 36, 37, 35, 59, 57, 101]","[{""drone"":1,""index"":1,""launch"":0,""recovery"":22,""customers"":[4]},{""drone"":1,""index"":2,""launch"":22,""recovery"":25,""customers"":[23]},{""drone"":1,""index"":3,""launch"":29,""recovery"":34,""customers"":[39,38]},{""drone"":1,""index"":4,""launch"":34,""recovery"":49,""customers"":[33,32,31,52]},{""drone"":1,""index"":5,""launch"":49,""recovery"":42,""customers"":[47,51,48,46]},{""drone"":1,""index"":6,""launch"":42,""recovery"":41,""customers"":[40]},{""drone"":1,""index"":7,""launch"":66,""recovery"":62,""customers"":[64]},{""drone"":1,""index"":8,""launch"":62,""recovery"":72,""customers"":[67,65,63,74]},{""drone"":1,""index"":9,""launch"":72,""recovery"":77,""customers"":[80,76]},{""drone"":1,""index"":10,""launch"":77,""recovery"":73,""customers"":[70]},{""drone"":1,""index"":11,""launch"":73,""recovery"":78,""customers"":[71]},{""drone"":1,""index"":12,""launch"":78,""recovery"":86,""customers"":[81,82,83,84,89]},{""drone"":1,""index"":13,""launch"":87,""recovery"":85,""customers"":[90]},{""drone"":1,""index"":14,""launch"":85,""recovery"":98,""customers"":[88,91,6]},{""drone"":1,""index"":15,""launch"":98,""recovery"":2,""customers"":[9,11]},{""drone"":1,""index"":16,""launch"":2,""recovery"":7,""customers"":[75]},{""drone"":1,""index"":17,""launch"":7,""recovery"":8,""customers"":[10]},{""drone"":1,""index"":18,""launch"":16,""recovery"":17,""customers"":[14,12,18]},{""drone"":1,""index"":19,""launch"":17,""recovery"":36,""customers"":[27]},{""drone"":1,""index"":20,""launch"":59,""recovery"":57,""customers"":[58]},{""drone"":2,""index"":1,""launch"":22,""recovery"":98,""customers"":[5,3,1,99]},{""drone"":2,""index"":2,""launch"":95,""recovery"":94,""customers"":[93,92]},{""drone"":2,""index"":3,""launch"":94,""recovery"":2,""customers"":[97,100]},{""drone"":3,""index"":1,""launch"":25,""recovery"":34,""customers"":[26]},{""drone"":3,""index"":2,""launch"":34,""recovery"":49,""customers"":[24]},{""drone"":3,""index"":3,""launch"":49,""recovery"":42,""customers"":[50,44]},{""drone"":3,""index"":4,""launch"":42,""recovery"":72,""customers"":[43,45,68,61]},{""drone"":3,""index"":5,""launch"":72,""recovery"":59,""customers"":[55,54,53,56,60]},{""drone"":4,""index"":1,""launch"":25,""recovery"":19,""customers"":[20,21,28,30,13,15]}]",,,,,,,,,,,,,,33cae732436e27f2e125a4b852688a3264f8017f2ac4c96951d0a47651527cfc,9c5d52750feddfc0eb8e81ee37f63f5f45dd042187cac5263112c8717b3c22e8,eef623ccc16a2b3104c00cf4bd8c242ae00c09f257217ef55d5e9034a370d616
c102改100.xlsx,IALNS-final-frozen-20261002,C,102,100,333287,0.6,,,,,main_fixed8_full_ialns,4500,True,5677.480203292063,True,1548.850440205154,2163.540916799917,2157.671875,7.360185400000773,7.34375,4.329998046159744e-05,0.0,2170.901145499898,2165.015625,180.0,1163.699342371854,2.7793208304422135,186.34287803546619,16.02889896739148,343.5251614415733,443.74619349044775,80.1444948369574,4,33,71,29,2.1515151515151514,6,4.658571950886655,127,4500,5.742362500051968,5.734375,1551.973729034614,2157.798554299865,0.0,"[0, 89, 81, 77, 74, 62, 66, 41, 42, 49, 52, 32, 33, 37, 29, 25, 26, 17, 19, 16, 8, 7, 2, 96, 95, 94, 88, 87, 68, 59, 101]","[{""drone"":1,""index"":1,""launch"":0,""recovery"":89,""customers"":[5,4,1]},{""drone"":1,""index"":2,""launch"":81,""recovery"":77,""customers"":[78,76]},{""drone"":1,""index"":3,""launch"":77,""recovery"":74,""customers"":[73]},{""drone"":1,""index"":4,""launch"":74,""recovery"":66,""customers"":[63,65,67,69]},{""drone"":1,""index"":5,""launch"":66,""recovery"":41,""customers"":[50,44]},{""drone"":1,""index"":6,""launch"":42,""recovery"":49,""customers"":[46,45,48,51]},{""drone"":1,""index"":7,""launch"":49,""recovery"":32,""customers"":[47,43,20,21,22]},{""drone"":1,""index"":8,""launch"":32,""recovery"":37,""customers"":[31,35,38]},{""drone"":1,""index"":9,""launch"":29,""recovery"":25,""customers"":[24]},{""drone"":1,""index"":10,""launch"":25,""recovery"":26,""customers"":[23]},{""drone"":1,""index"":11,""launch"":26,""recovery"":8,""customers"":[6,9,11]},{""drone"":1,""index"":12,""launch"":8,""recovery"":7,""customers"":[10]},{""drone"":1,""index"":13,""launch"":7,""recovery"":2,""customers"":[75]},{""drone"":1,""index"":14,""launch"":2,""recovery"":96,""customers"":[90]},{""drone"":1,""index"":15,""launch"":95,""recovery"":94,""customers"":[93,92]},{""drone"":1,""index"":16,""launch"":88,""recovery"":87,""customers"":[82,83,86]},{""drone"":1,""index"":17,""launch"":68,""recovery"":59,""customers"":[53,58]},{""drone"":2,""index"":1,""launch"":81,""recovery"":77,""customers"":[70]},{""drone"":2,""index"":2,""launch"":77,""recovery"":74,""customers"":[79,80]},{""drone"":2,""index"":3,""launch"":74,""recovery"":66,""customers"":[72,61]},{""drone"":2,""index"":4,""launch"":32,""recovery"":37,""customers"":[34,36,39]},{""drone"":2,""index"":5,""launch"":29,""recovery"":25,""customers"":[30,27]},{""drone"":2,""index"":6,""launch"":25,""recovery"":17,""customers"":[28,13,15,18]},{""drone"":2,""index"":7,""launch"":19,""recovery"":16,""customers"":[12,14]},{""drone"":2,""index"":8,""launch"":8,""recovery"":7,""customers"":[3]},{""drone"":2,""index"":9,""launch"":96,""recovery"":94,""customers"":[100,97]},{""drone"":2,""index"":10,""launch"":88,""recovery"":87,""customers"":[91]},{""drone"":2,""index"":11,""launch"":68,""recovery"":59,""customers"":[57]},{""drone"":3,""index"":1,""launch"":89,""recovery"":96,""customers"":[84,98,99]},{""drone"":3,""index"":2,""launch"":88,""recovery"":87,""customers"":[85]},{""drone"":4,""index"":1,""launch"":81,""recovery"":77,""customers"":[71]},{""drone"":4,""index"":2,""launch"":74,""recovery"":66,""customers"":[64]},{""drone"":4,""index"":3,""launch"":41,""recovery"":59,""customers"":[40,55,54,56,60]}]",,,,,,,,,,,,,,33cae732436e27f2e125a4b852688a3264f8017f2ac4c96951d0a47651527cfc,9c5d52750feddfc0eb8e81ee37f63f5f45dd042187cac5263112c8717b3c22e8,eef623ccc16a2b3104c00cf4bd8c242ae00c09f257217ef55d5e9034a370d616
r102改100.xlsx,IALNS-final-frozen-20261002,R,102,100,104729,0.6,,,,,main_fixed8_full_ialns,4500,True,6941.952840233564,True,1273.973698041093,2005.8600234000478,1967.0,8.910340499947779,8.734375,4.3599982745945454e-05,0.0,2014.7704074999783,1975.734375,180.0,946.1475358906506,11.579360175568967,123.67966631093142,12.56713566394209,249.3689597314443,660.135522321059,62.83567831971044,4,34,75,25,2.2058823529411766,4,3.0919916577732858,55,4500,6.401344300014898,6.25,1291.0142749155673,1999.458679100033,0.0,"[0, 28, 3, 81, 9, 71, 66, 32, 62, 82, 60, 5, 85, 16, 86, 14, 15, 41, 23, 67, 39, 25, 55, 54, 76, 1, 101]","[{""drone"":1,""index"":1,""launch"":3,""recovery"":81,""customers"":[80,50]},{""drone"":1,""index"":2,""launch"":66,""recovery"":32,""customers"":[20,30]},{""drone"":1,""index"":3,""launch"":32,""recovery"":62,""customers"":[90,63,64]},{""drone"":1,""index"":4,""launch"":62,""recovery"":82,""customers"":[19,49,47]},{""drone"":1,""index"":5,""launch"":82,""recovery"":60,""customers"":[46,8]},{""drone"":1,""index"":6,""launch"":60,""recovery"":5,""customers"":[94]},{""drone"":1,""index"":7,""launch"":5,""recovery"":16,""customers"":[99,93,98,37]},{""drone"":1,""index"":8,""launch"":14,""recovery"":15,""customers"":[43,42,97,87]},{""drone"":1,""index"":9,""launch"":15,""recovery"":41,""customers"":[2,74,75]},{""drone"":1,""index"":10,""launch"":41,""recovery"":39,""customers"":[73,56]},{""drone"":1,""index"":11,""launch"":54,""recovery"":76,""customers"":[68,34,78,79,77]},{""drone"":1,""index"":12,""launch"":76,""recovery"":101,""customers"":[72,21,40]},{""drone"":2,""index"":1,""launch"":3,""recovery"":81,""customers"":[33]},{""drone"":2,""index"":2,""launch"":71,""recovery"":32,""customers"":[35,65]},{""drone"":2,""index"":3,""launch"":32,""recovery"":62,""customers"":[88]},{""drone"":2,""index"":4,""launch"":62,""recovery"":82,""customers"":[7]},{""drone"":2,""index"":5,""launch"":82,""recovery"":60,""customers"":[18]},{""drone"":2,""index"":6,""launch"":5,""recovery"":16,""customers"":[44,38]},{""drone"":2,""index"":7,""launch"":16,""recovery"":41,""customers"":[57,22]},{""drone"":2,""index"":8,""launch"":55,""recovery"":54,""customers"":[4]},{""drone"":2,""index"":9,""launch"":54,""recovery"":76,""customers"":[29]},{""drone"":3,""index"":1,""launch"":28,""recovery"":3,""customers"":[53,12]},{""drone"":3,""index"":2,""launch"":32,""recovery"":62,""customers"":[31,52]},{""drone"":3,""index"":3,""launch"":62,""recovery"":82,""customers"":[36]},{""drone"":3,""index"":4,""launch"":82,""recovery"":60,""customers"":[69,27]},{""drone"":3,""index"":5,""launch"":85,""recovery"":101,""customers"":[61,6,95,13,58]},{""drone"":4,""index"":1,""launch"":9,""recovery"":62,""customers"":[51,70,10]},{""drone"":4,""index"":2,""launch"":62,""recovery"":82,""customers"":[11,48]},{""drone"":4,""index"":3,""launch"":82,""recovery"":60,""customers"":[45,17,84,83]},{""drone"":4,""index"":4,""launch"":60,""recovery"":5,""customers"":[96,92,59]},{""drone"":4,""index"":5,""launch"":5,""recovery"":85,""customers"":[100]},{""drone"":4,""index"":6,""launch"":85,""recovery"":16,""customers"":[91]},{""drone"":4,""index"":7,""launch"":55,""recovery"":54,""customers"":[24]},{""drone"":4,""index"":8,""launch"":54,""recovery"":101,""customers"":[26,89]}]",,,,,,,,,,,,,,33cae732436e27f2e125a4b852688a3264f8017f2ac4c96951d0a47651527cfc,ef08b1929b4b5785b9a73d3fb0eb2083aad151ccb6e949578cbaf5221012d353,61b3df7bfe5784e43ae11c8a8163be425512c81082a91865fe1fe72d7107e4db
r102改100.xlsx,IALNS-final-frozen-20261002,R,102,100,130363,0.6,,,,,main_fixed8_full_ialns,4500,True,4903.808809516414,True,1221.1041390777025,2497.123230200028,2366.390625,8.232242099940777,7.84375,4.6600005589425564e-05,0.0,2505.3555188999744,2374.234375,180.0,919.0575381189934,10.602691749137058,99.19482752902269,12.249081680549494,244.9167587106182,614.3575399571296,61.24540840274747,4,34,73,27,2.1470588235294117,2,2.479870688225567,85,4500,6.557109800050966,6.390625,1224.9499242372924,2490.566120399977,-2.2737367544323206e-13,"[0, 28, 33, 9, 71, 66, 32, 90, 62, 7, 18, 60, 5, 85, 16, 86, 44, 14, 15, 41, 23, 67, 39, 25, 55, 54, 76, 1, 101]","[{""drone"":1,""index"":1,""launch"":28,""recovery"":33,""customers"":[53,12,3]},{""drone"":1,""index"":2,""launch"":33,""recovery"":9,""customers"":[50,81]},{""drone"":1,""index"":3,""launch"":32,""recovery"":62,""customers"":[64,11]},{""drone"":1,""index"":4,""launch"":62,""recovery"":7,""customers"":[19,47]},{""drone"":1,""index"":5,""launch"":7,""recovery"":18,""customers"":[31,52]},{""drone"":1,""index"":6,""launch"":18,""recovery"":60,""customers"":[89]},{""drone"":1,""index"":7,""launch"":5,""recovery"":85,""customers"":[59,95,97]},{""drone"":1,""index"":8,""launch"":85,""recovery"":16,""customers"":[91]},{""drone"":1,""index"":9,""launch"":86,""recovery"":44,""customers"":[38]},{""drone"":1,""index"":10,""launch"":14,""recovery"":15,""customers"":[94,13,57]},{""drone"":1,""index"":11,""launch"":41,""recovery"":39,""customers"":[75,74,72,21]},{""drone"":1,""index"":12,""launch"":55,""recovery"":54,""customers"":[80]},{""drone"":1,""index"":13,""launch"":54,""recovery"":76,""customers"":[29]},{""drone"":1,""index"":14,""launch"":76,""recovery"":1,""customers"":[79,78,51]},{""drone"":2,""index"":1,""launch"":33,""recovery"":9,""customers"":[34,35]},{""drone"":2,""index"":2,""launch"":32,""recovery"":62,""customers"":[63,49]},{""drone"":2,""index"":3,""launch"":62,""recovery"":18,""customers"":[36]},{""drone"":2,""index"":4,""launch"":60,""recovery"":85,""customers"":[6,96,92]},{""drone"":2,""index"":5,""launch"":85,""recovery"":41,""customers"":[98,87,22]},{""drone"":2,""index"":6,""launch"":41,""recovery"":101,""customers"":[2,40,26,58]},{""drone"":3,""index"":1,""launch"":0,""recovery"":90,""customers"":[27,69]},{""drone"":3,""index"":2,""launch"":90,""recovery"":62,""customers"":[30,70]},{""drone"":3,""index"":3,""launch"":62,""recovery"":7,""customers"":[48]},{""drone"":3,""index"":4,""launch"":7,""recovery"":18,""customers"":[82]},{""drone"":3,""index"":5,""launch"":5,""recovery"":85,""customers"":[99,93]},{""drone"":3,""index"":6,""launch"":85,""recovery"":44,""customers"":[37,100]},{""drone"":3,""index"":7,""launch"":14,""recovery"":15,""customers"":[42,43]},{""drone"":3,""index"":8,""launch"":41,""recovery"":39,""customers"":[73,56]},{""drone"":3,""index"":9,""launch"":55,""recovery"":54,""customers"":[4]},{""drone"":3,""index"":10,""launch"":54,""recovery"":76,""customers"":[24,68,77]},{""drone"":4,""index"":1,""launch"":71,""recovery"":90,""customers"":[65,20]},{""drone"":4,""index"":2,""launch"":62,""recovery"":7,""customers"":[10,88]},{""drone"":4,""index"":3,""launch"":7,""recovery"":60,""customers"":[46,8]},{""drone"":4,""index"":4,""launch"":5,""recovery"":16,""customers"":[84,83,45,17,61]}]",,,,,,,,,,,,,,33cae732436e27f2e125a4b852688a3264f8017f2ac4c96951d0a47651527cfc,ef08b1929b4b5785b9a73d3fb0eb2083aad151ccb6e949578cbaf5221012d353,61b3df7bfe5784e43ae11c8a8163be425512c81082a91865fe1fe72d7107e4db
r102改100.xlsx,IALNS-final-frozen-20261002,R,102,100,155921,0.6,,,,,main_fixed8_full_ialns,4500,True,5565.763756472313,True,1243.9709864003041,2231.26921259996,2215.65625,10.795703800045885,10.46875,4.2899977415800095e-05,0.0,2242.0649592999835,2226.125,160.0,952.9692315363887,9.83927852695675,108.43283271638597,12.729643620572745,255.79362592396743,618.6278458816216,63.64821810286372,3,31,73,27,2.3548387096774195,3,2.7108208179096493,110,4500,7.68412009999156,7.625,1246.589697332957,2223.5850924999686,0.0,"[0, 28, 33, 81, 9, 71, 66, 32, 62, 82, 60, 5, 85, 16, 86, 44, 14, 15, 41, 23, 67, 39, 25, 55, 24, 29, 79, 1, 101]","[{""drone"":1,""index"":1,""launch"":28,""recovery"":81,""customers"":[80,50]},{""drone"":1,""index"":2,""launch"":32,""recovery"":62,""customers"":[90,19,47]},{""drone"":1,""index"":3,""launch"":62,""recovery"":82,""customers"":[49,48]},{""drone"":1,""index"":4,""launch"":82,""recovery"":5,""customers"":[88,27]},{""drone"":1,""index"":5,""launch"":5,""recovery"":85,""customers"":[96,97,92]},{""drone"":1,""index"":6,""launch"":85,""recovery"":16,""customers"":[93,99,61]},{""drone"":1,""index"":7,""launch"":86,""recovery"":44,""customers"":[38]},{""drone"":1,""index"":8,""launch"":44,""recovery"":14,""customers"":[91]},{""drone"":1,""index"":9,""launch"":14,""recovery"":15,""customers"":[43,42,2,57]},{""drone"":1,""index"":10,""launch"":41,""recovery"":39,""customers"":[75,74,72,21]},{""drone"":1,""index"":11,""launch"":39,""recovery"":55,""customers"":[4]},{""drone"":1,""index"":12,""launch"":55,""recovery"":24,""customers"":[54]},{""drone"":1,""index"":13,""launch"":24,""recovery"":79,""customers"":[68,76,77,34,78]},{""drone"":1,""index"":14,""launch"":79,""recovery"":1,""customers"":[51,70]},{""drone"":1,""index"":15,""launch"":1,""recovery"":101,""customers"":[26,40,58,13]},{""drone"":2,""index"":1,""launch"":28,""recovery"":33,""customers"":[53,12,3]},{""drone"":2,""index"":2,""launch"":33,""recovery"":66,""customers"":[69,20]},{""drone"":2,""index"":3,""launch"":32,""recovery"":62,""customers"":[30,10]},{""drone"":2,""index"":4,""launch"":62,""recovery"":82,""customers"":[7]},{""drone"":2,""index"":5,""launch"":82,""recovery"":60,""customers"":[8,45,17,84,83]},{""drone"":2,""index"":6,""launch"":60,""recovery"":5,""customers"":[18]},{""drone"":2,""index"":7,""launch"":5,""recovery"":85,""customers"":[94,95]},{""drone"":2,""index"":8,""launch"":85,""recovery"":41,""customers"":[37,87,22]},{""drone"":2,""index"":9,""launch"":41,""recovery"":39,""customers"":[73,56]},{""drone"":3,""index"":1,""launch"":71,""recovery"":32,""customers"":[35,65]},{""drone"":3,""index"":2,""launch"":32,""recovery"":62,""customers"":[63,64,11]},{""drone"":3,""index"":3,""launch"":62,""recovery"":82,""customers"":[36]},{""drone"":3,""index"":4,""launch"":82,""recovery"":60,""customers"":[46]},{""drone"":3,""index"":5,""launch"":60,""recovery"":85,""customers"":[52,6,59]},{""drone"":3,""index"":6,""launch"":85,""recovery"":44,""customers"":[98,100]},{""drone"":3,""index"":7,""launch"":1,""recovery"":101,""customers"":[31,89]}]",,,,,,,,,,,,,,33cae732436e27f2e125a4b852688a3264f8017f2ac4c96951d0a47651527cfc,ef08b1929b4b5785b9a73d3fb0eb2083aad151ccb6e949578cbaf5221012d353,61b3df7bfe5784e43ae11c8a8163be425512c81082a91865fe1fe72d7107e4db
r102改100.xlsx,IALNS-final-frozen-20261002,R,102,100,181081,0.6,,,,,main_fixed8_full_ialns,4500,True,4599.714725611801,True,1236.0926087677872,2332.170385800069,2235.859375,8.860812700004317,8.546875,4.409998655319214e-05,0.0,2341.03124260006,2244.40625,180.0,922.5532728620663,9.056978238742506,112.12071796044359,12.36163970653471,250.09332731715105,574.244303035377,61.80819853267354,4,34,72,28,2.1176470588235294,3,2.80301794901109,74,4500,7.346606899984181,7.046875,1237.2226643548718,2324.823778900085,2.2737367544323206e-13,"[0, 28, 33, 9, 71, 66, 32, 90, 62, 7, 82, 60, 5, 85, 16, 86, 44, 42, 15, 41, 23, 67, 39, 25, 55, 54, 68, 77, 1, 101]","[{""drone"":1,""index"":1,""launch"":33,""recovery"":71,""customers"":[50,3,81,35]},{""drone"":1,""index"":2,""launch"":32,""recovery"":62,""customers"":[63,64,11]},{""drone"":1,""index"":3,""launch"":62,""recovery"":7,""customers"":[10,88]},{""drone"":1,""index"":4,""launch"":7,""recovery"":82,""customers"":[48]},{""drone"":1,""index"":5,""launch"":82,""recovery"":1,""customers"":[27,69]},{""drone"":1,""index"":6,""launch"":1,""recovery"":101,""customers"":[31,89]},{""drone"":2,""index"":1,""launch"":71,""recovery"":90,""customers"":[65,20]},{""drone"":2,""index"":2,""launch"":62,""recovery"":82,""customers"":[19,49,47]},{""drone"":2,""index"":3,""launch"":82,""recovery"":60,""customers"":[46,8]},{""drone"":2,""index"":4,""launch"":60,""recovery"":85,""customers"":[6,92,37,98]},{""drone"":2,""index"":5,""launch"":85,""recovery"":16,""customers"":[59,99,93]},{""drone"":2,""index"":6,""launch"":86,""recovery"":44,""customers"":[38]},{""drone"":2,""index"":7,""launch"":44,""recovery"":42,""customers"":[96,95,97,87]},{""drone"":2,""index"":8,""launch"":42,""recovery"":41,""customers"":[2,72,74,75]},{""drone"":2,""index"":9,""launch"":41,""recovery"":39,""customers"":[73,56]},{""drone"":2,""index"":10,""launch"":55,""recovery"":54,""customers"":[4]},{""drone"":2,""index"":11,""launch"":54,""recovery"":68,""customers"":[24]},{""drone"":2,""index"":12,""launch"":68,""recovery"":77,""customers"":[76]},{""drone"":2,""index"":13,""launch"":77,""recovery"":1,""customers"":[79,78,34,51]},{""drone"":3,""index"":1,""launch"":28,""recovery"":33,""customers"":[53,12]},{""drone"":3,""index"":2,""launch"":9,""recovery"":90,""customers"":[30,70]},{""drone"":3,""index"":3,""launch"":62,""recovery"":82,""customers"":[36]},{""drone"":3,""index"":4,""launch"":82,""recovery"":60,""customers"":[18]},{""drone"":3,""index"":5,""launch"":60,""recovery"":85,""customers"":[83,45,17,84,61]},{""drone"":3,""index"":6,""launch"":85,""recovery"":44,""customers"":[100]},{""drone"":3,""index"":7,""launch"":42,""recovery"":15,""customers"":[43]},{""drone"":3,""index"":8,""launch"":54,""recovery"":101,""customers"":[26,21,40,58]},{""drone"":4,""index"":1,""launch"":7,""recovery"":60,""customers"":[52]},{""drone"":4,""index"":2,""launch"":60,""recovery"":85,""customers"":[94,13]},{""drone"":4,""index"":3,""launch"":85,""recovery"":16,""customers"":[91]},{""drone"":4,""index"":4,""launch"":44,""recovery"":42,""customers"":[14]},{""drone"":4,""index"":5,""launch"":42,""recovery"":41,""customers"":[57,22]},{""drone"":4,""index"":6,""launch"":55,""recovery"":68,""customers"":[80]},{""drone"":4,""index"":7,""launch"":68,""recovery"":77,""customers"":[29]}]",,,,,,,,,,,,,,33cae732436e27f2e125a4b852688a3264f8017f2ac4c96951d0a47651527cfc,ef08b1929b4b5785b9a73d3fb0eb2083aad151ccb6e949578cbaf5221012d353,61b3df7bfe5784e43ae11c8a8163be425512c81082a91865fe1fe72d7107e4db
r102改100.xlsx,IALNS-final-frozen-20261002,R,102,100,206369,0.6,,,,,main_fixed8_full_ialns,4500,True,6164.150650458432,True,1399.7814436888214,2262.7810683000134,2250.875,9.557897999999113,9.515625,4.200008697807789e-05,0.0,2272.3390083000995,2260.390625,180.0,1086.6796042362648,9.437633836339327,109.04837332830076,14.615832287916483,298.12541765332446,641.011170920971,73.0791614395824,4,33,71,29,2.1515151515151514,4,2.726209333207519,53,4500,7.329171700053848,7.3125,1405.8716884353207,2255.4518965999596,0.0,"[0, 28, 33, 81, 9, 71, 66, 32, 31, 52, 18, 60, 5, 85, 16, 86, 44, 14, 15, 41, 56, 39, 67, 25, 55, 24, 77, 1, 11, 82, 101]","[{""drone"":1,""index"":1,""launch"":0,""recovery"":81,""customers"":[53,12,50]},{""drone"":1,""index"":2,""launch"":71,""recovery"":32,""customers"":[35,65]},{""drone"":1,""index"":3,""launch"":32,""recovery"":31,""customers"":[90,63,10]},{""drone"":1,""index"":4,""launch"":31,""recovery"":52,""customers"":[69]},{""drone"":1,""index"":5,""launch"":52,""recovery"":18,""customers"":[89]},{""drone"":1,""index"":6,""launch"":60,""recovery"":5,""customers"":[96,99]},{""drone"":1,""index"":7,""launch"":5,""recovery"":16,""customers"":[45,17,61]},{""drone"":1,""index"":8,""launch"":16,""recovery"":44,""customers"":[91]},{""drone"":1,""index"":9,""launch"":14,""recovery"":15,""customers"":[43,2]},{""drone"":1,""index"":10,""launch"":15,""recovery"":56,""customers"":[57,72,74,75,23]},{""drone"":1,""index"":11,""launch"":56,""recovery"":55,""customers"":[21,40,26]},{""drone"":1,""index"":12,""launch"":55,""recovery"":24,""customers"":[54]},{""drone"":1,""index"":13,""launch"":24,""recovery"":77,""customers"":[29]},{""drone"":1,""index"":14,""launch"":77,""recovery"":1,""customers"":[79,51,70]},{""drone"":2,""index"":1,""launch"":33,""recovery"":81,""customers"":[3,34]},{""drone"":2,""index"":2,""launch"":32,""recovery"":31,""customers"":[20,30]},{""drone"":2,""index"":3,""launch"":18,""recovery"":5,""customers"":[8,83,84]},{""drone"":2,""index"":4,""launch"":5,""recovery"":85,""customers"":[95,92,37,98]},{""drone"":2,""index"":5,""launch"":85,""recovery"":16,""customers"":[93,100]},{""drone"":2,""index"":6,""launch"":86,""recovery"":44,""customers"":[38]},{""drone"":2,""index"":7,""launch"":44,""recovery"":41,""customers"":[42,22]},{""drone"":2,""index"":8,""launch"":41,""recovery"":56,""customers"":[73]},{""drone"":2,""index"":9,""launch"":56,""recovery"":55,""customers"":[4]},{""drone"":2,""index"":10,""launch"":55,""recovery"":24,""customers"":[80]},{""drone"":2,""index"":11,""launch"":24,""recovery"":77,""customers"":[68,78,76]},{""drone"":2,""index"":12,""launch"":11,""recovery"":82,""customers"":[62,48]},{""drone"":3,""index"":1,""launch"":0,""recovery"":52,""customers"":[58,13,87,97,6]},{""drone"":3,""index"":2,""launch"":52,""recovery"":60,""customers"":[47]},{""drone"":3,""index"":3,""launch"":60,""recovery"":11,""customers"":[36]},{""drone"":3,""index"":4,""launch"":11,""recovery"":82,""customers"":[46]},{""drone"":4,""index"":1,""launch"":0,""recovery"":52,""customers"":[94,59,27]},{""drone"":4,""index"":2,""launch"":52,""recovery"":11,""customers"":[88,19,49]},{""drone"":4,""index"":3,""launch"":11,""recovery"":82,""customers"":[64,7]}]",,,,,,,,,,,,,,33cae732436e27f2e125a4b852688a3264f8017f2ac4c96951d0a47651527cfc,ef08b1929b4b5785b9a73d3fb0eb2083aad151ccb6e949578cbaf5221012d353,61b3df7bfe5784e43ae11c8a8163be425512c81082a91865fe1fe72d7107e4db
r102改100.xlsx,IALNS-final-frozen-20261002,R,102,100,231779,0.6,,,,,main_fixed8_full_ialns,4500,True,6404.2392402041805,True,1246.6071113936302,2603.6884856000543,2596.8125,9.213213599985465,9.21875,4.679989069700241e-05,0.0,2612.9017459999304,2606.03125,180.0,928.7936643769089,8.757562442851548,116.60954473395589,12.44633983991359,251.8547003327577,577.4318779287855,62.23169919956794,4,32,72,28,2.25,3,2.915238618348897,65,4500,6.523357000085525,6.5,1250.7071561315347,2597.1651285999687,4.547473508864641e-13,"[0, 28, 33, 81, 9, 71, 66, 32, 90, 62, 48, 82, 60, 5, 85, 16, 86, 44, 14, 15, 41, 56, 39, 67, 25, 55, 54, 77, 1, 101]","[{""drone"":1,""index"":1,""launch"":28,""recovery"":33,""customers"":[80,3]},{""drone"":1,""index"":2,""launch"":9,""recovery"":71,""customers"":[35]},{""drone"":1,""index"":3,""launch"":71,""recovery"":90,""customers"":[65,20,30]},{""drone"":1,""index"":4,""launch"":90,""recovery"":48,""customers"":[63,64,49]},{""drone"":1,""index"":5,""launch"":48,""recovery"":82,""customers"":[7]},{""drone"":1,""index"":6,""launch"":82,""recovery"":5,""customers"":[83,45,17,84]},{""drone"":1,""index"":7,""launch"":5,""recovery"":85,""customers"":[96,95,97,98]},{""drone"":1,""index"":8,""launch"":85,""recovery"":16,""customers"":[91]},{""drone"":1,""index"":9,""launch"":86,""recovery"":44,""customers"":[38]},{""drone"":1,""index"":10,""launch"":14,""recovery"":15,""customers"":[43,42,57]},{""drone"":1,""index"":11,""launch"":15,""recovery"":56,""customers"":[2,74,75,23]},{""drone"":1,""index"":12,""launch"":56,""recovery"":55,""customers"":[72,4]},{""drone"":1,""index"":13,""launch"":55,""recovery"":54,""customers"":[24]},{""drone"":1,""index"":14,""launch"":54,""recovery"":77,""customers"":[68,34,78,79]},{""drone"":1,""index"":15,""launch"":77,""recovery"":1,""customers"":[76,51,70]},{""drone"":1,""index"":16,""launch"":1,""recovery"":101,""customers"":[31,89]},{""drone"":2,""index"":1,""launch"":0,""recovery"":33,""customers"":[53,12]},{""drone"":2,""index"":2,""launch"":81,""recovery"":90,""customers"":[50,69]},{""drone"":2,""index"":3,""launch"":90,""recovery"":48,""customers"":[10,11,19,47]},{""drone"":2,""index"":4,""launch"":82,""recovery"":60,""customers"":[18]},{""drone"":2,""index"":5,""launch"":5,""recovery"":85,""customers"":[59,92]},{""drone"":2,""index"":6,""launch"":85,""recovery"":16,""customers"":[100]},{""drone"":2,""index"":7,""launch"":41,""recovery"":56,""customers"":[73]},{""drone"":2,""index"":8,""launch"":54,""recovery"":77,""customers"":[29]},{""drone"":3,""index"":1,""launch"":62,""recovery"":48,""customers"":[36]},{""drone"":3,""index"":2,""launch"":82,""recovery"":60,""customers"":[52,27]},{""drone"":3,""index"":3,""launch"":85,""recovery"":16,""customers"":[93,99,61]},{""drone"":4,""index"":1,""launch"":62,""recovery"":48,""customers"":[88]},{""drone"":4,""index"":2,""launch"":48,""recovery"":60,""customers"":[46,8]},{""drone"":4,""index"":3,""launch"":60,""recovery"":85,""customers"":[6,94,13]},{""drone"":4,""index"":4,""launch"":85,""recovery"":41,""customers"":[37,87,22]},{""drone"":4,""index"":5,""launch"":54,""recovery"":101,""customers"":[26,21,40,58]}]",,,,,,,,,,,,,,33cae732436e27f2e125a4b852688a3264f8017f2ac4c96951d0a47651527cfc,ef08b1929b4b5785b9a73d3fb0eb2083aad151ccb6e949578cbaf5221012d353,61b3df7bfe5784e43ae11c8a8163be425512c81082a91865fe1fe72d7107e4db
r102改100.xlsx,IALNS-final-frozen-20261002,R,102,100,257053,0.6,,,,,main_fixed8_full_ialns,4500,True,4798.84324903643,True,1376.4240429750305,2214.7221839999547,2204.4375,8.399548399960622,8.3125,4.239997360855341e-05,0.0,2223.121774799889,2212.75,180.0,1040.3273919060584,8.345557142838514,133.77937819647653,13.971715729657104,284.078169627635,626.9762767438443,69.85857864828552,4,33,70,30,2.121212121212121,5,3.344484454911913,127,4500,6.61779349995777,6.59375,1376.9434664960659,2208.104390499997,0.0,"[0, 93, 85, 5, 60, 48, 7, 88, 32, 66, 71, 9, 81, 79, 68, 80, 55, 25, 39, 67, 23, 15, 14, 44, 86, 16, 99, 96, 89, 1, 28, 101]","[{""drone"":1,""index"":1,""launch"":0,""recovery"":85,""customers"":[53]},{""drone"":1,""index"":2,""launch"":85,""recovery"":60,""customers"":[42,92]},{""drone"":1,""index"":3,""launch"":60,""recovery"":48,""customers"":[36]},{""drone"":1,""index"":4,""launch"":48,""recovery"":88,""customers"":[8,82]},{""drone"":1,""index"":5,""launch"":88,""recovery"":32,""customers"":[31,10]},{""drone"":1,""index"":6,""launch"":32,""recovery"":71,""customers"":[30,20,65]},{""drone"":1,""index"":7,""launch"":71,""recovery"":81,""customers"":[34,78,33]},{""drone"":1,""index"":8,""launch"":79,""recovery"":68,""customers"":[3,50,77]},{""drone"":1,""index"":9,""launch"":80,""recovery"":55,""customers"":[54]},{""drone"":1,""index"":10,""launch"":55,""recovery"":39,""customers"":[4]},{""drone"":1,""index"":11,""launch"":39,""recovery"":23,""customers"":[56,73]},{""drone"":1,""index"":12,""launch"":15,""recovery"":44,""customers"":[38]},{""drone"":1,""index"":13,""launch"":44,""recovery"":16,""customers"":[91]},{""drone"":1,""index"":14,""launch"":16,""recovery"":96,""customers"":[61,17,84,83]},{""drone"":1,""index"":15,""launch"":96,""recovery"":89,""customers"":[18]},{""drone"":1,""index"":16,""launch"":28,""recovery"":101,""customers"":[26,40,58]},{""drone"":2,""index"":1,""launch"":93,""recovery"":85,""customers"":[100]},{""drone"":2,""index"":2,""launch"":60,""recovery"":48,""customers"":[45,46]},{""drone"":2,""index"":3,""launch"":48,""recovery"":32,""customers"":[19,49,90]},{""drone"":2,""index"":4,""launch"":32,""recovery"":71,""customers"":[35]},{""drone"":2,""index"":5,""launch"":79,""recovery"":68,""customers"":[29]},{""drone"":2,""index"":6,""launch"":80,""recovery"":55,""customers"":[24]},{""drone"":2,""index"":7,""launch"":39,""recovery"":15,""customers"":[41,43]},{""drone"":3,""index"":1,""launch"":60,""recovery"":88,""customers"":[27,69]},{""drone"":3,""index"":2,""launch"":88,""recovery"":9,""customers"":[52,70,51]},{""drone"":3,""index"":3,""launch"":79,""recovery"":80,""customers"":[76,12]},{""drone"":3,""index"":4,""launch"":39,""recovery"":23,""customers"":[21,72,75]},{""drone"":3,""index"":5,""launch"":15,""recovery"":96,""customers"":[87,94]},{""drone"":4,""index"":1,""launch"":93,""recovery"":48,""customers"":[59,95,6]},{""drone"":4,""index"":2,""launch"":48,""recovery"":7,""customers"":[47]},{""drone"":4,""index"":3,""launch"":88,""recovery"":32,""customers"":[62,11,64,63]},{""drone"":4,""index"":4,""launch"":80,""recovery"":15,""customers"":[74,22,57]},{""drone"":4,""index"":5,""launch"":15,""recovery"":99,""customers"":[2,13,97,37,98]}]",,,,,,,,,,,,,,33cae732436e27f2e125a4b852688a3264f8017f2ac4c96951d0a47651527cfc,ef08b1929b4b5785b9a73d3fb0eb2083aad151ccb6e949578cbaf5221012d353,61b3df7bfe5784e43ae11c8a8163be425512c81082a91865fe1fe72d7107e4db
r102改100.xlsx,IALNS-final-frozen-20261002,R,102,100,282427,0.6,,,,,main_fixed8_full_ialns,4500,True,5734.978517494759,True,1218.2483103554848,2602.3985161000164,2581.640625,8.915666499990039,8.84375,6.009999196976423e-05,0.0,2611.3142426999984,2590.484375,180.0,911.7785533849112,10.548345699632065,103.69943943262709,12.221971838314497,247.4753020947091,564.5088236692796,61.10985919157248,4,31,73,27,2.3548387096774195,2,2.592485985815677,102,4500,6.813959099934436,6.703125,1221.8558126943906,2595.584557000082,0.0,"[0, 28, 81, 9, 71, 66, 32, 90, 62, 7, 82, 60, 5, 85, 16, 86, 44, 14, 15, 41, 23, 67, 39, 25, 55, 54, 76, 1, 101]","[{""drone"":1,""index"":1,""launch"":28,""recovery"":81,""customers"":[53,12,50]},{""drone"":1,""index"":2,""launch"":71,""recovery"":90,""customers"":[65,20,30]},{""drone"":1,""index"":3,""launch"":90,""recovery"":62,""customers"":[70,31]},{""drone"":1,""index"":4,""launch"":62,""recovery"":7,""customers"":[10,88]},{""drone"":1,""index"":5,""launch"":7,""recovery"":82,""customers"":[48]},{""drone"":1,""index"":6,""launch"":82,""recovery"":60,""customers"":[46,8]},{""drone"":1,""index"":7,""launch"":5,""recovery"":16,""customers"":[84,45,17,61]},{""drone"":1,""index"":8,""launch"":86,""recovery"":44,""customers"":[38]},{""drone"":1,""index"":9,""launch"":41,""recovery"":23,""customers"":[75,74,21,72]},{""drone"":1,""index"":10,""launch"":55,""recovery"":54,""customers"":[80,68]},{""drone"":1,""index"":11,""launch"":54,""recovery"":76,""customers"":[29]},{""drone"":1,""index"":12,""launch"":76,""recovery"":1,""customers"":[77,79,78,51]},{""drone"":2,""index"":1,""launch"":81,""recovery"":71,""customers"":[33,3,34,35]},{""drone"":2,""index"":2,""launch"":32,""recovery"":62,""customers"":[63,64,11]},{""drone"":2,""index"":3,""launch"":62,""recovery"":82,""customers"":[36]},{""drone"":2,""index"":4,""launch"":82,""recovery"":60,""customers"":[52,83]},{""drone"":2,""index"":5,""launch"":5,""recovery"":85,""customers"":[59,92,98]},{""drone"":2,""index"":6,""launch"":85,""recovery"":16,""customers"":[91]},{""drone"":2,""index"":7,""launch"":14,""recovery"":15,""customers"":[43,42,87,57]},{""drone"":2,""index"":8,""launch"":41,""recovery"":39,""customers"":[73,56]},{""drone"":2,""index"":9,""launch"":55,""recovery"":54,""customers"":[24]},{""drone"":3,""index"":1,""launch"":0,""recovery"":62,""customers"":[27,69]},{""drone"":3,""index"":2,""launch"":62,""recovery"":82,""customers"":[19,49,47]},{""drone"":3,""index"":3,""launch"":82,""recovery"":60,""customers"":[18]},{""drone"":3,""index"":4,""launch"":5,""recovery"":85,""customers"":[99,95,93]},{""drone"":3,""index"":5,""launch"":85,""recovery"":41,""customers"":[37,97,22]},{""drone"":3,""index"":6,""launch"":55,""recovery"":54,""customers"":[4]},{""drone"":3,""index"":7,""launch"":54,""recovery"":101,""customers"":[26,40,2]},{""drone"":4,""index"":1,""launch"":0,""recovery"":60,""customers"":[58,13,89]},{""drone"":4,""index"":2,""launch"":60,""recovery"":85,""customers"":[6,94,96]},{""drone"":4,""index"":3,""launch"":85,""recovery"":44,""customers"":[100]}]",,,,,,,,,,,,,,33cae732436e27f2e125a4b852688a3264f8017f2ac4c96951d0a47651527cfc,ef08b1929b4b5785b9a73d3fb0eb2083aad151ccb6e949578cbaf5221012d353,61b3df7bfe5784e43ae11c8a8163be425512c81082a91865fe1fe72d7107e4db
r102改100.xlsx,IALNS-final-frozen-20261002,R,102,100,307831,0.6,,,,,main_fixed8_full_ialns,4500,True,6510.559480538927,True,1265.9476070694768,2577.8728066999465,2554.4375,9.365051699918695,9.296875,4.299997817724943e-05,0.0,2587.2379013998434,2563.734375,180.0,946.3716371174148,8.198893233915028,118.71784018473446,12.659236533412363,255.1631763466568,602.9403602581478,63.296182667061814,4,34,72,28,2.1176470588235294,4,2.9679460046183612,76,4500,6.3817895000102,6.34375,1268.8678830972362,2571.4910171999363,2.2737367544323206e-13,"[0, 28, 33, 81, 9, 71, 66, 32, 90, 19, 82, 18, 60, 5, 85, 16, 86, 44, 14, 15, 41, 23, 67, 39, 25, 55, 54, 77, 1, 101]","[{""drone"":1,""index"":1,""launch"":28,""recovery"":81,""customers"":[53,12,3]},{""drone"":1,""index"":2,""launch"":9,""recovery"":71,""customers"":[34,35]},{""drone"":1,""index"":3,""launch"":71,""recovery"":90,""customers"":[65]},{""drone"":1,""index"":4,""launch"":90,""recovery"":19,""customers"":[63,64,11]},{""drone"":1,""index"":5,""launch"":19,""recovery"":82,""customers"":[36]},{""drone"":1,""index"":6,""launch"":82,""recovery"":60,""customers"":[8,45,83]},{""drone"":1,""index"":7,""launch"":5,""recovery"":85,""customers"":[84,17,61]},{""drone"":1,""index"":8,""launch"":85,""recovery"":16,""customers"":[91]},{""drone"":1,""index"":9,""launch"":86,""recovery"":44,""customers"":[38]},{""drone"":1,""index"":10,""launch"":14,""recovery"":15,""customers"":[43]},{""drone"":1,""index"":11,""launch"":15,""recovery"":41,""customers"":[2,72,74,75]},{""drone"":1,""index"":12,""launch"":41,""recovery"":39,""customers"":[73,56]},{""drone"":1,""index"":13,""launch"":54,""recovery"":77,""customers"":[29]},{""drone"":1,""index"":14,""launch"":77,""recovery"":1,""customers"":[79,78,51]},{""drone"":2,""index"":1,""launch"":0,""recovery"":18,""customers"":[27,69]},{""drone"":2,""index"":2,""launch"":18,""recovery"":60,""customers"":[89]},{""drone"":2,""index"":3,""launch"":60,""recovery"":85,""customers"":[94,95,98]},{""drone"":2,""index"":4,""launch"":85,""recovery"":15,""customers"":[59,13,97,42,57]},{""drone"":2,""index"":5,""launch"":55,""recovery"":54,""customers"":[4]},{""drone"":2,""index"":6,""launch"":54,""recovery"":77,""customers"":[68,24]},{""drone"":2,""index"":7,""launch"":77,""recovery"":1,""customers"":[76,31]},{""drone"":3,""index"":1,""launch"":33,""recovery"":9,""customers"":[80,50]},{""drone"":3,""index"":2,""launch"":90,""recovery"":19,""customers"":[88,10]},{""drone"":3,""index"":3,""launch"":19,""recovery"":82,""customers"":[49,48]},{""drone"":3,""index"":4,""launch"":82,""recovery"":18,""customers"":[7]},{""drone"":3,""index"":5,""launch"":5,""recovery"":85,""customers"":[99,93]},{""drone"":3,""index"":6,""launch"":85,""recovery"":44,""customers"":[100]},{""drone"":3,""index"":7,""launch"":54,""recovery"":101,""customers"":[26,21,40,58]},{""drone"":4,""index"":1,""launch"":66,""recovery"":32,""customers"":[20,30]},{""drone"":4,""index"":2,""launch"":90,""recovery"":19,""customers"":[70,62,47]},{""drone"":4,""index"":3,""launch"":19,""recovery"":82,""customers"":[46]},{""drone"":4,""index"":4,""launch"":82,""recovery"":18,""customers"":[52]},{""drone"":4,""index"":5,""launch"":60,""recovery"":85,""customers"":[6,96,92]},{""drone"":4,""index"":6,""launch"":85,""recovery"":41,""customers"":[37,87,22]}]",,,,,,,,,,,,,,33cae732436e27f2e125a4b852688a3264f8017f2ac4c96951d0a47651527cfc,ef08b1929b4b5785b9a73d3fb0eb2083aad151ccb6e949578cbaf5221012d353,61b3df7bfe5784e43ae11c8a8163be425512c81082a91865fe1fe72d7107e4db
r102改100.xlsx,IALNS-final-frozen-20261002,R,102,100,333287,0.6,,,,,main_fixed8_full_ialns,4500,True,5241.976396332063,True,1368.3340636594319,2373.91838129994,2335.046875,8.824203199939802,8.640625,4.409998655319214e-05,0.0,2382.7426285998663,2343.6875,180.0,1008.6610238193184,15.652649281797068,150.4663053876062,13.554085170710426,275.92358849572855,602.9675277737758,67.77042585355213,4,32,69,31,2.15625,6,3.761657634690155,95,4500,6.565891599981114,6.46875,1374.9461532003736,2367.352489699959,-2.2737367544323206e-13,"[0, 92, 85, 5, 60, 7, 62, 90, 32, 66, 71, 9, 81, 3, 68, 80, 55, 25, 39, 67, 23, 15, 14, 44, 86, 16, 93, 99, 96, 89, 1, 28, 101]","[{""drone"":1,""index"":1,""launch"":0,""recovery"":7,""customers"":[58,40,53,27]},{""drone"":1,""index"":2,""launch"":7,""recovery"":62,""customers"":[47,49,19]},{""drone"":1,""index"":3,""launch"":62,""recovery"":32,""customers"":[52,31]},{""drone"":1,""index"":4,""launch"":66,""recovery"":71,""customers"":[65]},{""drone"":1,""index"":5,""launch"":81,""recovery"":3,""customers"":[51,33]},{""drone"":1,""index"":6,""launch"":3,""recovery"":68,""customers"":[77,76]},{""drone"":1,""index"":7,""launch"":68,""recovery"":23,""customers"":[21,22]},{""drone"":1,""index"":8,""launch"":23,""recovery"":15,""customers"":[74,72,2,87,57]},{""drone"":1,""index"":9,""launch"":15,""recovery"":16,""customers"":[13,94,6]},{""drone"":1,""index"":10,""launch"":16,""recovery"":99,""customers"":[61,17,84,83]},{""drone"":1,""index"":11,""launch"":96,""recovery"":89,""customers"":[18]},{""drone"":1,""index"":12,""launch"":28,""recovery"":101,""customers"":[26]},{""drone"":2,""index"":1,""launch"":92,""recovery"":85,""customers"":[100]},{""drone"":2,""index"":2,""launch"":60,""recovery"":7,""customers"":[8,82]},{""drone"":2,""index"":3,""launch"":62,""recovery"":90,""customers"":[88,10]},{""drone"":2,""index"":4,""launch"":90,""recovery"":9,""customers"":[30,20,35]},{""drone"":2,""index"":5,""launch"":9,""recovery"":3,""customers"":[34,78,79]},{""drone"":2,""index"":6,""launch"":3,""recovery"":68,""customers"":[29]},{""drone"":2,""index"":7,""launch"":80,""recovery"":55,""customers"":[54]},{""drone"":2,""index"":8,""launch"":55,""recovery"":39,""customers"":[4]},{""drone"":2,""index"":9,""launch"":39,""recovery"":23,""customers"":[56,75]},{""drone"":2,""index"":10,""launch"":23,""recovery"":15,""customers"":[73]},{""drone"":2,""index"":11,""launch"":15,""recovery"":14,""customers"":[38]},{""drone"":2,""index"":12,""launch"":16,""recovery"":93,""customers"":[91]},{""drone"":3,""index"":1,""launch"":60,""recovery"":7,""customers"":[45,46]},{""drone"":3,""index"":2,""launch"":7,""recovery"":62,""customers"":[48,70]},{""drone"":3,""index"":3,""launch"":80,""recovery"":55,""customers"":[12,24]},{""drone"":3,""index"":4,""launch"":39,""recovery"":15,""customers"":[41,43]},{""drone"":4,""index"":1,""launch"":85,""recovery"":60,""customers"":[98,37,42,97,95,59]},{""drone"":4,""index"":2,""launch"":7,""recovery"":62,""customers"":[36]},{""drone"":4,""index"":3,""launch"":62,""recovery"":90,""customers"":[11,64,63]},{""drone"":4,""index"":4,""launch"":3,""recovery"":1,""customers"":[50,69]}]",,,,,,,,,,,,,,33cae732436e27f2e125a4b852688a3264f8017f2ac4c96951d0a47651527cfc,ef08b1929b4b5785b9a73d3fb0eb2083aad151ccb6e949578cbaf5221012d353,61b3df7bfe5784e43ae11c8a8163be425512c81082a91865fe1fe72d7107e4db
rc102改100.xlsx,IALNS-final-frozen-20261002,RC,102,100,104729,0.6,,,,,main_fixed8_full_ialns,4500,True,8900.735346320213,True,2054.588186838598,2159.9689197000116,2152.5625,11.520420100074261,11.5,4.23000892624259e-05,0.0,2171.489382100175,2164.0625,180.0,1257.670405688852,2.490758410652404,597.3171142212983,17.109908517795073,357.53601828829795,616.8745027465279,85.54954258897537,4,31,72,28,2.3225806451612905,9,14.932927855532457,64,4500,5.205058200052008,5.203125,2063.4400084772888,2154.7638614999596,4.547473508864641e-13,"[0, 91, 85, 33, 30, 34, 71, 72, 35, 39, 42, 70, 45, 8, 79, 60, 47, 16, 15, 59, 58, 24, 20, 95, 94, 92, 66, 65, 98, 101]","[{""drone"":1,""index"":1,""launch"":91,""recovery"":85,""customers"":[83,64,51]},{""drone"":1,""index"":2,""launch"":85,""recovery"":33,""customers"":[63,76,89]},{""drone"":1,""index"":3,""launch"":33,""recovery"":30,""customers"":[32,31]},{""drone"":1,""index"":4,""launch"":30,""recovery"":71,""customers"":[28,26,27,29]},{""drone"":1,""index"":5,""launch"":71,""recovery"":72,""customers"":[93,96]},{""drone"":1,""index"":6,""launch"":72,""recovery"":39,""customers"":[41,44,43,40]},{""drone"":1,""index"":7,""launch"":70,""recovery"":60,""customers"":[100,55,88,53]},{""drone"":1,""index"":8,""launch"":60,""recovery"":47,""customers"":[11,10,17]},{""drone"":1,""index"":9,""launch"":47,""recovery"":16,""customers"":[14,12]},{""drone"":1,""index"":10,""launch"":59,""recovery"":20,""customers"":[48]},{""drone"":1,""index"":11,""launch"":95,""recovery"":92,""customers"":[84]},{""drone"":2,""index"":1,""launch"":91,""recovery"":85,""customers"":[56,67]},{""drone"":2,""index"":2,""launch"":85,""recovery"":71,""customers"":[50,62]},{""drone"":2,""index"":3,""launch"":35,""recovery"":39,""customers"":[36,37,38]},{""drone"":2,""index"":4,""launch"":70,""recovery"":45,""customers"":[1,3]},{""drone"":2,""index"":5,""launch"":45,""recovery"":8,""customers"":[5,46]},{""drone"":2,""index"":6,""launch"":79,""recovery"":60,""customers"":[73,78]},{""drone"":2,""index"":7,""launch"":47,""recovery"":59,""customers"":[13,86,74]},{""drone"":2,""index"":8,""launch"":59,""recovery"":58,""customers"":[97]},{""drone"":2,""index"":9,""launch"":58,""recovery"":20,""customers"":[77,57]},{""drone"":2,""index"":10,""launch"":20,""recovery"":66,""customers"":[21,23,25]},{""drone"":3,""index"":1,""launch"":0,""recovery"":72,""customers"":[90,80,81,54]},{""drone"":3,""index"":2,""launch"":72,""recovery"":70,""customers"":[61,68]},{""drone"":3,""index"":3,""launch"":70,""recovery"":45,""customers"":[6,7]},{""drone"":3,""index"":4,""launch"":45,""recovery"":8,""customers"":[4,2]},{""drone"":3,""index"":5,""launch"":60,""recovery"":59,""customers"":[9,87]},{""drone"":3,""index"":6,""launch"":59,""recovery"":58,""customers"":[75]},{""drone"":3,""index"":7,""launch"":58,""recovery"":24,""customers"":[22]},{""drone"":3,""index"":8,""launch"":24,""recovery"":20,""customers"":[18]},{""drone"":3,""index"":9,""launch"":20,""recovery"":66,""customers"":[49,19,99]},{""drone"":4,""index"":1,""launch"":0,""recovery"":65,""customers"":[69,82,52]}]",,,,,,,,,,,,,,33cae732436e27f2e125a4b852688a3264f8017f2ac4c96951d0a47651527cfc,2a0fe535428ab143204e68dc4c701b62ffcc21d02de86b109500d5df43381994,eef623ccc16a2b3104c00cf4bd8c242ae00c09f257217ef55d5e9034a370d616
rc102改100.xlsx,IALNS-final-frozen-20261002,RC,102,100,130363,0.6,,,,,main_fixed8_full_ialns,4500,True,9268.233544142458,True,1851.7350100435333,1828.739733500057,1797.734375,13.434233600040898,13.40625,4.4899992644786835e-05,0.0,1842.1740120000904,1811.140625,180.0,1390.6116951466515,1.9255322041131786,260.10549730216735,19.092285390601273,406.51218047108745,570.2505124446311,95.46142695300635,4,32,69,31,2.15625,6,6.5026374325541845,74,4500,6.804190500057302,6.625,1855.7551962134526,1821.9355429999996,0.0,"[0, 56, 51, 20, 22, 52, 9, 15, 16, 47, 79, 8, 2, 70, 42, 35, 37, 96, 94, 67, 50, 33, 18, 21, 23, 58, 57, 66, 65, 98, 60, 88, 101]","[{""drone"":1,""index"":1,""launch"":0,""recovery"":56,""customers"":[54,80,91]},{""drone"":1,""index"":2,""launch"":56,""recovery"":51,""customers"":[64,85,63]},{""drone"":1,""index"":3,""launch"":51,""recovery"":20,""customers"":[48]},{""drone"":1,""index"":4,""launch"":20,""recovery"":22,""customers"":[24]},{""drone"":1,""index"":5,""launch"":52,""recovery"":9,""customers"":[97]},{""drone"":1,""index"":6,""launch"":9,""recovery"":15,""customers"":[13]},{""drone"":1,""index"":7,""launch"":15,""recovery"":47,""customers"":[12,14,17]},{""drone"":1,""index"":8,""launch"":47,""recovery"":79,""customers"":[78,73]},{""drone"":1,""index"":9,""launch"":79,""recovery"":8,""customers"":[7,6]},{""drone"":1,""index"":10,""launch"":8,""recovery"":2,""customers"":[45,4]},{""drone"":1,""index"":11,""launch"":70,""recovery"":42,""customers"":[38,40,43,44]},{""drone"":1,""index"":12,""launch"":42,""recovery"":37,""customers"":[41,39]},{""drone"":1,""index"":13,""launch"":37,""recovery"":96,""customers"":[72]},{""drone"":1,""index"":14,""launch"":96,""recovery"":67,""customers"":[81,93,71]},{""drone"":1,""index"":15,""launch"":67,""recovery"":50,""customers"":[84]},{""drone"":1,""index"":16,""launch"":50,""recovery"":33,""customers"":[34]},{""drone"":1,""index"":17,""launch"":21,""recovery"":58,""customers"":[25,77,75]},{""drone"":1,""index"":18,""launch"":58,""recovery"":57,""customers"":[59]},{""drone"":2,""index"":1,""launch"":51,""recovery"":20,""customers"":[76,89]},{""drone"":2,""index"":2,""launch"":52,""recovery"":9,""customers"":[99,53,10,11]},{""drone"":2,""index"":3,""launch"":8,""recovery"":2,""customers"":[46,3,1]},{""drone"":2,""index"":4,""launch"":35,""recovery"":37,""customers"":[36]},{""drone"":2,""index"":5,""launch"":94,""recovery"":67,""customers"":[92]},{""drone"":2,""index"":6,""launch"":50,""recovery"":33,""customers"":[28,27,26]},{""drone"":2,""index"":7,""launch"":18,""recovery"":23,""customers"":[19,49]},{""drone"":3,""index"":1,""launch"":0,""recovery"":52,""customers"":[90,69,82,83]},{""drone"":3,""index"":2,""launch"":52,""recovery"":9,""customers"":[86,74,87]},{""drone"":3,""index"":3,""launch"":8,""recovery"":2,""customers"":[5]},{""drone"":3,""index"":4,""launch"":70,""recovery"":96,""customers"":[100,55,68,61]},{""drone"":3,""index"":5,""launch"":94,""recovery"":67,""customers"":[95,62]},{""drone"":3,""index"":6,""launch"":50,""recovery"":33,""customers"":[32,30]},{""drone"":4,""index"":1,""launch"":51,""recovery"":33,""customers"":[31,29]}]",,,,,,,,,,,,,,33cae732436e27f2e125a4b852688a3264f8017f2ac4c96951d0a47651527cfc,2a0fe535428ab143204e68dc4c701b62ffcc21d02de86b109500d5df43381994,eef623ccc16a2b3104c00cf4bd8c242ae00c09f257217ef55d5e9034a370d616
rc102改100.xlsx,IALNS-final-frozen-20261002,RC,102,100,155921,0.6,,,,,main_fixed8_full_ialns,4500,True,9949.201191246995,True,2121.5891082790263,2064.9447451999877,2055.046875,11.736659800051711,11.71875,4.4599990360438824e-05,0.0,2076.6814496000297,2066.765625,180.0,1390.590070485932,8.98394556149729,523.2007433192822,18.81434891231478,388.6397338985855,748.9028959672518,94.07174456157391,4,35,73,27,2.085714285714286,9,13.080018582982055,83,4500,6.8105201999424025,6.75,2123.1962540860936,2058.1342250000453,0.0,"[0, 70, 55, 69, 82, 83, 64, 85, 33, 34, 72, 37, 35, 42, 4, 8, 79, 60, 47, 16, 15, 59, 58, 24, 66, 92, 94, 98, 101]","[{""drone"":1,""index"":1,""launch"":0,""recovery"":70,""customers"":[81,54,61]},{""drone"":1,""index"":2,""launch"":70,""recovery"":55,""customers"":[6]},{""drone"":1,""index"":3,""launch"":55,""recovery"":69,""customers"":[88]},{""drone"":1,""index"":4,""launch"":64,""recovery"":85,""customers"":[84]},{""drone"":1,""index"":5,""launch"":33,""recovery"":34,""customers"":[28,26,27,29]},{""drone"":1,""index"":6,""launch"":34,""recovery"":72,""customers"":[50,67]},{""drone"":1,""index"":7,""launch"":42,""recovery"":4,""customers"":[44,43,1,45]},{""drone"":1,""index"":8,""launch"":4,""recovery"":8,""customers"":[5]},{""drone"":1,""index"":9,""launch"":79,""recovery"":60,""customers"":[73,78]},{""drone"":1,""index"":10,""launch"":47,""recovery"":15,""customers"":[17,14,12]},{""drone"":1,""index"":11,""launch"":59,""recovery"":24,""customers"":[48,20]},{""drone"":1,""index"":12,""launch"":66,""recovery"":94,""customers"":[95,93]},{""drone"":2,""index"":1,""launch"":70,""recovery"":55,""customers"":[3]},{""drone"":2,""index"":2,""launch"":55,""recovery"":82,""customers"":[53,11,10]},{""drone"":2,""index"":3,""launch"":82,""recovery"":83,""customers"":[99,52,86,74]},{""drone"":2,""index"":4,""launch"":83,""recovery"":64,""customers"":[56]},{""drone"":2,""index"":5,""launch"":64,""recovery"":85,""customers"":[22]},{""drone"":2,""index"":6,""launch"":85,""recovery"":33,""customers"":[76,89]},{""drone"":2,""index"":7,""launch"":34,""recovery"":72,""customers"":[30,31]},{""drone"":2,""index"":8,""launch"":72,""recovery"":42,""customers"":[71,96]},{""drone"":2,""index"":9,""launch"":42,""recovery"":4,""customers"":[2,7,46]},{""drone"":2,""index"":10,""launch"":47,""recovery"":15,""customers"":[9]},{""drone"":2,""index"":11,""launch"":59,""recovery"":58,""customers"":[97]},{""drone"":2,""index"":12,""launch"":58,""recovery"":24,""customers"":[77,25,21]},{""drone"":2,""index"":13,""launch"":66,""recovery"":101,""customers"":[65,68]},{""drone"":3,""index"":1,""launch"":0,""recovery"":69,""customers"":[91,80]},{""drone"":3,""index"":2,""launch"":82,""recovery"":85,""customers"":[51,63]},{""drone"":3,""index"":3,""launch"":85,""recovery"":33,""customers"":[62,32]},{""drone"":3,""index"":4,""launch"":72,""recovery"":37,""customers"":[41,38,39,40,36]},{""drone"":3,""index"":5,""launch"":42,""recovery"":4,""customers"":[100]},{""drone"":3,""index"":6,""launch"":15,""recovery"":58,""customers"":[13,75]},{""drone"":3,""index"":7,""launch"":58,""recovery"":24,""customers"":[23,18,49]},{""drone"":4,""index"":1,""launch"":0,""recovery"":69,""customers"":[90]},{""drone"":4,""index"":2,""launch"":83,""recovery"":59,""customers"":[57,87]},{""drone"":4,""index"":3,""launch"":58,""recovery"":24,""customers"":[19]}]",,,,,,,,,,,,,,33cae732436e27f2e125a4b852688a3264f8017f2ac4c96951d0a47651527cfc,2a0fe535428ab143204e68dc4c701b62ffcc21d02de86b109500d5df43381994,eef623ccc16a2b3104c00cf4bd8c242ae00c09f257217ef55d5e9034a370d616
rc102改100.xlsx,IALNS-final-frozen-20261002,RC,102,100,181081,0.6,,,,,main_fixed8_full_ialns,4500,True,10022.134492144873,True,1790.5939017621774,2335.397060099989,2312.53125,12.145115999970585,12.0625,4.339998122304678e-05,0.0,2347.542219499941,2324.59375,180.0,1299.3485593863068,7.553878269110108,285.9796718235001,17.711792283260607,371.62871199260434,614.8747446949786,88.55896141630303,4,33,68,32,2.0606060606060606,7,7.149491795587503,57,4500,6.372818400035612,6.234375,1793.8826259963257,2329.0242416999536,-2.2737367544323206e-13,"[0, 64, 51, 19, 23, 25, 58, 59, 13, 15, 16, 47, 78, 79, 8, 46, 70, 42, 39, 35, 71, 93, 94, 67, 50, 34, 33, 84, 66, 65, 98, 60, 88, 101]","[{""drone"":1,""index"":1,""launch"":0,""recovery"":64,""customers"":[69,82,83]},{""drone"":1,""index"":2,""launch"":64,""recovery"":51,""customers"":[85,63]},{""drone"":1,""index"":3,""launch"":51,""recovery"":19,""customers"":[76,89,48]},{""drone"":1,""index"":4,""launch"":19,""recovery"":23,""customers"":[22]},{""drone"":1,""index"":5,""launch"":23,""recovery"":25,""customers"":[21]},{""drone"":1,""index"":6,""launch"":25,""recovery"":58,""customers"":[49,20,77]},{""drone"":1,""index"":7,""launch"":58,""recovery"":59,""customers"":[75]},{""drone"":1,""index"":8,""launch"":59,""recovery"":13,""customers"":[87,9]},{""drone"":1,""index"":9,""launch"":47,""recovery"":78,""customers"":[14,12,53]},{""drone"":1,""index"":10,""launch"":78,""recovery"":8,""customers"":[6,7]},{""drone"":1,""index"":11,""launch"":8,""recovery"":46,""customers"":[4]},{""drone"":1,""index"":12,""launch"":46,""recovery"":70,""customers"":[5]},{""drone"":1,""index"":13,""launch"":70,""recovery"":42,""customers"":[72]},{""drone"":1,""index"":14,""launch"":42,""recovery"":39,""customers"":[44,43,40]},{""drone"":1,""index"":15,""launch"":39,""recovery"":35,""customers"":[37]},{""drone"":1,""index"":16,""launch"":35,""recovery"":71,""customers"":[36,96]},{""drone"":1,""index"":17,""launch"":71,""recovery"":34,""customers"":[30,32]},{""drone"":1,""index"":18,""launch"":34,""recovery"":33,""customers"":[27,26,28]},{""drone"":1,""index"":19,""launch"":66,""recovery"":98,""customers"":[57,99]},{""drone"":2,""index"":1,""launch"":0,""recovery"":64,""customers"":[80,56]},{""drone"":2,""index"":2,""launch"":51,""recovery"":34,""customers"":[62,31,29]},{""drone"":3,""index"":1,""launch"":0,""recovery"":64,""customers"":[81,54,91]},{""drone"":3,""index"":2,""launch"":19,""recovery"":23,""customers"":[24]},{""drone"":3,""index"":3,""launch"":25,""recovery"":59,""customers"":[18,74]},{""drone"":3,""index"":4,""launch"":59,""recovery"":13,""customers"":[97]},{""drone"":3,""index"":5,""launch"":47,""recovery"":78,""customers"":[17,73]},{""drone"":3,""index"":6,""launch"":79,""recovery"":46,""customers"":[2,1,3,45]},{""drone"":3,""index"":7,""launch"":70,""recovery"":88,""customers"":[68,90,55]},{""drone"":4,""index"":1,""launch"":58,""recovery"":13,""customers"":[86,52,10,11]},{""drone"":4,""index"":2,""launch"":8,""recovery"":70,""customers"":[100]},{""drone"":4,""index"":3,""launch"":70,""recovery"":39,""customers"":[61,41,38]},{""drone"":4,""index"":4,""launch"":94,""recovery"":67,""customers"":[92]},{""drone"":4,""index"":5,""launch"":67,""recovery"":84,""customers"":[95]}]",,,,,,,,,,,,,,33cae732436e27f2e125a4b852688a3264f8017f2ac4c96951d0a47651527cfc,2a0fe535428ab143204e68dc4c701b62ffcc21d02de86b109500d5df43381994,eef623ccc16a2b3104c00cf4bd8c242ae00c09f257217ef55d5e9034a370d616
rc102改100.xlsx,IALNS-final-frozen-20261002,RC,102,100,206369,0.6,,,,,main_fixed8_full_ialns,4500,True,10206.745968196308,True,1788.9167359347944,2003.5829116000095,1923.078125,12.870347399963066,12.234375,4.2499974370002747e-05,0.0,2016.453301499947,1935.3125,180.0,1330.9585223053311,0.0,259.8791000007575,18.079113628705812,376.5792366233914,670.7360414505229,90.39556814352906,4,36,72,28,2.0,6,6.496977500018938,107,4500,5.924590900074691,5.703125,1790.7003936263773,1997.6583206999348,0.0,"[0, 64, 51, 24, 58, 59, 13, 15, 16, 47, 79, 8, 2, 70, 42, 40, 36, 35, 93, 94, 67, 50, 33, 20, 66, 65, 98, 60, 88, 101]","[{""drone"":1,""index"":1,""launch"":0,""recovery"":64,""customers"":[54,91]},{""drone"":1,""index"":2,""launch"":64,""recovery"":51,""customers"":[85,63]},{""drone"":1,""index"":3,""launch"":51,""recovery"":24,""customers"":[89]},{""drone"":1,""index"":4,""launch"":24,""recovery"":58,""customers"":[22]},{""drone"":1,""index"":5,""launch"":58,""recovery"":59,""customers"":[75]},{""drone"":1,""index"":6,""launch"":59,""recovery"":13,""customers"":[86,52,99,9]},{""drone"":1,""index"":7,""launch"":15,""recovery"":47,""customers"":[12,14,17]},{""drone"":1,""index"":8,""launch"":47,""recovery"":79,""customers"":[53,78,73]},{""drone"":1,""index"":9,""launch"":8,""recovery"":2,""customers"":[46,5]},{""drone"":1,""index"":10,""launch"":2,""recovery"":42,""customers"":[41,38,39]},{""drone"":1,""index"":11,""launch"":42,""recovery"":40,""customers"":[44,43]},{""drone"":1,""index"":12,""launch"":40,""recovery"":36,""customers"":[37]},{""drone"":1,""index"":13,""launch"":93,""recovery"":94,""customers"":[96]},{""drone"":1,""index"":14,""launch"":94,""recovery"":67,""customers"":[92]},{""drone"":1,""index"":15,""launch"":67,""recovery"":50,""customers"":[84]},{""drone"":1,""index"":16,""launch"":50,""recovery"":33,""customers"":[32,27,26,28]},{""drone"":1,""index"":17,""launch"":20,""recovery"":65,""customers"":[57]},{""drone"":2,""index"":1,""launch"":0,""recovery"":64,""customers"":[80,83]},{""drone"":2,""index"":2,""launch"":64,""recovery"":51,""customers"":[56]},{""drone"":2,""index"":3,""launch"":51,""recovery"":24,""customers"":[19]},{""drone"":2,""index"":4,""launch"":24,""recovery"":58,""customers"":[21,23,25]},{""drone"":2,""index"":5,""launch"":58,""recovery"":13,""customers"":[77,74,87]},{""drone"":2,""index"":6,""launch"":13,""recovery"":15,""customers"":[10,11]},{""drone"":2,""index"":7,""launch"":47,""recovery"":8,""customers"":[7,6]},{""drone"":2,""index"":8,""launch"":8,""recovery"":2,""customers"":[4]},{""drone"":2,""index"":9,""launch"":2,""recovery"":70,""customers"":[45,3,1]},{""drone"":2,""index"":10,""launch"":42,""recovery"":93,""customers"":[72]},{""drone"":2,""index"":11,""launch"":94,""recovery"":50,""customers"":[95,62]},{""drone"":2,""index"":12,""launch"":50,""recovery"":33,""customers"":[34]},{""drone"":2,""index"":13,""launch"":20,""recovery"":66,""customers"":[49,18]},{""drone"":3,""index"":1,""launch"":51,""recovery"":24,""customers"":[76,48]},{""drone"":3,""index"":2,""launch"":58,""recovery"":59,""customers"":[97]},{""drone"":3,""index"":3,""launch"":2,""recovery"":70,""customers"":[55,100]},{""drone"":3,""index"":4,""launch"":70,""recovery"":93,""customers"":[68,61,81,71]},{""drone"":3,""index"":5,""launch"":93,""recovery"":33,""customers"":[31,29,30]},{""drone"":4,""index"":1,""launch"":0,""recovery"":65,""customers"":[90,69,82]}]",,,,,,,,,,,,,,33cae732436e27f2e125a4b852688a3264f8017f2ac4c96951d0a47651527cfc,2a0fe535428ab143204e68dc4c701b62ffcc21d02de86b109500d5df43381994,eef623ccc16a2b3104c00cf4bd8c242ae00c09f257217ef55d5e9034a370d616
rc102改100.xlsx,IALNS-final-frozen-20261002,RC,102,100,231779,0.6,,,,,main_fixed8_full_ialns,4500,True,9042.371104506174,True,2055.532550127441,1933.786871899967,1927.921875,12.587978500057943,12.546875,4.329998046159744e-05,0.0,1946.3748937000055,1940.46875,180.0,1355.0959487232199,0.0,501.9546846359201,18.481916768300835,388.23050103154367,634.6814854286298,92.40958384150417,4,32,71,29,2.21875,10,12.548867115898002,70,4500,6.590080800000578,6.5625,2057.21655447795,1927.1967910999665,0.0,"[0, 85, 94, 37, 35, 39, 42, 70, 2, 8, 79, 47, 16, 15, 13, 59, 58, 25, 23, 21, 48, 18, 33, 34, 67, 92, 66, 98, 60, 88, 101]","[{""drone"":1,""index"":1,""launch"":0,""recovery"":85,""customers"":[83,64,51]},{""drone"":1,""index"":2,""launch"":85,""recovery"":94,""customers"":[76,95]},{""drone"":1,""index"":3,""launch"":94,""recovery"":37,""customers"":[93,96,54,38]},{""drone"":1,""index"":4,""launch"":37,""recovery"":39,""customers"":[72]},{""drone"":1,""index"":5,""launch"":39,""recovery"":70,""customers"":[41,81,61]},{""drone"":1,""index"":6,""launch"":70,""recovery"":2,""customers"":[100,55]},{""drone"":1,""index"":7,""launch"":2,""recovery"":8,""customers"":[1,3,45,46]},{""drone"":1,""index"":8,""launch"":79,""recovery"":47,""customers"":[73,12,11,17]},{""drone"":1,""index"":9,""launch"":47,""recovery"":15,""customers"":[14]},{""drone"":1,""index"":10,""launch"":15,""recovery"":59,""customers"":[52,87]},{""drone"":1,""index"":11,""launch"":59,""recovery"":58,""customers"":[97]},{""drone"":1,""index"":12,""launch"":58,""recovery"":21,""customers"":[77,20,49]},{""drone"":1,""index"":13,""launch"":21,""recovery"":18,""customers"":[19]},{""drone"":1,""index"":14,""launch"":18,""recovery"":33,""customers"":[89]},{""drone"":1,""index"":15,""launch"":33,""recovery"":34,""customers"":[28,26,27]},{""drone"":1,""index"":16,""launch"":34,""recovery"":67,""customers"":[50]},{""drone"":1,""index"":17,""launch"":67,""recovery"":92,""customers"":[84]},{""drone"":2,""index"":1,""launch"":0,""recovery"":70,""customers"":[90,82,69,68]},{""drone"":2,""index"":2,""launch"":70,""recovery"":2,""customers"":[6,7]},{""drone"":2,""index"":3,""launch"":2,""recovery"":8,""customers"":[4]},{""drone"":2,""index"":4,""launch"":79,""recovery"":47,""customers"":[53,78]},{""drone"":2,""index"":5,""launch"":47,""recovery"":59,""customers"":[10,9,86,74]},{""drone"":2,""index"":6,""launch"":59,""recovery"":58,""customers"":[75]},{""drone"":2,""index"":7,""launch"":58,""recovery"":25,""customers"":[22]},{""drone"":2,""index"":8,""launch"":25,""recovery"":18,""customers"":[24]},{""drone"":2,""index"":9,""launch"":33,""recovery"":34,""customers"":[30]},{""drone"":3,""index"":1,""launch"":0,""recovery"":85,""customers"":[80,56,63]},{""drone"":3,""index"":2,""launch"":85,""recovery"":34,""customers"":[62,32,29,31]},{""drone"":4,""index"":1,""launch"":0,""recovery"":94,""customers"":[91,71]},{""drone"":4,""index"":2,""launch"":35,""recovery"":42,""customers"":[36,40,43,44]},{""drone"":4,""index"":3,""launch"":2,""recovery"":8,""customers"":[5]},{""drone"":4,""index"":4,""launch"":25,""recovery"":66,""customers"":[57,99,65]}]",,,,,,,,,,,,,,33cae732436e27f2e125a4b852688a3264f8017f2ac4c96951d0a47651527cfc,2a0fe535428ab143204e68dc4c701b62ffcc21d02de86b109500d5df43381994,eef623ccc16a2b3104c00cf4bd8c242ae00c09f257217ef55d5e9034a370d616
rc102改100.xlsx,IALNS-final-frozen-20261002,RC,102,100,257053,0.6,,,,,main_fixed8_full_ialns,4500,True,9275.555621437194,True,1943.7889826518767,2012.0384573000483,2006.234375,12.385527400067076,12.375,4.2800093069672585e-05,0.0,2024.4240275002085,2018.609375,180.0,1335.9024016899089,14.141408183272777,395.6018317333263,18.143341045368686,377.78963847130336,675.1116209199959,90.71670522684343,4,32,69,31,2.15625,6,9.890045793333158,61,4500,6.974862099974416,6.953125,1975.9513458991335,2005.063595200074,0.0,"[0, 64, 83, 99, 10, 11, 15, 16, 47, 79, 8, 2, 70, 42, 35, 37, 72, 94, 67, 50, 33, 18, 21, 23, 25, 58, 57, 66, 65, 98, 60, 88, 101]","[{""drone"":1,""index"":1,""launch"":0,""recovery"":64,""customers"":[81,54,91]},{""drone"":1,""index"":2,""launch"":64,""recovery"":83,""customers"":[56,90]},{""drone"":1,""index"":3,""launch"":83,""recovery"":99,""customers"":[52,87]},{""drone"":1,""index"":4,""launch"":99,""recovery"":11,""customers"":[86,74,13]},{""drone"":1,""index"":5,""launch"":47,""recovery"":79,""customers"":[78,73]},{""drone"":1,""index"":6,""launch"":8,""recovery"":2,""customers"":[5,45]},{""drone"":1,""index"":7,""launch"":2,""recovery"":70,""customers"":[3,1,100]},{""drone"":1,""index"":8,""launch"":70,""recovery"":42,""customers"":[61,41,38,39]},{""drone"":1,""index"":9,""launch"":42,""recovery"":37,""customers"":[44,43,40,36]},{""drone"":1,""index"":10,""launch"":72,""recovery"":94,""customers"":[71,93,92]},{""drone"":1,""index"":11,""launch"":67,""recovery"":50,""customers"":[84]},{""drone"":1,""index"":12,""launch"":50,""recovery"":18,""customers"":[20,49,48]},{""drone"":1,""index"":13,""launch"":18,""recovery"":21,""customers"":[19]},{""drone"":1,""index"":14,""launch"":21,""recovery"":58,""customers"":[77,75]},{""drone"":1,""index"":15,""launch"":58,""recovery"":57,""customers"":[59]},{""drone"":1,""index"":16,""launch"":98,""recovery"":101,""customers"":[68]},{""drone"":2,""index"":1,""launch"":0,""recovery"":64,""customers"":[80,51]},{""drone"":2,""index"":2,""launch"":64,""recovery"":99,""customers"":[22]},{""drone"":2,""index"":3,""launch"":11,""recovery"":47,""customers"":[12,14,17]},{""drone"":2,""index"":4,""launch"":79,""recovery"":2,""customers"":[7,6]},{""drone"":2,""index"":5,""launch"":70,""recovery"":94,""customers"":[55,69,96]},{""drone"":2,""index"":6,""launch"":94,""recovery"":67,""customers"":[95,62]},{""drone"":2,""index"":7,""launch"":50,""recovery"":33,""customers"":[34]},{""drone"":2,""index"":8,""launch"":33,""recovery"":18,""customers"":[89]},{""drone"":2,""index"":9,""launch"":18,""recovery"":25,""customers"":[24]},{""drone"":2,""index"":10,""launch"":25,""recovery"":58,""customers"":[97]},{""drone"":3,""index"":1,""launch"":64,""recovery"":83,""customers"":[85]},{""drone"":3,""index"":2,""launch"":99,""recovery"":11,""customers"":[82,53,9]},{""drone"":3,""index"":3,""launch"":8,""recovery"":2,""customers"":[46,4]},{""drone"":3,""index"":4,""launch"":94,""recovery"":33,""customers"":[31,29,30]},{""drone"":4,""index"":1,""launch"":64,""recovery"":50,""customers"":[76,63]},{""drone"":4,""index"":2,""launch"":50,""recovery"":33,""customers"":[32,27,26,28]}]",,,,,,,,,,,,,,33cae732436e27f2e125a4b852688a3264f8017f2ac4c96951d0a47651527cfc,2a0fe535428ab143204e68dc4c701b62ffcc21d02de86b109500d5df43381994,eef623ccc16a2b3104c00cf4bd8c242ae00c09f257217ef55d5e9034a370d616
rc102改100.xlsx,IALNS-final-frozen-20261002,RC,102,100,282427,0.6,,,,,main_fixed8_full_ialns,4500,True,8297.515189273907,True,1837.1318911319356,1812.4114707999397,1807.71875,12.153959499904886,12.0625,5.45999500900507e-05,0.0,1824.5654848997947,1819.78125,180.0,1387.9683890645524,1.9793551349326706,248.13742275640544,19.04672417604531,405.1429370552738,575.1319263291025,95.23362088022654,4,30,69,31,2.3,5,6.203435568910136,60,4500,5.607463099993765,5.609375,1843.583523995591,1806.804007699946,-2.2737367544323206e-13,"[0, 56, 51, 20, 52, 9, 15, 16, 47, 79, 8, 2, 70, 42, 36, 35, 72, 94, 67, 50, 33, 18, 21, 23, 25, 58, 57, 66, 65, 98, 60, 88, 101]","[{""drone"":1,""index"":1,""launch"":0,""recovery"":98,""customers"":[90,82,69]},{""drone"":2,""index"":1,""launch"":0,""recovery"":56,""customers"":[54,80,91]},{""drone"":2,""index"":2,""launch"":56,""recovery"":51,""customers"":[64,85,63]},{""drone"":2,""index"":3,""launch"":51,""recovery"":20,""customers"":[48]},{""drone"":2,""index"":4,""launch"":20,""recovery"":52,""customers"":[22,83]},{""drone"":2,""index"":5,""launch"":52,""recovery"":9,""customers"":[99,86,74,87]},{""drone"":2,""index"":6,""launch"":9,""recovery"":15,""customers"":[10,11,13]},{""drone"":2,""index"":7,""launch"":47,""recovery"":79,""customers"":[78,73]},{""drone"":2,""index"":8,""launch"":79,""recovery"":8,""customers"":[7,45,3]},{""drone"":2,""index"":9,""launch"":8,""recovery"":2,""customers"":[46,4]},{""drone"":2,""index"":10,""launch"":2,""recovery"":42,""customers"":[41,38,39]},{""drone"":2,""index"":11,""launch"":42,""recovery"":36,""customers"":[44,43,40]},{""drone"":2,""index"":12,""launch"":36,""recovery"":35,""customers"":[37]},{""drone"":2,""index"":13,""launch"":72,""recovery"":94,""customers"":[81,96]},{""drone"":2,""index"":14,""launch"":67,""recovery"":50,""customers"":[84]},{""drone"":2,""index"":15,""launch"":50,""recovery"":33,""customers"":[27,26,28,32]},{""drone"":2,""index"":16,""launch"":18,""recovery"":23,""customers"":[19,49]},{""drone"":2,""index"":17,""launch"":58,""recovery"":57,""customers"":[59]},{""drone"":3,""index"":1,""launch"":51,""recovery"":33,""customers"":[31,29,30]},{""drone"":3,""index"":2,""launch"":21,""recovery"":58,""customers"":[77,75]},{""drone"":4,""index"":1,""launch"":51,""recovery"":20,""customers"":[76,89]},{""drone"":4,""index"":2,""launch"":20,""recovery"":52,""customers"":[24]},{""drone"":4,""index"":3,""launch"":52,""recovery"":9,""customers"":[97]},{""drone"":4,""index"":4,""launch"":15,""recovery"":47,""customers"":[12,14,17]},{""drone"":4,""index"":5,""launch"":47,""recovery"":8,""customers"":[53,6]},{""drone"":4,""index"":6,""launch"":8,""recovery"":2,""customers"":[5,1]},{""drone"":4,""index"":7,""launch"":70,""recovery"":72,""customers"":[100,55,68,61]},{""drone"":4,""index"":8,""launch"":72,""recovery"":67,""customers"":[71,93,92]},{""drone"":4,""index"":9,""launch"":67,""recovery"":50,""customers"":[95,62]},{""drone"":4,""index"":10,""launch"":50,""recovery"":33,""customers"":[34]}]",,,,,,,,,,,,,,33cae732436e27f2e125a4b852688a3264f8017f2ac4c96951d0a47651527cfc,2a0fe535428ab143204e68dc4c701b62ffcc21d02de86b109500d5df43381994,eef623ccc16a2b3104c00cf4bd8c242ae00c09f257217ef55d5e9034a370d616
rc102改100.xlsx,IALNS-final-frozen-20261002,RC,102,100,307831,0.6,,,,,main_fixed8_full_ialns,4500,True,9906.860610521382,True,1943.6026674920238,2000.740017300006,1932.921875,11.546464600018226,11.140625,4.3199979700148106e-05,0.0,2012.286525100004,1944.0625,180.0,1329.122388768463,17.92068134399194,398.43121598195523,18.128381397613502,380.8350741823609,622.0572207379337,90.6419069880675,4,31,69,31,2.225806451612903,6,9.96078039954888,80,4500,5.671711400034837,5.546875,1946.6450972632729,1995.0683058999712,0.0,"[0, 64, 83, 52, 11, 15, 16, 47, 79, 8, 46, 4, 70, 42, 39, 36, 35, 72, 93, 94, 67, 50, 33, 18, 21, 58, 57, 66, 65, 98, 60, 88, 101]","[{""drone"":1,""index"":1,""launch"":0,""recovery"":64,""customers"":[81,54,91]},{""drone"":1,""index"":2,""launch"":64,""recovery"":83,""customers"":[51,20]},{""drone"":1,""index"":3,""launch"":83,""recovery"":52,""customers"":[22]},{""drone"":1,""index"":4,""launch"":52,""recovery"":11,""customers"":[86,74,87]},{""drone"":1,""index"":5,""launch"":11,""recovery"":16,""customers"":[9,13]},{""drone"":1,""index"":6,""launch"":47,""recovery"":79,""customers"":[17,78,73]},{""drone"":1,""index"":7,""launch"":79,""recovery"":4,""customers"":[7,6]},{""drone"":1,""index"":8,""launch"":4,""recovery"":70,""customers"":[2,69,55,100]},{""drone"":1,""index"":9,""launch"":70,""recovery"":39,""customers"":[68,61,41,38]},{""drone"":1,""index"":10,""launch"":39,""recovery"":36,""customers"":[37]},{""drone"":1,""index"":11,""launch"":36,""recovery"":93,""customers"":[40,43,44,71]},{""drone"":1,""index"":12,""launch"":93,""recovery"":94,""customers"":[96]},{""drone"":1,""index"":13,""launch"":94,""recovery"":67,""customers"":[92]},{""drone"":1,""index"":14,""launch"":67,""recovery"":50,""customers"":[84]},{""drone"":1,""index"":15,""launch"":50,""recovery"":33,""customers"":[32,28,27,26]},{""drone"":1,""index"":16,""launch"":33,""recovery"":18,""customers"":[89]},{""drone"":1,""index"":17,""launch"":21,""recovery"":58,""customers"":[23,25,77,75]},{""drone"":1,""index"":18,""launch"":58,""recovery"":57,""customers"":[59]},{""drone"":1,""index"":19,""launch"":66,""recovery"":65,""customers"":[95,80]},{""drone"":2,""index"":1,""launch"":64,""recovery"":18,""customers"":[76,48]},{""drone"":2,""index"":2,""launch"":18,""recovery"":21,""customers"":[19,49]},{""drone"":2,""index"":3,""launch"":21,""recovery"":57,""customers"":[24]},{""drone"":3,""index"":1,""launch"":64,""recovery"":83,""customers"":[56]},{""drone"":3,""index"":2,""launch"":83,""recovery"":52,""customers"":[90,82,99]},{""drone"":3,""index"":3,""launch"":52,""recovery"":11,""customers"":[97]},{""drone"":3,""index"":4,""launch"":11,""recovery"":47,""customers"":[10,53,12,14]},{""drone"":3,""index"":5,""launch"":8,""recovery"":4,""customers"":[5]},{""drone"":3,""index"":6,""launch"":4,""recovery"":70,""customers"":[45,3,1]},{""drone"":3,""index"":7,""launch"":93,""recovery"":33,""customers"":[31,29,30]},{""drone"":4,""index"":1,""launch"":64,""recovery"":50,""customers"":[85,63,62]},{""drone"":4,""index"":2,""launch"":50,""recovery"":33,""customers"":[34]}]",,,,,,,,,,,,,,33cae732436e27f2e125a4b852688a3264f8017f2ac4c96951d0a47651527cfc,2a0fe535428ab143204e68dc4c701b62ffcc21d02de86b109500d5df43381994,eef623ccc16a2b3104c00cf4bd8c242ae00c09f257217ef55d5e9034a370d616
rc102改100.xlsx,IALNS-final-frozen-20261002,RC,102,100,333287,0.6,,,,,main_fixed8_full_ialns,4500,True,9089.490101969417,True,1715.489966397388,2295.729111399967,2219.671875,12.318311400013044,11.9375,4.229997284710407e-05,0.0,2308.047465099953,2231.609375,180.0,1338.2211229728582,3.5084792116954038,175.5500485796921,18.210315633142216,380.7287162225369,653.4499143508256,91.05157816571108,4,33,71,29,2.1515151515151514,7,4.388751214492302,99,4500,6.181028499966487,6.0,1717.7703486652829,2289.5480829000007,0.0,"[0, 56, 51, 20, 24, 58, 87, 9, 15, 16, 47, 79, 8, 2, 70, 42, 36, 35, 37, 93, 94, 67, 50, 33, 49, 66, 65, 98, 60, 88, 101]","[{""drone"":1,""index"":1,""launch"":0,""recovery"":56,""customers"":[83,64]},{""drone"":1,""index"":2,""launch"":56,""recovery"":51,""customers"":[85,63]},{""drone"":1,""index"":3,""launch"":51,""recovery"":20,""customers"":[76,48]},{""drone"":1,""index"":4,""launch"":20,""recovery"":24,""customers"":[22]},{""drone"":1,""index"":5,""launch"":58,""recovery"":87,""customers"":[74,86]},{""drone"":1,""index"":6,""launch"":87,""recovery"":9,""customers"":[52,99,82]},{""drone"":1,""index"":7,""launch"":15,""recovery"":47,""customers"":[14]},{""drone"":1,""index"":8,""launch"":47,""recovery"":79,""customers"":[12,53,78]},{""drone"":1,""index"":9,""launch"":79,""recovery"":8,""customers"":[7]},{""drone"":1,""index"":10,""launch"":8,""recovery"":2,""customers"":[5,45]},{""drone"":1,""index"":11,""launch"":2,""recovery"":37,""customers"":[43,39,38]},{""drone"":1,""index"":12,""launch"":37,""recovery"":93,""customers"":[81,96]},{""drone"":1,""index"":13,""launch"":93,""recovery"":67,""customers"":[71,92]},{""drone"":1,""index"":14,""launch"":67,""recovery"":50,""customers"":[84]},{""drone"":1,""index"":15,""launch"":50,""recovery"":33,""customers"":[34]},{""drone"":1,""index"":16,""launch"":49,""recovery"":65,""customers"":[21,57]},{""drone"":2,""index"":1,""launch"":0,""recovery"":56,""customers"":[54,80,91]},{""drone"":2,""index"":2,""launch"":20,""recovery"":24,""customers"":[19]},{""drone"":2,""index"":3,""launch"":58,""recovery"":87,""customers"":[97]},{""drone"":2,""index"":4,""launch"":87,""recovery"":9,""customers"":[59]},{""drone"":2,""index"":5,""launch"":15,""recovery"":8,""customers"":[17,73,6]},{""drone"":2,""index"":6,""launch"":8,""recovery"":2,""customers"":[3,1]},{""drone"":2,""index"":7,""launch"":70,""recovery"":42,""customers"":[61,41,40,44]},{""drone"":2,""index"":8,""launch"":42,""recovery"":93,""customers"":[72]},{""drone"":2,""index"":9,""launch"":93,""recovery"":67,""customers"":[62,95]},{""drone"":2,""index"":10,""launch"":50,""recovery"":33,""customers"":[32,27,26,28]},{""drone"":2,""index"":11,""launch"":49,""recovery"":66,""customers"":[18,23,25]},{""drone"":3,""index"":1,""launch"":51,""recovery"":24,""customers"":[89]},{""drone"":3,""index"":2,""launch"":58,""recovery"":87,""customers"":[77,75]},{""drone"":3,""index"":3,""launch"":9,""recovery"":47,""customers"":[13,10,11]},{""drone"":3,""index"":4,""launch"":8,""recovery"":2,""customers"":[46,4]},{""drone"":3,""index"":5,""launch"":70,""recovery"":98,""customers"":[100,55,68,90,69]},{""drone"":4,""index"":1,""launch"":51,""recovery"":33,""customers"":[31,29,30]}]",,,,,,,,,,,,,,33cae732436e27f2e125a4b852688a3264f8017f2ac4c96951d0a47651527cfc,2a0fe535428ab143204e68dc4c701b62ffcc21d02de86b109500d5df43381994,eef623ccc16a2b3104c00cf4bd8c242ae00c09f257217ef55d5e9034a370d616
